Workbook

Sheet Tubex_Dashboard
B2: TUBEX — October 2026 Month to Date Report
B3: Report Date: | H3: =TODAY() -> 46316
B5: TUBE | C5: =MAX(Production_Log!$A$3:$A$8961) -> 46315 | D5: TUBE — MTD | G5: TUBE — REJECT % | J5: Dispatch — MTD | M5: Press & Printing Downtime – MTD (Tubes)
B6: =SUMPRODUCT((Production_Log!$A$3:$A$8961=MAX(Production_Log!$A$3:$A$8961))*(LEFT(Production_Log!$B$3:$B$8961,5)="Print")*(ISERROR(SEARCH("(Varnish)",Production_Log!$D$3:$D$8961)))*Production_Log!$H$3:$H$8961) -> 23086 | D6: =SUMIF($B$11:$B$68,"TUBE",$H$11:$H$68) -> 257602 | G6: {=IFERROR(SUMPRODUCT((Production_Log!$F$3:$F$8961<>0)*(LEFT(Production_Log!$B$3:$B$8961,5)="Print")*(ISERROR(SEARCH("(Varnish)",Production_Log!$D$3:$D$8961)))*Production_Log!$I$3:$I$8961)/SUMPRODUCT((Production_Log!$F$3:$F$8961<>0)*(LEFT(Production_Log!$B$3:$B$8961,5)="Print")*(ISERROR(SEARCH("(Varnish)",Production_Log!$D$3:$D$8961)))*(Production_Log!$H$3:$H$8961+Production_Log!$I$3:$I$8961)),"-")} -> 0.030010694 | J6: =SUMIF($B$11:$B$68,"TUBE",$K$11:$K$68) -> 215199 | M6: Category | N6: Hours (MTD) | O6: % Share
B7: PET | C7: =MAX(Production_Log!$A$3:$A$8961) -> 46315 | D7: PET — MTD | G7: PET — REJECT % | J7: Dispatch — MTD | L7: PET Shifts | M7: Material Shortage | N7: =SUMPRODUCT(((LEFT(Production_Log!$B$3:$B$1000,5)="Press")+(LEFT(Production_Log!$B$3:$B$1000,5)="Print")+(LEFT(Production_Log!$B$3:$B$1000,5)="PLINE"))*Production_Log!$M$3:$M$1000)/60 -> 45.333333 | O7: =IFERROR(N7/$N$10,"") -> 0.55623722
B8: =SUMPRODUCT((Production_Log!$A$3:$A$8961=MAX(Production_Log!$A$3:$A$8961))*(Production_Log!$B$3:$B$8961="PF Machine")*Production_Log!$H$3:$H$8961) -> 5980 | D8: =SUMIF($B$11:$B$68,"PET",$H$11:$H$68) -> 132160 | G8: {=IFERROR(SUMPRODUCT((Production_Log!$B$3:$B$8961="PF Machine")*Production_Log!$I$3:$I$8961)/SUMPRODUCT((Production_Log!$B$3:$B$8961="PF Machine")*(Production_Log!$H$3:$H$8961+Production_Log!$I$3:$I$8961)),0)} -> 0.25665111 | J8: =SUMIF($B$11:$B$68,"PET",$K$11:$K$68) -> 151990 | L8: A+B (8+8) | M8: Mechanical | N8: =SUMPRODUCT(((LEFT(Production_Log!$B$3:$B$1000,5)="Press")+(LEFT(Production_Log!$B$3:$B$1000,5)="Print")+(LEFT(Production_Log!$B$3:$B$1000,5)="PLINE"))*Production_Log!$K$3:$K$1000)/60 -> 28.166667 | O8: =IFERROR(N8/$N$10,"") -> 0.34560327
B9: Summary of Production & Dispatch - MTD | M9: Changeover | N9: =SUMPRODUCT(((LEFT(Production_Log!$B$3:$B$1000,5)="Press")+(LEFT(Production_Log!$B$3:$B$1000,5)="Print")+(LEFT(Production_Log!$B$3:$B$1000,5)="PLINE"))*Production_Log!$N$3:$N$1000)/60 -> 8 | O9: =IFERROR(N9/$N$10,"") -> 0.098159509
B10: Type | C10: Customer | D10: Product Name | E10: Dia | F10: Prod ID | G10: Orders | H10: MTD Produced | I10: Remaining | J10: Compliance | K10: Dispatch | L10: Remarks | M10: TOTAL | N10: =SUM(N7:N9) -> 81.5 | O10: 100%
B11: TUBE | C11: Mablay Beauty PVT LTD. | D11: VINCE HIS ONLY BEARD & MUSTACHE COLOR CREAM | E11: 20.5 | F11: 6077 | G11: =IFERROR(INDEX(MRP!$F$3:$F$150,MATCH(F11,MRP!$D$3:$D$150,0)),0) -> 22000 | H11: =SUMPRODUCT((Production_Log!$F$3:$F$1000=F11)*((LEFT(Production_Log!$B$3:$B$1000,5)="Print")+(LEFT(Production_Log!$B$3:$B$1000,5)="PLINE"))*(ISERROR(SEARCH("(Varnish)",Production_Log!$D$3:$D$1000)))*Production_Log!$H$3:$H$1000) -> 0 | I11: =G11-H11 -> 22000 | J11: =IF(G11=0,"-",H11/G11) -> 0
B12: TUBE | C12: Samsol International Private Limited | D12: TUBES COMMON RED | E12: 25 | F12: 6470 | G12: =IFERROR(INDEX(MRP!$F$3:$F$150,MATCH(F12,MRP!$D$3:$D$150,0)),0) -> 30000 | H12: =SUMPRODUCT((Production_Log!$F$3:$F$1000=F12)*((LEFT(Production_Log!$B$3:$B$1000,5)="Print")+(LEFT(Production_Log!$B$3:$B$1000,5)="PLINE"))*(ISERROR(SEARCH("(Varnish)",Production_Log!$D$3:$D$1000)))*Production_Log!$H$3:$H$1000) -> 0 | I12: =G12-H12 -> 30000 | J12: =IF(G12=0,"-",H12/G12) -> 0 | L12: Order Not Approved | M12: PF Machine Downtime – MTD (PET)
B13: TUBE | C13: Mablay Beauty PVT LTD. | D13: VINCE NURTURAL | E13: 30 | F13: 5814 | G13: =IFERROR(INDEX(MRP!$F$3:$F$150,MATCH(F13,MRP!$D$3:$D$150,0)),0) -> 50000 | H13: =SUMPRODUCT((Production_Log!$F$3:$F$1000=F13)*((LEFT(Production_Log!$B$3:$B$1000,5)="Print")+(LEFT(Production_Log!$B$3:$B$1000,5)="PLINE"))*(ISERROR(SEARCH("(Varnish)",Production_Log!$D$3:$D$1000)))*Production_Log!$H$3:$H$1000) -> 49742 | I13: =G13-H13 -> 258 | J13: =IF(G13=0,"-",H13/G13) -> 0.99484 | K13: 47793 | L13: Order Complete | M13: Category | N13: Hours (MTD) | O13: % Share
B14: TUBE | C14: Golden Pearl Cosmetics (PVT) LTD | D14: HELLO HAIR COLOR | E14: 30 | F14: 6206 | G14: =IFERROR(INDEX(MRP!$F$3:$F$150,MATCH(F14,MRP!$D$3:$D$150,0)),0) -> 389418 | H14: =SUMPRODUCT((Production_Log!$F$3:$F$1000=F14)*((LEFT(Production_Log!$B$3:$B$1000,5)="Print")+(LEFT(Production_Log!$B$3:$B$1000,5)="PLINE"))*(ISERROR(SEARCH("(Varnish)",Production_Log!$D$3:$D$1000)))*Production_Log!$H$3:$H$1000) -> 149188 | I14: =G14-H14 -> 240230 | J14: =IF(G14=0,"-",H14/G14) -> 0.38310504 | K14: 110432 | M14: Compressor Issue | N14: =SUMPRODUCT(((LEFT(Production_Log!$B$3:$B$1000,2)="PF")+(LEFT(Production_Log!$B$3:$B$1000,3)="PET"))*Production_Log!$S$3:$S$1000)/60 -> 38 | O14: =IFERROR(N14/$N$20,"") -> 0.40425532
B15: TUBE | C15: Hola Hair | D15: H.H 100GM | E15: 32 | F15: 6515 | G15: =IFERROR(INDEX(MRP!$F$3:$F$150,MATCH(F15,MRP!$D$3:$D$150,0)),0) -> 172336 | H15: =SUMPRODUCT((Production_Log!$F$3:$F$1000=F15)*((LEFT(Production_Log!$B$3:$B$1000,5)="Print")+(LEFT(Production_Log!$B$3:$B$1000,5)="PLINE"))*(ISERROR(SEARCH("(Varnish)",Production_Log!$D$3:$D$1000)))*Production_Log!$H$3:$H$1000) -> 58672 | I15: =G15-H15 -> 113664 | J15: =IF(G15=0,"-",H15/G15) -> 0.34045121 | K15: 37232 | M15: Operations | N15: =SUMPRODUCT(((LEFT(Production_Log!$B$3:$B$1000,2)="PF")+(LEFT(Production_Log!$B$3:$B$1000,3)="PET"))*Production_Log!$O$3:$O$1000)/60 -> 27.5 | O15: =IFERROR(N15/$N$20,"") -> 0.29255319
B16: TUBE | C16: Adore | D16: V- HC BROWN | E16: 35 | F16: 6530 | G16: =IFERROR(INDEX(MRP!$F$3:$F$150,MATCH(F16,MRP!$D$3:$D$150,0)),0) -> 0 | H16: =SUMPRODUCT((Production_Log!$F$3:$F$1000=F16)*((LEFT(Production_Log!$B$3:$B$1000,5)="Print")+(LEFT(Production_Log!$B$3:$B$1000,5)="PLINE"))*(ISERROR(SEARCH("(Varnish)",Production_Log!$D$3:$D$1000)))*Production_Log!$H$3:$H$1000) -> 0 | I16: =G16-H16 -> 0 | J16: =IF(G16=0,"-",H16/G16) -> - | K16: 15422 | M16: Mechanical | N16: =SUMPRODUCT(((LEFT(Production_Log!$B$3:$B$1000,2)="PF")+(LEFT(Production_Log!$B$3:$B$1000,3)="PET"))*Production_Log!$K$3:$K$1000)/60 -> 10.5 | O16: =IFERROR(N16/$N$20,"") -> 0.11170213
B17: TUBE | C17: Adore | D17: V-HC BLACK | E17: 35 | F17: 6531 | G17: =IFERROR(INDEX(MRP!$F$3:$F$150,MATCH(F17,MRP!$D$3:$D$150,0)),0) -> 0 | H17: =SUMPRODUCT((Production_Log!$F$3:$F$1000=F17)*((LEFT(Production_Log!$B$3:$B$1000,5)="Print")+(LEFT(Production_Log!$B$3:$B$1000,5)="PLINE"))*(ISERROR(SEARCH("(Varnish)",Production_Log!$D$3:$D$1000)))*Production_Log!$H$3:$H$1000) -> 0 | I17: =G17-H17 -> 0 | J17: =IF(G17=0,"-",H17/G17) -> - | K17: 4320 | M17: Changeover | N17: =SUMPRODUCT(((LEFT(Production_Log!$B$3:$B$1000,2)="PF")+(LEFT(Production_Log!$B$3:$B$1000,3)="PET"))*Production_Log!$N$3:$N$1000)/60 -> 8 | O17: =IFERROR(N17/$N$20,"") -> 0.085106383
D18: TOTAL | G18: =SUM(G11:G17) -> 663754 | H18: =SUM(H11:H17) -> 257602 | I18: =SUMIF(I11:I17,">"&0) -> 406152 | J18: =IF(G18=0,"-",H18/G18) -> 0.3880986 | K18: =SUM(K11:K17) -> 215199 | M18: Material Shortage | N18: =SUMPRODUCT(((LEFT(Production_Log!$B$3:$B$1000,2)="PF")+(LEFT(Production_Log!$B$3:$B$1000,3)="PET"))*Production_Log!$M$3:$M$1000)/60 -> 7 | O18: =IFERROR(N18/$N$20,"") -> 0.074468085
B19: PET | C19: Alpha Labs PVT LTD | D19: PET BOTTLE (75ML) TRANSPARENT BODY MIST | E19: 75 ml | F19: 8018 | G19: =IFERROR(INDEX(MRP!$F$3:$F$150,MATCH(F19,MRP!$D$3:$D$150,0)),0) -> 25000 | H19: =SUMPRODUCT((Production_Log!$F$3:$F$1000=F19)*Production_Log!$H$3:$H$1000) -> 0 | I19: =G19-H19 -> 25000 | J19: =IF(G19=0,"-",H19/G19) -> 0 | M19: Electrical | N19: =SUMPRODUCT(((LEFT(Production_Log!$B$3:$B$1000,2)="PF")+(LEFT(Production_Log!$B$3:$B$1000,3)="PET"))*Production_Log!$L$3:$L$1000)/60 -> 3 | O19: =IFERROR(N19/$N$20,"") -> 0.031914894
B20: PET | C20: Samsol International Private Limited | D20: PET BOTTLE SMALL (120ML) YELLOW | E20: 120 ml | F20: 8005 | G20: =IFERROR(INDEX(MRP!$F$3:$F$150,MATCH(F20,MRP!$D$3:$D$150,0)),0) -> 0 | H20: =SUMPRODUCT((Production_Log!$F$3:$F$1000=F20)*Production_Log!$H$3:$H$1000) -> 0 | I20: =G20-H20 -> 0 | J20: =IF(G20=0,"-",H20/G20) -> - | K20: 12840 | M20: TOTAL | N20: =SUM(N14:N19) -> 94 | O20: 100%
B21: PET | C21: Mablay Beauty PVT LTD. | D21: PET BOTTLE 130ML WHITE | E21: 130 ml | F21: 8015 | G21: =IFERROR(INDEX(MRP!$F$3:$F$150,MATCH(F21,MRP!$D$3:$D$150,0)),0) -> 9480 | H21: =SUMPRODUCT((Production_Log!$F$3:$F$1000=F21)*Production_Log!$H$3:$H$1000) -> 0 | I21: =G21-H21 -> 9480 | J21: =IF(G21=0,"-",H21/G21) -> 0
B22: PET | C22: Alpha Labs PVT LTD | D22: PET BOTTLE SMALL (130ML) TRANSPARENT | E22: 130 ml | F22: 8019 | G22: =IFERROR(INDEX(MRP!$F$3:$F$150,MATCH(F22,MRP!$D$3:$D$150,0)),0) -> 5000 | H22: =SUMPRODUCT((Production_Log!$F$3:$F$1000=F22)*Production_Log!$H$3:$H$1000) -> 5000 | I22: =G22-H22 -> 0 | J22: =IF(G22=0,"-",H22/G22) -> 1 | K22: 5060 | L22: Order Complete
B23: PET | C23: Mablay Beauty PVT LTD. | D23: PET BOTTLE SMALL (130ML) TRANSPARENT | E23: 130 ml | F23: 8010 | G23: =IFERROR(INDEX(MRP!$F$3:$F$150,MATCH(F23,MRP!$D$3:$D$150,0)),0) -> 18500 | H23: =SUMPRODUCT((Production_Log!$F$3:$F$1000=F23)*Production_Log!$H$3:$H$1000) -> 18690 | I23: =G23-H23 -> -190 | J23: =IF(G23=0,"-",H23/G23) -> 1.0102703 | K23: 30130 | L23: Order Complete
B24: PET | C24: Alpha Labs PVT LTD | D24: TRANSPARENT BOTTLE 150ML | E24: 150 ml | F24: 8001 | G24: =IFERROR(INDEX(MRP!$F$3:$F$150,MATCH(F24,MRP!$D$3:$D$150,0)),0) -> 549967 | H24: =SUMPRODUCT((Production_Log!$F$3:$F$1000=F24)*Production_Log!$H$3:$H$1000) -> 108470 | I24: =G24-H24 -> 441497 | J24: =IF(G24=0,"-",H24/G24) -> 0.19723002 | K24: 103960
B25: PET | C25: Samsol International Private Limited | D25: PET BOTTLE LARGE (200 ML) YELLOW | E25: 200 ml | F25: 8006 | G25: =IFERROR(INDEX(MRP!$F$3:$F$150,MATCH(F25,MRP!$D$3:$D$150,0)),0) -> 4280 | H25: =SUMPRODUCT((Production_Log!$F$3:$F$1000=F25)*Production_Log!$H$3:$H$1000) -> 0 | I25: =G25-H25 -> 4280 | J25: =IF(G25=0,"-",H25/G25) -> 0
D26: TOTAL | G26: =SUM(G19:G25) -> 612227 | H26: =SUM(H19:H25) -> 132160 | I26: =SUMIF(I19:I25,">"&0) -> 480257 | J26: =IF(G26=0,"-",H26/G26) -> 0.21586764 | K26: =SUM(K19:K25) -> 151990
B27: TUBE | C27: Bahadur | D27: BAHADUR TUBE 12.5MM | E27: 12.5 | F27: 9004 | G27: =IFERROR(INDEX(MRP!$F$3:$F$150,MATCH(F27,MRP!$D$3:$D$150,0)),0) -> 0 | H27: =SUMPRODUCT((Production_Log!$F$3:$F$1000=F27)*((LEFT(Production_Log!$B$3:$B$1000,5)="Print")+(LEFT(Production_Log!$B$3:$B$1000,5)="PLINE"))*(ISERROR(SEARCH("(Varnish)",Production_Log!$D$3:$D$1000)))*Production_Log!$H$3:$H$1000) -> 0 | I27: =G27-H27 -> 0 | J27: =IF(G27=0,"-",H27/G27) -> -
B28: TUBE | C28: Brookes Pharma Private Limited | D28: ECZEMUS OINTMENT 0.03% 10G | E28: 16 | F28: 6561 | G28: =IFERROR(INDEX(MRP!$F$3:$F$150,MATCH(F28,MRP!$D$3:$D$150,0)),0) -> 0 | H28: =SUMPRODUCT((Production_Log!$F$3:$F$1000=F28)*((LEFT(Production_Log!$B$3:$B$1000,5)="Print")+(LEFT(Production_Log!$B$3:$B$1000,5)="PLINE"))*(ISERROR(SEARCH("(Varnish)",Production_Log!$D$3:$D$1000)))*Production_Log!$H$3:$H$1000) -> 0 | I28: =G28-H28 -> 0 | J28: =IF(G28=0,"-",H28/G28) -> -
B29: TUBE | C29: Samsol International Private Limited | D29: S-45 DIA 19MM | E29: 19 | F29: 6624 | G29: =IFERROR(INDEX(MRP!$F$3:$F$150,MATCH(F29,MRP!$D$3:$D$150,0)),0) -> 0 | H29: =SUMPRODUCT((Production_Log!$F$3:$F$1000=F29)*((LEFT(Production_Log!$B$3:$B$1000,5)="Print")+(LEFT(Production_Log!$B$3:$B$1000,5)="PLINE"))*(ISERROR(SEARCH("(Varnish)",Production_Log!$D$3:$D$1000)))*Production_Log!$H$3:$H$1000) -> 0 | I29: =G29-H29 -> 0 | J29: =IF(G29=0,"-",H29/G29) -> -
B30: TUBE | C30: Samsol International Private Limited | D30: S-43 DIA 19MM | E30: 19 | F30: 6623 | G30: =IFERROR(INDEX(MRP!$F$3:$F$150,MATCH(F30,MRP!$D$3:$D$150,0)),0) -> 0 | H30: =SUMPRODUCT((Production_Log!$F$3:$F$1000=F30)*((LEFT(Production_Log!$B$3:$B$1000,5)="Print")+(LEFT(Production_Log!$B$3:$B$1000,5)="PLINE"))*(ISERROR(SEARCH("(Varnish)",Production_Log!$D$3:$D$1000)))*Production_Log!$H$3:$H$1000) -> 0 | I30: =G30-H30 -> 0 | J30: =IF(G30=0,"-",H30/G30) -> -
B31: TUBE | C31: Brookes Pharma Private Limited | D31: S-43 DIA 19MM | E31: 19 | F31: 6559 | G31: =IFERROR(INDEX(MRP!$F$3:$F$150,MATCH(F31,MRP!$D$3:$D$150,0)),0) -> 0 | H31: =SUMPRODUCT((Production_Log!$F$3:$F$1000=F31)*((LEFT(Production_Log!$B$3:$B$1000,5)="Print")+(LEFT(Production_Log!$B$3:$B$1000,5)="PLINE"))*(ISERROR(SEARCH("(Varnish)",Production_Log!$D$3:$D$1000)))*Production_Log!$H$3:$H$1000) -> 0 | I31: =G31-H31 -> 0 | J31: =IF(G31=0,"-",H31/G31) -> -
B32: TUBE | C32: Brookes Pharma Private Limited | D32: PYODINE GEL 20GM | E32: 19 | F32: 1085 | G32: =IFERROR(INDEX(MRP!$F$3:$F$150,MATCH(F32,MRP!$D$3:$D$150,0)),0) -> 0 | H32: =SUMPRODUCT((Production_Log!$F$3:$F$1000=F32)*((LEFT(Production_Log!$B$3:$B$1000,5)="Print")+(LEFT(Production_Log!$B$3:$B$1000,5)="PLINE"))*(ISERROR(SEARCH("(Varnish)",Production_Log!$D$3:$D$1000)))*Production_Log!$H$3:$H$1000) -> 0 | I32: =G32-H32 -> 0 | J32: =IF(G32=0,"-",H32/G32) -> -
B33: TUBE | C33: Brookes Pharma Private Limited | D33: CONTRATUBEX GEL 20G | E33: 19 | F33: 6560 | G33: =IFERROR(INDEX(MRP!$F$3:$F$150,MATCH(F33,MRP!$D$3:$D$150,0)),0) -> 0 | H33: =SUMPRODUCT((Production_Log!$F$3:$F$1000=F33)*((LEFT(Production_Log!$B$3:$B$1000,5)="Print")+(LEFT(Production_Log!$B$3:$B$1000,5)="PLINE"))*(ISERROR(SEARCH("(Varnish)",Production_Log!$D$3:$D$1000)))*Production_Log!$H$3:$H$1000) -> 0 | I33: =G33-H33 -> 0 | J33: =IF(G33=0,"-",H33/G33) -> -
B34: TUBE | C34: Samsol International Private Limited | D34: S-43 DIA 20.5 | E34: 20.5 | F34: 5699 | G34: =IFERROR(INDEX(MRP!$F$3:$F$150,MATCH(F34,MRP!$D$3:$D$150,0)),0) -> 0 | H34: =SUMPRODUCT((Production_Log!$F$3:$F$1000=F34)*((LEFT(Production_Log!$B$3:$B$1000,5)="Print")+(LEFT(Production_Log!$B$3:$B$1000,5)="PLINE"))*(ISERROR(SEARCH("(Varnish)",Production_Log!$D$3:$D$1000)))*Production_Log!$H$3:$H$1000) -> 0 | I34: =G34-H34 -> 0 | J34: =IF(G34=0,"-",H34/G34) -> -
B35: TUBE | C35: Samsol International Private Limited | D35: SAMSOL HAIR COLOR 45 DIA 20.5 MM | E35: 20.5 | F35: 5731 | G35: =IFERROR(INDEX(MRP!$F$3:$F$150,MATCH(F35,MRP!$D$3:$D$150,0)),0) -> 0 | H35: =SUMPRODUCT((Production_Log!$F$3:$F$1000=F35)*((LEFT(Production_Log!$B$3:$B$1000,5)="Print")+(LEFT(Production_Log!$B$3:$B$1000,5)="PLINE"))*(ISERROR(SEARCH("(Varnish)",Production_Log!$D$3:$D$1000)))*Production_Log!$H$3:$H$1000) -> 0 | I35: =G35-H35 -> 0 | J35: =IF(G35=0,"-",H35/G35) -> -
B36: TUBE | C36: Samsol International Private Limited | D36: S-45 DIA 20.5 | E36: 20.5 | F36: 5698 | G36: =IFERROR(INDEX(MRP!$F$3:$F$150,MATCH(F36,MRP!$D$3:$D$150,0)),0) -> 0 | H36: =SUMPRODUCT((Production_Log!$F$3:$F$1000=F36)*((LEFT(Production_Log!$B$3:$B$1000,5)="Print")+(LEFT(Production_Log!$B$3:$B$1000,5)="PLINE"))*(ISERROR(SEARCH("(Varnish)",Production_Log!$D$3:$D$1000)))*Production_Log!$H$3:$H$1000) -> 0 | I36: =G36-H36 -> 0 | J36: =IF(G36=0,"-",H36/G36) -> -
B37: TUBE | C37: Samsol International Private Limited | D37: SAMSOL HAIR COLOR 43 DIA 20.5 MM | E37: 20.5 | F37: 5732 | G37: =IFERROR(INDEX(MRP!$F$3:$F$150,MATCH(F37,MRP!$D$3:$D$150,0)),0) -> 0 | H37: =SUMPRODUCT((Production_Log!$F$3:$F$1000=F37)*((LEFT(Production_Log!$B$3:$B$1000,5)="Print")+(LEFT(Production_Log!$B$3:$B$1000,5)="PLINE"))*(ISERROR(SEARCH("(Varnish)",Production_Log!$D$3:$D$1000)))*Production_Log!$H$3:$H$1000) -> 0 | I37: =G37-H37 -> 0 | J37: =IF(G37=0,"-",H37/G37) -> -
B38: TUBE | C38: Samsol International Private Limited | D38: SAMSOL HAIR COLOR 39 SMALL PURPLE | E38: 20.5 | F38: 6556 | G38: =IFERROR(INDEX(MRP!$F$3:$F$150,MATCH(F38,MRP!$D$3:$D$150,0)),0) -> 0 | H38: =SUMPRODUCT((Production_Log!$F$3:$F$1000=F38)*((LEFT(Production_Log!$B$3:$B$1000,5)="Print")+(LEFT(Production_Log!$B$3:$B$1000,5)="PLINE"))*(ISERROR(SEARCH("(Varnish)",Production_Log!$D$3:$D$1000)))*Production_Log!$H$3:$H$1000) -> 0 | I38: =G38-H38 -> 0 | J38: =IF(G38=0,"-",H38/G38) -> -
... B59: TUBE | C59: Adore | D59: ANVIL 45 | E59: 35 | F59: 6021 | G59: =IFERROR(INDEX(MRP!$F$3:$F$150,MATCH(F59,MRP!$D$3:$D$150,0)),0) -> 0 | H59: =SUMPRODUCT((Production_Log!$F$3:$F$1000=F59)*((LEFT(Production_Log!$B$3:$B$1000,5)="Print")+(LEFT(Production_Log!$B$3:$B$1000,5)="PLINE"))*(ISERROR(SEARCH("(Varnish)",Production_Log!$D$3:$D$1000)))*Production_Log!$H$3:$H$1000) -> 0 | I59: =G59-H59 -> 0 | J59: =IF(G59=0,"-",H59/G59) -> -
B60: PET | C60: Samsol International Private Limited | D60: BLACK SMALL BOTTLE 120ML | E60: 120 ml | F60: 8011 | G60: =IFERROR(INDEX(MRP!$F$3:$F$150,MATCH(F60,MRP!$D$3:$D$150,0)),0) -> 0 | H60: =SUMPRODUCT((Production_Log!$F$3:$F$1000=F60)*Production_Log!$H$3:$H$1000) -> 0 | I60: =G60-H60 -> 0 | J60: =IF(G60=0,"-",H60/G60) -> -
B61: PET | C61: Samsol International Private Limited | D61: WHITE SMALL BOTTLE 120ML | E61: 120 ml | F61: 8012 | G61: =IFERROR(INDEX(MRP!$F$3:$F$150,MATCH(F61,MRP!$D$3:$D$150,0)),0) -> 0 | H61: =SUMPRODUCT((Production_Log!$F$3:$F$1000=F61)*Production_Log!$H$3:$H$1000) -> 0 | I61: =G61-H61 -> 0 | J61: =IF(G61=0,"-",H61/G61) -> -
B62: PET | C62: Horizon Chem | D62: PET BOTTLE (150ML)TRANSPARENT BODY MIST | E62: 150 ml | F62: 8017 | G62: =IFERROR(INDEX(MRP!$F$3:$F$150,MATCH(F62,MRP!$D$3:$D$150,0)),0) -> 0 | H62: =SUMPRODUCT((Production_Log!$F$3:$F$1000=F62)*Production_Log!$H$3:$H$1000) -> 0 | I62: =G62-H62 -> 0 | J62: =IF(G62=0,"-",H62/G62) -> -
B63: PET | C63: Samsol International Private Limited | D63: PET BOTTLE LARGE 200ML WHITE | E63: 200 ml | F63: 8007 | G63: =IFERROR(INDEX(MRP!$F$3:$F$150,MATCH(F63,MRP!$D$3:$D$150,0)),0) -> 0 | H63: =SUMPRODUCT((Production_Log!$F$3:$F$1000=F63)*Production_Log!$H$3:$H$1000) -> 0 | I63: =G63-H63 -> 0 | J63: =IF(G63=0,"-",H63/G63) -> -
B64: PET | C64: Samsol International Private Limited | D64: PET BOTTLE MUSTARD OIL (200ML) TRANSPARENT | E64: 200 ml | F64: 8014 | G64: =IFERROR(INDEX(MRP!$F$3:$F$150,MATCH(F64,MRP!$D$3:$D$150,0)),0) -> 0 | H64: =SUMPRODUCT((Production_Log!$F$3:$F$1000=F64)*Production_Log!$H$3:$H$1000) -> 0 | I64: =G64-H64 -> 0 | J64: =IF(G64=0,"-",H64/G64) -> -
B65: PET | C65: Samsol International Private Limited | D65: PET BOTTLE COCONUT OIL (200ML) WHITE | E65: 200 ml | F65: 8016 | G65: =IFERROR(INDEX(MRP!$F$3:$F$150,MATCH(F65,MRP!$D$3:$D$150,0)),0) -> 0 | H65: =SUMPRODUCT((Production_Log!$F$3:$F$1000=F65)*Production_Log!$H$3:$H$1000) -> 0 | I65: =G65-H65 -> 0 | J65: =IF(G65=0,"-",H65/G65) -> -
B66: PET | C66: Samsol International Private Limited | D66: BLACK BOTTLE 200ML | E66: 200 ml | F66: 8008 | G66: =IFERROR(INDEX(MRP!$F$3:$F$150,MATCH(F66,MRP!$D$3:$D$150,0)),0) -> 0 | H66: =SUMPRODUCT((Production_Log!$F$3:$F$1000=F66)*Production_Log!$H$3:$H$1000) -> 0 | I66: =G66-H66 -> 0 | J66: =IF(G66=0,"-",H66/G66) -> -
B67: PET | C67: Mablay Beauty PVT LTD. | D67: TRANSPARENT BOTTLE 300ML | E67: 300 ml | F67: 8009 | G67: =IFERROR(INDEX(MRP!$F$3:$F$150,MATCH(F67,MRP!$D$3:$D$150,0)),0) -> 0 | H67: =SUMPRODUCT((Production_Log!$F$3:$F$1000=F67)*Production_Log!$H$3:$H$1000) -> 0 | I67: =G67-H67 -> 0 | J67: =IF(G67=0,"-",H67/G67) -> -
B68: PET | C68: Mablay Beauty PVT LTD. | D68: TRANSPARENT JAR 500ML | E68: 500 ml | F68: 8013 | G68: =IFERROR(INDEX(MRP!$F$3:$F$150,MATCH(F68,MRP!$D$3:$D$150,0)),0) -> 0 | H68: =SUMPRODUCT((Production_Log!$F$3:$F$1000=F68)*Production_Log!$H$3:$H$1000) -> 0 | I68: =G68-H68 -> 0 | J68: =IF(G68=0,"-",H68/G68) -> -

Sheet MRP
A1: OCTOBER 2026 Tube Required Orders | G1: Date: | H1: =TODAY() -> 46316
A2: Dia | B2: Customer | C2: Product Name | D2: Product ID | E2: Job Order # | F2: Required Qty | G2: Produced | H2: Remaining Balance | I2: Remarks
A3: 20.5 | B3: Mablay Beauty PVT LTD. | C3: VINCE HIS ONLY BEARD & MUSTACHE COLOR CREAM | D3: 6077 | E3: 6907 | F3: 22000 | G3: =INDEX(Tubex_Dashboard!$H$11:$H$100,MATCH(MRP!D3,Tubex_Dashboard!$F$11:$F$100,0)) -> 0 | H3: =F3-G3 -> 22000
A4: 25 | B4: Samsol International Private Limited | C4: TUBES COMMON RED | D4: 6470 | F4: 30000 | G4: =INDEX(Tubex_Dashboard!$H$11:$H$100,MATCH(MRP!D4,Tubex_Dashboard!$F$11:$F$100,0)) -> 0 | H4: =F4-G4 -> 30000 | I4: Order Not Approved
A5: 30 | B5: Mablay Beauty PVT LTD. | C5: VINCE NURTURAL | D5: 5814 | E5: 6901 & 6905 | F5: 50000 | G5: =INDEX(Tubex_Dashboard!$H$11:$H$100,MATCH(MRP!D5,Tubex_Dashboard!$F$11:$F$100,0)) -> 49742 | H5: =F5-G5 -> 258 | I5: Order Complete
A6: 30 | B6: Golden Pearl Cosmetics (PVT) LTD | C6: HELLO HAIR COLOR | D6: 6206 | E6: 6902 | F6: 389418 | G6: =INDEX(Tubex_Dashboard!$H$11:$H$100,MATCH(MRP!D6,Tubex_Dashboard!$F$11:$F$100,0)) -> 149188 | H6: =F6-G6 -> 240230
A7: 32 | B7: Hola Hair | C7: H.H 100GM | D7: 6515 | E7: 6904 | F7: 172336 | G7: =INDEX(Tubex_Dashboard!$H$11:$H$100,MATCH(MRP!D7,Tubex_Dashboard!$F$11:$F$100,0)) -> 58672 | H7: =F7-G7 -> 113664
E8: TOTAL: | F8: =SUM(F3:F7) -> 663754 | G8: =SUM(G3:G7) -> 257602 | H8: =SUMIF(H3:H7, ">0") -> 406152
A9: OCTOBER TUBES MATERIAL REQUIREMENT PLAN
A10: Item ID | B10: Category | C10: Item Name | D10: UOM | E10: Required Qty | F10: Current Stock (Store + WIP) | G10: Surplus / (Deficit) | H10: Current Stock Pieces Can Produce | I10: Status | J10: Product Name(s)
A11: 33 | B11: SLUG | C11: 12.5X4.5X4.8 | D11: kg | E11: =SUMPRODUCT((TableBOM[Item ID]=A11)*TableBOM[Per 1000 Units]*(1+TableBOM[Scrap %])*((SUMIF($D$3:$D$7,TableBOM[Product ID],$H$3:$H$7))>0)*(SUMIF($D$3:$D$7,TableBOM[Product ID],$H$3:$H$7))/1000) -> 0 | F11: =IFERROR(INDEX(TableInventory[Store Balance],MATCH(A11,TableInventory[Item ID],0)),0)+IFERROR(INDEX(TableInventory[WIP],MATCH(A11,TableInventory[Item ID],0)),0) -> 0 | G11: =F11-E11 -> 0 | H11: =IFERROR(IF(SUMPRODUCT((TableBOM[Item ID]=A11)*((SUMIF($D$3:$D$7,TableBOM[Product ID],$H$3:$H$7))>0)*(SUMIF($D$3:$D$7,TableBOM[Product ID],$H$3:$H$7))*TableBOM[Per 1000 Units]*(1+TableBOM[Scrap %]))=0,"-",ROUND(F11*1000*SUMPRODUCT((TableBOM[Item ID]=A11)*((SUMIF($D$3:$D$7,TableBOM[Product ID],$H$3:$H$7))>0)*(SUMIF($D$3:$D$7,TableBOM[Product ID],$H$3:$H$7)))/SUMPRODUCT((TableBOM[Item ID]=A11)*((SUMIF($D$3:$D$7,TableBOM[Product ID],$H$3:$H$7))>0)*(SUMIF($D$3:$D$7,TableBOM[Product ID],$H$3:$H$7))*TableBOM[Per 1000 Units]*(1+TableBOM[Scrap %])),0)),"-") -> - | I11: =IF(E11=0,"Not needed",IF(G11<0,"SHORTAGE",IF(G11<E11*0.1,"LOW","OK"))) -> Not needed | J11: =IF(LEN(IF((COUNTIFS(TableBOM[Product ID],$D$3,TableBOM[Item ID],$A11)>0)*($H$3>0),$C$3&", ","") & IF((COUNTIFS(TableBOM[Product ID],$D$4,TableBOM[Item ID],$A11)>0)*($H$4>0),$C$4&", ","") & IF((COUNTIFS(TableBOM[Product ID],$D$5,TableBOM[Item ID],$A11)>0)*($H$5>0),$C$5&", ","") & IF((COUNTIFS(TableBOM[Product ID],$D$6,TableBOM[Item ID],$A11)>0)*($H$6>0),$C$6&", ","") & IF((COUNTIFS(TableBOM[Product ID],$D$7,TableBOM[Item ID],$A11)>0)*($H$7>0),$C$7&", ",""))>1,LEFT(IF((COUNTIFS(TableBOM[Product ID],$D$3,TableBOM[Item ID],$A11)>0)*($H$3>0),$C$3&", ","") & IF((COUNTIFS(TableBOM[Product ID],$D$4,TableBOM[Item ID],$A11)>0)*($H$4>0),$C$4&", ","") & IF((COUNTIFS(TableBOM[Product ID],$D$5,TableBOM[Item ID],$A11)>0)*($H$5>0),$C$5&", ","") & IF((COUNTIFS(TableBOM[Product ID],$D$6,TableBOM[Item ID],$A11)>0)*($H$6>0),$C$6&", ","") & IF((COUNTIFS(TableBOM[Product ID],$D$7,TableBOM[Item ID],$A11)>0)*($H$7>0),$C$7&", ",""),LEN(IF((COUNTIFS(TableBOM[Product ID],$D$3,TableBOM[Item ID],$A11)>0)*($H$3>0),$C$3&", ","") & IF((COUNTIFS(TableBOM[Product ID],$D$4,TableBOM[Item ID],$A11)>0)*($H$4>0),$C$4&", ","") & IF((COUNTIFS(TableBOM[Product ID],$D$5,TableBOM[Item ID],$A11)>0)*($H$5>0),$C$5&", ","") & IF((COUNTIFS(TableBOM[Product ID],$D$6,TableBOM[Item ID],$A11)>0)*($H$6>0),$C$6&", ","") & IF((COUNTIFS(TableBOM[Product ID],$D$7,TableBOM[Item ID],$A11)>0)*($H$7>0),$C$7&", ",""))-2),"")
A12: 31 | B12: SLUG | C12: 13.5X4.2 | D12: kg | E12: =SUMPRODUCT((TableBOM[Item ID]=A12)*TableBOM[Per 1000 Units]*(1+TableBOM[Scrap %])*((SUMIF($D$3:$D$7,TableBOM[Product ID],$H$3:$H$7))>0)*(SUMIF($D$3:$D$7,TableBOM[Product ID],$H$3:$H$7))/1000) -> 0 | F12: =IFERROR(INDEX(TableInventory[Store Balance],MATCH(A12,TableInventory[Item ID],0)),0)+IFERROR(INDEX(TableInventory[WIP],MATCH(A12,TableInventory[Item ID],0)),0) -> 71.5 | G12: =F12-E12 -> 71.5 | H12: =IFERROR(IF(SUMPRODUCT((TableBOM[Item ID]=A12)*((SUMIF($D$3:$D$7,TableBOM[Product ID],$H$3:$H$7))>0)*(SUMIF($D$3:$D$7,TableBOM[Product ID],$H$3:$H$7))*TableBOM[Per 1000 Units]*(1+TableBOM[Scrap %]))=0,"-",ROUND(F12*1000*SUMPRODUCT((TableBOM[Item ID]=A12)*((SUMIF($D$3:$D$7,TableBOM[Product ID],$H$3:$H$7))>0)*(SUMIF($D$3:$D$7,TableBOM[Product ID],$H$3:$H$7)))/SUMPRODUCT((TableBOM[Item ID]=A12)*((SUMIF($D$3:$D$7,TableBOM[Product ID],$H$3:$H$7))>0)*(SUMIF($D$3:$D$7,TableBOM[Product ID],$H$3:$H$7))*TableBOM[Per 1000 Units]*(1+TableBOM[Scrap %])),0)),"-") -> - | I12: =IF(E12=0,"Not needed",IF(G12<0,"SHORTAGE",IF(G12<E12*0.1,"LOW","OK"))) -> Not needed | J12: =IF(LEN(IF((COUNTIFS(TableBOM[Product ID],$D$3,TableBOM[Item ID],$A12)>0)*($H$3>0),$C$3&", ","") & IF((COUNTIFS(TableBOM[Product ID],$D$4,TableBOM[Item ID],$A12)>0)*($H$4>0),$C$4&", ","") & IF((COUNTIFS(TableBOM[Product ID],$D$5,TableBOM[Item ID],$A12)>0)*($H$5>0),$C$5&", ","") & IF((COUNTIFS(TableBOM[Product ID],$D$6,TableBOM[Item ID],$A12)>0)*($H$6>0),$C$6&", ","") & IF((COUNTIFS(TableBOM[Product ID],$D$7,TableBOM[Item ID],$A12)>0)*($H$7>0),$C$7&", ",""))>1,LEFT(IF((COUNTIFS(TableBOM[Product ID],$D$3,TableBOM[Item ID],$A12)>0)*($H$3>0),$C$3&", ","") & IF((COUNTIFS(TableBOM[Product ID],$D$4,TableBOM[Item ID],$A12)>0)*($H$4>0),$C$4&", ","") & IF((COUNTIFS(TableBOM[Product ID],$D$5,TableBOM[Item ID],$A12)>0)*($H$5>0),$C$5&", ","") & IF((COUNTIFS(TableBOM[Product ID],$D$6,TableBOM[Item ID],$A12)>0)*($H$6>0),$C$6&", ","") & IF((COUNTIFS(TableBOM[Product ID],$D$7,TableBOM[Item ID],$A12)>0)*($H$7>0),$C$7&", ",""),LEN(IF((COUNTIFS(TableBOM[Product ID],$D$3,TableBOM[Item ID],$A12)>0)*($H$3>0),$C$3&", ","") & IF((COUNTIFS(TableBOM[Product ID],$D$4,TableBOM[Item ID],$A12)>0)*($H$4>0),$C$4&", ","") & IF((COUNTIFS(TableBOM[Product ID],$D$5,TableBOM[Item ID],$A12)>0)*($H$5>0),$C$5&", ","") & IF((COUNTIFS(TableBOM[Product ID],$D$6,TableBOM[Item ID],$A12)>0)*($H$6>0),$C$6&", ","") & IF((COUNTIFS(TableBOM[Product ID],$D$7,TableBOM[Item ID],$A12)>0)*($H$7>0),$C$7&", ",""))-2),"")
A13: 2799 | B13: SLUG | C13: 16x4.5 | D13: kg | E13: =SUMPRODUCT((TableBOM[Item ID]=A13)*TableBOM[Per 1000 Units]*(1+TableBOM[Scrap %])*((SUMIF($D$3:$D$7,TableBOM[Product ID],$H$3:$H$7))>0)*(SUMIF($D$3:$D$7,TableBOM[Product ID],$H$3:$H$7))/1000) -> 0 | F13: =IFERROR(INDEX(TableInventory[Store Balance],MATCH(A13,TableInventory[Item ID],0)),0)+IFERROR(INDEX(TableInventory[WIP],MATCH(A13,TableInventory[Item ID],0)),0) -> 88 | G13: =F13-E13 -> 88 | H13: =IFERROR(IF(SUMPRODUCT((TableBOM[Item ID]=A13)*((SUMIF($D$3:$D$7,TableBOM[Product ID],$H$3:$H$7))>0)*(SUMIF($D$3:$D$7,TableBOM[Product ID],$H$3:$H$7))*TableBOM[Per 1000 Units]*(1+TableBOM[Scrap %]))=0,"-",ROUND(F13*1000*SUMPRODUCT((TableBOM[Item ID]=A13)*((SUMIF($D$3:$D$7,TableBOM[Product ID],$H$3:$H$7))>0)*(SUMIF($D$3:$D$7,TableBOM[Product ID],$H$3:$H$7)))/SUMPRODUCT((TableBOM[Item ID]=A13)*((SUMIF($D$3:$D$7,TableBOM[Product ID],$H$3:$H$7))>0)*(SUMIF($D$3:$D$7,TableBOM[Product ID],$H$3:$H$7))*TableBOM[Per 1000 Units]*(1+TableBOM[Scrap %])),0)),"-") -> - | I13: =IF(E13=0,"Not needed",IF(G13<0,"SHORTAGE",IF(G13<E13*0.1,"LOW","OK"))) -> Not needed | J13: =IF(LEN(IF((COUNTIFS(TableBOM[Product ID],$D$3,TableBOM[Item ID],$A13)>0)*($H$3>0),$C$3&", ","") & IF((COUNTIFS(TableBOM[Product ID],$D$4,TableBOM[Item ID],$A13)>0)*($H$4>0),$C$4&", ","") & IF((COUNTIFS(TableBOM[Product ID],$D$5,TableBOM[Item ID],$A13)>0)*($H$5>0),$C$5&", ","") & IF((COUNTIFS(TableBOM[Product ID],$D$6,TableBOM[Item ID],$A13)>0)*($H$6>0),$C$6&", ","") & IF((COUNTIFS(TableBOM[Product ID],$D$7,TableBOM[Item ID],$A13)>0)*($H$7>0),$C$7&", ",""))>1,LEFT(IF((COUNTIFS(TableBOM[Product ID],$D$3,TableBOM[Item ID],$A13)>0)*($H$3>0),$C$3&", ","") & IF((COUNTIFS(TableBOM[Product ID],$D$4,TableBOM[Item ID],$A13)>0)*($H$4>0),$C$4&", ","") & IF((COUNTIFS(TableBOM[Product ID],$D$5,TableBOM[Item ID],$A13)>0)*($H$5>0),$C$5&", ","") & IF((COUNTIFS(TableBOM[Product ID],$D$6,TableBOM[Item ID],$A13)>0)*($H$6>0),$C$6&", ","") & IF((COUNTIFS(TableBOM[Product ID],$D$7,TableBOM[Item ID],$A13)>0)*($H$7>0),$C$7&", ",""),LEN(IF((COUNTIFS(TableBOM[Product ID],$D$3,TableBOM[Item ID],$A13)>0)*($H$3>0),$C$3&", ","") & IF((COUNTIFS(TableBOM[Product ID],$D$4,TableBOM[Item ID],$A13)>0)*($H$4>0),$C$4&", ","") & IF((COUNTIFS(TableBOM[Product ID],$D$5,TableBOM[Item ID],$A13)>0)*($H$5>0),$C$5&", ","") & IF((COUNTIFS(TableBOM[Product ID],$D$6,TableBOM[Item ID],$A13)>0)*($H$6>0),$C$6&", ","") & IF((COUNTIFS(TableBOM[Product ID],$D$7,TableBOM[Item ID],$A13)>0)*($H$7>0),$C$7&", ",""))-2),"")
A14: 25 | B14: SLUG | C14: 16X4.8 S/M | D14: kg | E14: =SUMPRODUCT((TableBOM[Item ID]=A14)*TableBOM[Per 1000 Units]*(1+TableBOM[Scrap %])*((SUMIF($D$3:$D$7,TableBOM[Product ID],$H$3:$H$7))>0)*(SUMIF($D$3:$D$7,TableBOM[Product ID],$H$3:$H$7))/1000) -> 0 | F14: =IFERROR(INDEX(TableInventory[Store Balance],MATCH(A14,TableInventory[Item ID],0)),0)+IFERROR(INDEX(TableInventory[WIP],MATCH(A14,TableInventory[Item ID],0)),0) -> 0 | G14: =F14-E14 -> 0 | H14: =IFERROR(IF(SUMPRODUCT((TableBOM[Item ID]=A14)*((SUMIF($D$3:$D$7,TableBOM[Product ID],$H$3:$H$7))>0)*(SUMIF($D$3:$D$7,TableBOM[Product ID],$H$3:$H$7))*TableBOM[Per 1000 Units]*(1+TableBOM[Scrap %]))=0,"-",ROUND(F14*1000*SUMPRODUCT((TableBOM[Item ID]=A14)*((SUMIF($D$3:$D$7,TableBOM[Product ID],$H$3:$H$7))>0)*(SUMIF($D$3:$D$7,TableBOM[Product ID],$H$3:$H$7)))/SUMPRODUCT((TableBOM[Item ID]=A14)*((SUMIF($D$3:$D$7,TableBOM[Product ID],$H$3:$H$7))>0)*(SUMIF($D$3:$D$7,TableBOM[Product ID],$H$3:$H$7))*TableBOM[Per 1000 Units]*(1+TableBOM[Scrap %])),0)),"-") -> - | I14: =IF(E14=0,"Not needed",IF(G14<0,"SHORTAGE",IF(G14<E14*0.1,"LOW","OK"))) -> Not needed | J14: =IF(LEN(IF((COUNTIFS(TableBOM[Product ID],$D$3,TableBOM[Item ID],$A14)>0)*($H$3>0),$C$3&", ","") & IF((COUNTIFS(TableBOM[Product ID],$D$4,TableBOM[Item ID],$A14)>0)*($H$4>0),$C$4&", ","") & IF((COUNTIFS(TableBOM[Product ID],$D$5,TableBOM[Item ID],$A14)>0)*($H$5>0),$C$5&", ","") & IF((COUNTIFS(TableBOM[Product ID],$D$6,TableBOM[Item ID],$A14)>0)*($H$6>0),$C$6&", ","") & IF((COUNTIFS(TableBOM[Product ID],$D$7,TableBOM[Item ID],$A14)>0)*($H$7>0),$C$7&", ",""))>1,LEFT(IF((COUNTIFS(TableBOM[Product ID],$D$3,TableBOM[Item ID],$A14)>0)*($H$3>0),$C$3&", ","") & IF((COUNTIFS(TableBOM[Product ID],$D$4,TableBOM[Item ID],$A14)>0)*($H$4>0),$C$4&", ","") & IF((COUNTIFS(TableBOM[Product ID],$D$5,TableBOM[Item ID],$A14)>0)*($H$5>0),$C$5&", ","") & IF((COUNTIFS(TableBOM[Product ID],$D$6,TableBOM[Item ID],$A14)>0)*($H$6>0),$C$6&", ","") & IF((COUNTIFS(TableBOM[Product ID],$D$7,TableBOM[Item ID],$A14)>0)*($H$7>0),$C$7&", ",""),LEN(IF((COUNTIFS(TableBOM[Product ID],$D$3,TableBOM[Item ID],$A14)>0)*($H$3>0),$C$3&", ","") & IF((COUNTIFS(TableBOM[Product ID],$D$4,TableBOM[Item ID],$A14)>0)*($H$4>0),$C$4&", ","") & IF((COUNTIFS(TableBOM[Product ID],$D$5,TableBOM[Item ID],$A14)>0)*($H$5>0),$C$5&", ","") & IF((COUNTIFS(TableBOM[Product ID],$D$6,TableBOM[Item ID],$A14)>0)*($H$6>0),$C$6&", ","") & IF((COUNTIFS(TableBOM[Product ID],$D$7,TableBOM[Item ID],$A14)>0)*($H$7>0),$C$7&", ",""))-2),"")
A15: 22 | B15: SLUG | C15: 19X4.2 | D15: kg | E15: =SUMPRODUCT((TableBOM[Item ID]=A15)*TableBOM[Per 1000 Units]*(1+TableBOM[Scrap %])*((SUMIF($D$3:$D$7,TableBOM[Product ID],$H$3:$H$7))>0)*(SUMIF($D$3:$D$7,TableBOM[Product ID],$H$3:$H$7))/1000) -> 0 | F15: =IFERROR(INDEX(TableInventory[Store Balance],MATCH(A15,TableInventory[Item ID],0)),0)+IFERROR(INDEX(TableInventory[WIP],MATCH(A15,TableInventory[Item ID],0)),0) -> 0 | G15: =F15-E15 -> 0 | H15: =IFERROR(IF(SUMPRODUCT((TableBOM[Item ID]=A15)*((SUMIF($D$3:$D$7,TableBOM[Product ID],$H$3:$H$7))>0)*(SUMIF($D$3:$D$7,TableBOM[Product ID],$H$3:$H$7))*TableBOM[Per 1000 Units]*(1+TableBOM[Scrap %]))=0,"-",ROUND(F15*1000*SUMPRODUCT((TableBOM[Item ID]=A15)*((SUMIF($D$3:$D$7,TableBOM[Product ID],$H$3:$H$7))>0)*(SUMIF($D$3:$D$7,TableBOM[Product ID],$H$3:$H$7)))/SUMPRODUCT((TableBOM[Item ID]=A15)*((SUMIF($D$3:$D$7,TableBOM[Product ID],$H$3:$H$7))>0)*(SUMIF($D$3:$D$7,TableBOM[Product ID],$H$3:$H$7))*TableBOM[Per 1000 Units]*(1+TableBOM[Scrap %])),0)),"-") -> - | I15: =IF(E15=0,"Not needed",IF(G15<0,"SHORTAGE",IF(G15<E15*0.1,"LOW","OK"))) -> Not needed | J15: =IF(LEN(IF((COUNTIFS(TableBOM[Product ID],$D$3,TableBOM[Item ID],$A15)>0)*($H$3>0),$C$3&", ","") & IF((COUNTIFS(TableBOM[Product ID],$D$4,TableBOM[Item ID],$A15)>0)*($H$4>0),$C$4&", ","") & IF((COUNTIFS(TableBOM[Product ID],$D$5,TableBOM[Item ID],$A15)>0)*($H$5>0),$C$5&", ","") & IF((COUNTIFS(TableBOM[Product ID],$D$6,TableBOM[Item ID],$A15)>0)*($H$6>0),$C$6&", ","") & IF((COUNTIFS(TableBOM[Product ID],$D$7,TableBOM[Item ID],$A15)>0)*($H$7>0),$C$7&", ",""))>1,LEFT(IF((COUNTIFS(TableBOM[Product ID],$D$3,TableBOM[Item ID],$A15)>0)*($H$3>0),$C$3&", ","") & IF((COUNTIFS(TableBOM[Product ID],$D$4,TableBOM[Item ID],$A15)>0)*($H$4>0),$C$4&", ","") & IF((COUNTIFS(TableBOM[Product ID],$D$5,TableBOM[Item ID],$A15)>0)*($H$5>0),$C$5&", ","") & IF((COUNTIFS(TableBOM[Product ID],$D$6,TableBOM[Item ID],$A15)>0)*($H$6>0),$C$6&", ","") & IF((COUNTIFS(TableBOM[Product ID],$D$7,TableBOM[Item ID],$A15)>0)*($H$7>0),$C$7&", ",""),LEN(IF((COUNTIFS(TableBOM[Product ID],$D$3,TableBOM[Item ID],$A15)>0)*($H$3>0),$C$3&", ","") & IF((COUNTIFS(TableBOM[Product ID],$D$4,TableBOM[Item ID],$A15)>0)*($H$4>0),$C$4&", ","") & IF((COUNTIFS(TableBOM[Product ID],$D$5,TableBOM[Item ID],$A15)>0)*($H$5>0),$C$5&", ","") & IF((COUNTIFS(TableBOM[Product ID],$D$6,TableBOM[Item ID],$A15)>0)*($H$6>0),$C$6&", ","") & IF((COUNTIFS(TableBOM[Product ID],$D$7,TableBOM[Item ID],$A15)>0)*($H$7>0),$C$7&", ",""))-2),"")
A16: 19 | B16: SLUG | C16: 19X4.5 S/M | D16: kg | E16: =SUMPRODUCT((TableBOM[Item ID]=A16)*TableBOM[Per 1000 Units]*(1+TableBOM[Scrap %])*((SUMIF($D$3:$D$7,TableBOM[Product ID],$H$3:$H$7))>0)*(SUMIF($D$3:$D$7,TableBOM[Product ID],$H$3:$H$7))/1000) -> 0 | F16: =IFERROR(INDEX(TableInventory[Store Balance],MATCH(A16,TableInventory[Item ID],0)),0)+IFERROR(INDEX(TableInventory[WIP],MATCH(A16,TableInventory[Item ID],0)),0) -> 425 | G16: =F16-E16 -> 425 | H16: =IFERROR(IF(SUMPRODUCT((TableBOM[Item ID]=A16)*((SUMIF($D$3:$D$7,TableBOM[Product ID],$H$3:$H$7))>0)*(SUMIF($D$3:$D$7,TableBOM[Product ID],$H$3:$H$7))*TableBOM[Per 1000 Units]*(1+TableBOM[Scrap %]))=0,"-",ROUND(F16*1000*SUMPRODUCT((TableBOM[Item ID]=A16)*((SUMIF($D$3:$D$7,TableBOM[Product ID],$H$3:$H$7))>0)*(SUMIF($D$3:$D$7,TableBOM[Product ID],$H$3:$H$7)))/SUMPRODUCT((TableBOM[Item ID]=A16)*((SUMIF($D$3:$D$7,TableBOM[Product ID],$H$3:$H$7))>0)*(SUMIF($D$3:$D$7,TableBOM[Product ID],$H$3:$H$7))*TableBOM[Per 1000 Units]*(1+TableBOM[Scrap %])),0)),"-") -> - | I16: =IF(E16=0,"Not needed",IF(G16<0,"SHORTAGE",IF(G16<E16*0.1,"LOW","OK"))) -> Not needed | J16: =IF(LEN(IF((COUNTIFS(TableBOM[Product ID],$D$3,TableBOM[Item ID],$A16)>0)*($H$3>0),$C$3&", ","") & IF((COUNTIFS(TableBOM[Product ID],$D$4,TableBOM[Item ID],$A16)>0)*($H$4>0),$C$4&", ","") & IF((COUNTIFS(TableBOM[Product ID],$D$5,TableBOM[Item ID],$A16)>0)*($H$5>0),$C$5&", ","") & IF((COUNTIFS(TableBOM[Product ID],$D$6,TableBOM[Item ID],$A16)>0)*($H$6>0),$C$6&", ","") & IF((COUNTIFS(TableBOM[Product ID],$D$7,TableBOM[Item ID],$A16)>0)*($H$7>0),$C$7&", ",""))>1,LEFT(IF((COUNTIFS(TableBOM[Product ID],$D$3,TableBOM[Item ID],$A16)>0)*($H$3>0),$C$3&", ","") & IF((COUNTIFS(TableBOM[Product ID],$D$4,TableBOM[Item ID],$A16)>0)*($H$4>0),$C$4&", ","") & IF((COUNTIFS(TableBOM[Product ID],$D$5,TableBOM[Item ID],$A16)>0)*($H$5>0),$C$5&", ","") & IF((COUNTIFS(TableBOM[Product ID],$D$6,TableBOM[Item ID],$A16)>0)*($H$6>0),$C$6&", ","") & IF((COUNTIFS(TableBOM[Product ID],$D$7,TableBOM[Item ID],$A16)>0)*($H$7>0),$C$7&", ",""),LEN(IF((COUNTIFS(TableBOM[Product ID],$D$3,TableBOM[Item ID],$A16)>0)*($H$3>0),$C$3&", ","") & IF((COUNTIFS(TableBOM[Product ID],$D$4,TableBOM[Item ID],$A16)>0)*($H$4>0),$C$4&", ","") & IF((COUNTIFS(TableBOM[Product ID],$D$5,TableBOM[Item ID],$A16)>0)*($H$5>0),$C$5&", ","") & IF((COUNTIFS(TableBOM[Product ID],$D$6,TableBOM[Item ID],$A16)>0)*($H$6>0),$C$6&", ","") & IF((COUNTIFS(TableBOM[Product ID],$D$7,TableBOM[Item ID],$A16)>0)*($H$7>0),$C$7&", ",""))-2),"")
A17: 4179 | B17: SLUG | C17: 20.5x4.5 | D17: kg | E17: =SUMPRODUCT((TableBOM[Item ID]=A17)*TableBOM[Per 1000 Units]*(1+TableBOM[Scrap %])*((SUMIF($D$3:$D$7,TableBOM[Product ID],$H$3:$H$7))>0)*(SUMIF($D$3:$D$7,TableBOM[Product ID],$H$3:$H$7))/1000) -> 95.2754 | F17: =IFERROR(INDEX(TableInventory[Store Balance],MATCH(A17,TableInventory[Item ID],0)),0)+IFERROR(INDEX(TableInventory[WIP],MATCH(A17,TableInventory[Item ID],0)),0) -> 132 | G17: =F17-E17 -> 36.7246 | H17: =IFERROR(IF(SUMPRODUCT((TableBOM[Item ID]=A17)*((SUMIF($D$3:$D$7,TableBOM[Product ID],$H$3:$H$7))>0)*(SUMIF($D$3:$D$7,TableBOM[Product ID],$H$3:$H$7))*TableBOM[Per 1000 Units]*(1+TableBOM[Scrap %]))=0,"-",ROUND(F17*1000*SUMPRODUCT((TableBOM[Item ID]=A17)*((SUMIF($D$3:$D$7,TableBOM[Product ID],$H$3:$H$7))>0)*(SUMIF($D$3:$D$7,TableBOM[Product ID],$H$3:$H$7)))/SUMPRODUCT((TableBOM[Item ID]=A17)*((SUMIF($D$3:$D$7,TableBOM[Product ID],$H$3:$H$7))>0)*(SUMIF($D$3:$D$7,TableBOM[Product ID],$H$3:$H$7))*TableBOM[Per 1000 Units]*(1+TableBOM[Scrap %])),0)),"-") -> 30480 | I17: =IF(E17=0,"Not needed",IF(G17<0,"SHORTAGE",IF(G17<E17*0.1,"LOW","OK"))) -> OK | J17: =IF(LEN(IF((COUNTIFS(TableBOM[Product ID],$D$3,TableBOM[Item ID],$A17)>0)*($H$3>0),$C$3&", ","") & IF((COUNTIFS(TableBOM[Product ID],$D$4,TableBOM[Item ID],$A17)>0)*($H$4>0),$C$4&", ","") & IF((COUNTIFS(TableBOM[Product ID],$D$5,TableBOM[Item ID],$A17)>0)*($H$5>0),$C$5&", ","") & IF((COUNTIFS(TableBOM[Product ID],$D$6,TableBOM[Item ID],$A17)>0)*($H$6>0),$C$6&", ","") & IF((COUNTIFS(TableBOM[Product ID],$D$7,TableBOM[Item ID],$A17)>0)*($H$7>0),$C$7&", ",""))>1,LEFT(IF((COUNTIFS(TableBOM[Product ID],$D$3,TableBOM[Item ID],$A17)>0)*($H$3>0),$C$3&", ","") & IF((COUNTIFS(TableBOM[Product ID],$D$4,TableBOM[Item ID],$A17)>0)*($H$4>0),$C$4&", ","") & IF((COUNTIFS(TableBOM[Product ID],$D$5,TableBOM[Item ID],$A17)>0)*($H$5>0),$C$5&", ","") & IF((COUNTIFS(TableBOM[Product ID],$D$6,TableBOM[Item ID],$A17)>0)*($H$6>0),$C$6&", ","") & IF((COUNTIFS(TableBOM[Product ID],$D$7,TableBOM[Item ID],$A17)>0)*($H$7>0),$C$7&", ",""),LEN(IF((COUNTIFS(TableBOM[Product ID],$D$3,TableBOM[Item ID],$A17)>0)*($H$3>0),$C$3&", ","") & IF((COUNTIFS(TableBOM[Product ID],$D$4,TableBOM[Item ID],$A17)>0)*($H$4>0),$C$4&", ","") & IF((COUNTIFS(TableBOM[Product ID],$D$5,TableBOM[Item ID],$A17)>0)*($H$5>0),$C$5&", ","") & IF((COUNTIFS(TableBOM[Product ID],$D$6,TableBOM[Item ID],$A17)>0)*($H$6>0),$C$6&", ","") & IF((COUNTIFS(TableBOM[Product ID],$D$7,TableBOM[Item ID],$A17)>0)*($H$7>0),$C$7&", ",""))-2),"") -> VINCE HIS ONLY BEARD & MUSTACHE COLOR CREAM
A18: 6 | B18: SLUG | C18: 25X4.5 S/M | D18: kg | E18: =SUMPRODUCT((TableBOM[Item ID]=A18)*TableBOM[Per 1000 Units]*(1+TableBOM[Scrap %])*((SUMIF($D$3:$D$7,TableBOM[Product ID],$H$3:$H$7))>0)*(SUMIF($D$3:$D$7,TableBOM[Product ID],$H$3:$H$7))/1000) -> 195.261 | F18: =IFERROR(INDEX(TableInventory[Store Balance],MATCH(A18,TableInventory[Item ID],0)),0)+IFERROR(INDEX(TableInventory[WIP],MATCH(A18,TableInventory[Item ID],0)),0) -> 103 | G18: =F18-E18 -> -92.261 | H18: =IFERROR(IF(SUMPRODUCT((TableBOM[Item ID]=A18)*((SUMIF($D$3:$D$7,TableBOM[Product ID],$H$3:$H$7))>0)*(SUMIF($D$3:$D$7,TableBOM[Product ID],$H$3:$H$7))*TableBOM[Per 1000 Units]*(1+TableBOM[Scrap %]))=0,"-",ROUND(F18*1000*SUMPRODUCT((TableBOM[Item ID]=A18)*((SUMIF($D$3:$D$7,TableBOM[Product ID],$H$3:$H$7))>0)*(SUMIF($D$3:$D$7,TableBOM[Product ID],$H$3:$H$7)))/SUMPRODUCT((TableBOM[Item ID]=A18)*((SUMIF($D$3:$D$7,TableBOM[Product ID],$H$3:$H$7))>0)*(SUMIF($D$3:$D$7,TableBOM[Product ID],$H$3:$H$7))*TableBOM[Per 1000 Units]*(1+TableBOM[Scrap %])),0)),"-") -> 15825 | I18: =IF(E18=0,"Not needed",IF(G18<0,"SHORTAGE",IF(G18<E18*0.1,"LOW","OK"))) -> SHORTAGE | J18: =IF(LEN(IF((COUNTIFS(TableBOM[Product ID],$D$3,TableBOM[Item ID],$A18)>0)*($H$3>0),$C$3&", ","") & IF((COUNTIFS(TableBOM[Product ID],$D$4,TableBOM[Item ID],$A18)>0)*($H$4>0),$C$4&", ","") & IF((COUNTIFS(TableBOM[Product ID],$D$5,TableBOM[Item ID],$A18)>0)*($H$5>0),$C$5&", ","") & IF((COUNTIFS(TableBOM[Product ID],$D$6,TableBOM[Item ID],$A18)>0)*($H$6>0),$C$6&", ","") & IF((COUNTIFS(TableBOM[Product ID],$D$7,TableBOM[Item ID],$A18)>0)*($H$7>0),$C$7&", ",""))>1,LEFT(IF((COUNTIFS(TableBOM[Product ID],$D$3,TableBOM[Item ID],$A18)>0)*($H$3>0),$C$3&", ","") & IF((COUNTIFS(TableBOM[Product ID],$D$4,TableBOM[Item ID],$A18)>0)*($H$4>0),$C$4&", ","") & IF((COUNTIFS(TableBOM[Product ID],$D$5,TableBOM[Item ID],$A18)>0)*($H$5>0),$C$5&", ","") & IF((COUNTIFS(TableBOM[Product ID],$D$6,TableBOM[Item ID],$A18)>0)*($H$6>0),$C$6&", ","") & IF((COUNTIFS(TableBOM[Product ID],$D$7,TableBOM[Item ID],$A18)>0)*($H$7>0),$C$7&", ",""),LEN(IF((COUNTIFS(TableBOM[Product ID],$D$3,TableBOM[Item ID],$A18)>0)*($H$3>0),$C$3&", ","") & IF((COUNTIFS(TableBOM[Product ID],$D$4,TableBOM[Item ID],$A18)>0)*($H$4>0),$C$4&", ","") & IF((COUNTIFS(TableBOM[Product ID],$D$5,TableBOM[Item ID],$A18)>0)*($H$5>0),$C$5&", ","") & IF((COUNTIFS(TableBOM[Product ID],$D$6,TableBOM[Item ID],$A18)>0)*($H$6>0),$C$6&", ","") & IF((COUNTIFS(TableBOM[Product ID],$D$7,TableBOM[Item ID],$A18)>0)*($H$7>0),$C$7&", ",""))-2),"") -> TUBES COMMON RED
A19: 10 | B19: SLUG | C19: 25X4.8 S/M | D19: kg | E19: =SUMPRODUCT((TableBOM[Item ID]=A19)*TableBOM[Per 1000 Units]*(1+TableBOM[Scrap %])*((SUMIF($D$3:$D$7,TableBOM[Product ID],$H$3:$H$7))>0)*(SUMIF($D$3:$D$7,TableBOM[Product ID],$H$3:$H$7))/1000) -> 0 | F19: =IFERROR(INDEX(TableInventory[Store Balance],MATCH(A19,TableInventory[Item ID],0)),0)+IFERROR(INDEX(TableInventory[WIP],MATCH(A19,TableInventory[Item ID],0)),0) -> 0 | G19: =F19-E19 -> 0 | H19: =IFERROR(IF(SUMPRODUCT((TableBOM[Item ID]=A19)*((SUMIF($D$3:$D$7,TableBOM[Product ID],$H$3:$H$7))>0)*(SUMIF($D$3:$D$7,TableBOM[Product ID],$H$3:$H$7))*TableBOM[Per 1000 Units]*(1+TableBOM[Scrap %]))=0,"-",ROUND(F19*1000*SUMPRODUCT((TableBOM[Item ID]=A19)*((SUMIF($D$3:$D$7,TableBOM[Product ID],$H$3:$H$7))>0)*(SUMIF($D$3:$D$7,TableBOM[Product ID],$H$3:$H$7)))/SUMPRODUCT((TableBOM[Item ID]=A19)*((SUMIF($D$3:$D$7,TableBOM[Product ID],$H$3:$H$7))>0)*(SUMIF($D$3:$D$7,TableBOM[Product ID],$H$3:$H$7))*TableBOM[Per 1000 Units]*(1+TableBOM[Scrap %])),0)),"-") -> - | I19: =IF(E19=0,"Not needed",IF(G19<0,"SHORTAGE",IF(G19<E19*0.1,"LOW","OK"))) -> Not needed | J19: =IF(LEN(IF((COUNTIFS(TableBOM[Product ID],$D$3,TableBOM[Item ID],$A19)>0)*($H$3>0),$C$3&", ","") & IF((COUNTIFS(TableBOM[Product ID],$D$4,TableBOM[Item ID],$A19)>0)*($H$4>0),$C$4&", ","") & IF((COUNTIFS(TableBOM[Product ID],$D$5,TableBOM[Item ID],$A19)>0)*($H$5>0),$C$5&", ","") & IF((COUNTIFS(TableBOM[Product ID],$D$6,TableBOM[Item ID],$A19)>0)*($H$6>0),$C$6&", ","") & IF((COUNTIFS(TableBOM[Product ID],$D$7,TableBOM[Item ID],$A19)>0)*($H$7>0),$C$7&", ",""))>1,LEFT(IF((COUNTIFS(TableBOM[Product ID],$D$3,TableBOM[Item ID],$A19)>0)*($H$3>0),$C$3&", ","") & IF((COUNTIFS(TableBOM[Product ID],$D$4,TableBOM[Item ID],$A19)>0)*($H$4>0),$C$4&", ","") & IF((COUNTIFS(TableBOM[Product ID],$D$5,TableBOM[Item ID],$A19)>0)*($H$5>0),$C$5&", ","") & IF((COUNTIFS(TableBOM[Product ID],$D$6,TableBOM[Item ID],$A19)>0)*($H$6>0),$C$6&", ","") & IF((COUNTIFS(TableBOM[Product ID],$D$7,TableBOM[Item ID],$A19)>0)*($H$7>0),$C$7&", ",""),LEN(IF((COUNTIFS(TableBOM[Product ID],$D$3,TableBOM[Item ID],$A19)>0)*($H$3>0),$C$3&", ","") & IF((COUNTIFS(TableBOM[Product ID],$D$4,TableBOM[Item ID],$A19)>0)*($H$4>0),$C$4&", ","") & IF((COUNTIFS(TableBOM[Product ID],$D$5,TableBOM[Item ID],$A19)>0)*($H$5>0),$C$5&", ","") & IF((COUNTIFS(TableBOM[Product ID],$D$6,TableBOM[Item ID],$A19)>0)*($H$6>0),$C$6&", ","") & IF((COUNTIFS(TableBOM[Product ID],$D$7,TableBOM[Item ID],$A19)>0)*($H$7>0),$C$7&", ",""))-2),"")
A20: 2 | B20: SLUG | C20: 30X4.3 | D20: kg | E20: =SUMPRODUCT((TableBOM[Item ID]=A20)*TableBOM[Per 1000 Units]*(1+TableBOM[Scrap %])*((SUMIF($D$3:$D$7,TableBOM[Product ID],$H$3:$H$7))>0)*(SUMIF($D$3:$D$7,TableBOM[Product ID],$H$3:$H$7))/1000) -> 0 | F20: =IFERROR(INDEX(TableInventory[Store Balance],MATCH(A20,TableInventory[Item ID],0)),0)+IFERROR(INDEX(TableInventory[WIP],MATCH(A20,TableInventory[Item ID],0)),0) -> 0 | G20: =F20-E20 -> 0 | H20: =IFERROR(IF(SUMPRODUCT((TableBOM[Item ID]=A20)*((SUMIF($D$3:$D$7,TableBOM[Product ID],$H$3:$H$7))>0)*(SUMIF($D$3:$D$7,TableBOM[Product ID],$H$3:$H$7))*TableBOM[Per 1000 Units]*(1+TableBOM[Scrap %]))=0,"-",ROUND(F20*1000*SUMPRODUCT((TableBOM[Item ID]=A20)*((SUMIF($D$3:$D$7,TableBOM[Product ID],$H$3:$H$7))>0)*(SUMIF($D$3:$D$7,TableBOM[Product ID],$H$3:$H$7)))/SUMPRODUCT((TableBOM[Item ID]=A20)*((SUMIF($D$3:$D$7,TableBOM[Product ID],$H$3:$H$7))>0)*(SUMIF($D$3:$D$7,TableBOM[Product ID],$H$3:$H$7))*TableBOM[Per 1000 Units]*(1+TableBOM[Scrap %])),0)),"-") -> - | I20: =IF(E20=0,"Not needed",IF(G20<0,"SHORTAGE",IF(G20<E20*0.1,"LOW","OK"))) -> Not needed | J20: =IF(LEN(IF((COUNTIFS(TableBOM[Product ID],$D$3,TableBOM[Item ID],$A20)>0)*($H$3>0),$C$3&", ","") & IF((COUNTIFS(TableBOM[Product ID],$D$4,TableBOM[Item ID],$A20)>0)*($H$4>0),$C$4&", ","") & IF((COUNTIFS(TableBOM[Product ID],$D$5,TableBOM[Item ID],$A20)>0)*($H$5>0),$C$5&", ","") & IF((COUNTIFS(TableBOM[Product ID],$D$6,TableBOM[Item ID],$A20)>0)*($H$6>0),$C$6&", ","") & IF((COUNTIFS(TableBOM[Product ID],$D$7,TableBOM[Item ID],$A20)>0)*($H$7>0),$C$7&", ",""))>1,LEFT(IF((COUNTIFS(TableBOM[Product ID],$D$3,TableBOM[Item ID],$A20)>0)*($H$3>0),$C$3&", ","") & IF((COUNTIFS(TableBOM[Product ID],$D$4,TableBOM[Item ID],$A20)>0)*($H$4>0),$C$4&", ","") & IF((COUNTIFS(TableBOM[Product ID],$D$5,TableBOM[Item ID],$A20)>0)*($H$5>0),$C$5&", ","") & IF((COUNTIFS(TableBOM[Product ID],$D$6,TableBOM[Item ID],$A20)>0)*($H$6>0),$C$6&", ","") & IF((COUNTIFS(TableBOM[Product ID],$D$7,TableBOM[Item ID],$A20)>0)*($H$7>0),$C$7&", ",""),LEN(IF((COUNTIFS(TableBOM[Product ID],$D$3,TableBOM[Item ID],$A20)>0)*($H$3>0),$C$3&", ","") & IF((COUNTIFS(TableBOM[Product ID],$D$4,TableBOM[Item ID],$A20)>0)*($H$4>0),$C$4&", ","") & IF((COUNTIFS(TableBOM[Product ID],$D$5,TableBOM[Item ID],$A20)>0)*($H$5>0),$C$5&", ","") & IF((COUNTIFS(TableBOM[Product ID],$D$6,TableBOM[Item ID],$A20)>0)*($H$6>0),$C$6&", ","") & IF((COUNTIFS(TableBOM[Product ID],$D$7,TableBOM[Item ID],$A20)>0)*($H$7>0),$C$7&", ",""))-2),"")
A21: 3597 | B21: SLUG | C21: SLUG 30X4.8 | D21: kg | E21: =SUMPRODUCT((TableBOM[Item ID]=A21)*TableBOM[Per 1000 Units]*(1+TableBOM[Scrap %])*((SUMIF($D$3:$D$7,TableBOM[Product ID],$H$3:$H$7))>0)*(SUMIF($D$3:$D$7,TableBOM[Product ID],$H$3:$H$7))/1000) -> 2116.2944 | F21: =IFERROR(INDEX(TableInventory[Store Balance],MATCH(A21,TableInventory[Item ID],0)),0)+IFERROR(INDEX(TableInventory[WIP],MATCH(A21,TableInventory[Item ID],0)),0) -> 85 | G21: =F21-E21 -> -2031.2944 | H21: =IFERROR(IF(SUMPRODUCT((TableBOM[Item ID]=A21)*((SUMIF($D$3:$D$7,TableBOM[Product ID],$H$3:$H$7))>0)*(SUMIF($D$3:$D$7,TableBOM[Product ID],$H$3:$H$7))*TableBOM[Per 1000 Units]*(1+TableBOM[Scrap %]))=0,"-",ROUND(F21*1000*SUMPRODUCT((TableBOM[Item ID]=A21)*((SUMIF($D$3:$D$7,TableBOM[Product ID],$H$3:$H$7))>0)*(SUMIF($D$3:$D$7,TableBOM[Product ID],$H$3:$H$7)))/SUMPRODUCT((TableBOM[Item ID]=A21)*((SUMIF($D$3:$D$7,TableBOM[Product ID],$H$3:$H$7))>0)*(SUMIF($D$3:$D$7,TableBOM[Product ID],$H$3:$H$7))*TableBOM[Per 1000 Units]*(1+TableBOM[Scrap %])),0)),"-") -> 9659 | I21: =IF(E21=0,"Not needed",IF(G21<0,"SHORTAGE",IF(G21<E21*0.1,"LOW","OK"))) -> SHORTAGE | J21: =IF(LEN(IF((COUNTIFS(TableBOM[Product ID],$D$3,TableBOM[Item ID],$A21)>0)*($H$3>0),$C$3&", ","") & IF((COUNTIFS(TableBOM[Product ID],$D$4,TableBOM[Item ID],$A21)>0)*($H$4>0),$C$4&", ","") & IF((COUNTIFS(TableBOM[Product ID],$D$5,TableBOM[Item ID],$A21)>0)*($H$5>0),$C$5&", ","") & IF((COUNTIFS(TableBOM[Product ID],$D$6,TableBOM[Item ID],$A21)>0)*($H$6>0),$C$6&", ","") & IF((COUNTIFS(TableBOM[Product ID],$D$7,TableBOM[Item ID],$A21)>0)*($H$7>0),$C$7&", ",""))>1,LEFT(IF((COUNTIFS(TableBOM[Product ID],$D$3,TableBOM[Item ID],$A21)>0)*($H$3>0),$C$3&", ","") & IF((COUNTIFS(TableBOM[Product ID],$D$4,TableBOM[Item ID],$A21)>0)*($H$4>0),$C$4&", ","") & IF((COUNTIFS(TableBOM[Product ID],$D$5,TableBOM[Item ID],$A21)>0)*($H$5>0),$C$5&", ","") & IF((COUNTIFS(TableBOM[Product ID],$D$6,TableBOM[Item ID],$A21)>0)*($H$6>0),$C$6&", ","") & IF((COUNTIFS(TableBOM[Product ID],$D$7,TableBOM[Item ID],$A21)>0)*($H$7>0),$C$7&", ",""),LEN(IF((COUNTIFS(TableBOM[Product ID],$D$3,TableBOM[Item ID],$A21)>0)*($H$3>0),$C$3&", ","") & IF((COUNTIFS(TableBOM[Product ID],$D$4,TableBOM[Item ID],$A21)>0)*($H$4>0),$C$4&", ","") & IF((COUNTIFS(TableBOM[Product ID],$D$5,TableBOM[Item ID],$A21)>0)*($H$5>0),$C$5&", ","") & IF((COUNTIFS(TableBOM[Product ID],$D$6,TableBOM[Item ID],$A21)>0)*($H$6>0),$C$6&", ","") & IF((COUNTIFS(TableBOM[Product ID],$D$7,TableBOM[Item ID],$A21)>0)*($H$7>0),$C$7&", ",""))-2),"") -> VINCE NURTURAL, HELLO HAIR COLOR
A22: 6961 | B22: SLUG | C22: 32X5.2 | D22: kg | E22: =SUMPRODUCT((TableBOM[Item ID]=A22)*TableBOM[Per 1000 Units]*(1+TableBOM[Scrap %])*((SUMIF($D$3:$D$7,TableBOM[Product ID],$H$3:$H$7))>0)*(SUMIF($D$3:$D$7,TableBOM[Product ID],$H$3:$H$7))/1000) -> 0 | F22: =IFERROR(INDEX(TableInventory[Store Balance],MATCH(A22,TableInventory[Item ID],0)),0)+IFERROR(INDEX(TableInventory[WIP],MATCH(A22,TableInventory[Item ID],0)),0) -> 0 | G22: =F22-E22 -> 0 | H22: =IFERROR(IF(SUMPRODUCT((TableBOM[Item ID]=A22)*((SUMIF($D$3:$D$7,TableBOM[Product ID],$H$3:$H$7))>0)*(SUMIF($D$3:$D$7,TableBOM[Product ID],$H$3:$H$7))*TableBOM[Per 1000 Units]*(1+TableBOM[Scrap %]))=0,"-",ROUND(F22*1000*SUMPRODUCT((TableBOM[Item ID]=A22)*((SUMIF($D$3:$D$7,TableBOM[Product ID],$H$3:$H$7))>0)*(SUMIF($D$3:$D$7,TableBOM[Product ID],$H$3:$H$7)))/SUMPRODUCT((TableBOM[Item ID]=A22)*((SUMIF($D$3:$D$7,TableBOM[Product ID],$H$3:$H$7))>0)*(SUMIF($D$3:$D$7,TableBOM[Product ID],$H$3:$H$7))*TableBOM[Per 1000 Units]*(1+TableBOM[Scrap %])),0)),"-") -> - | I22: =IF(E22=0,"Not needed",IF(G22<0,"SHORTAGE",IF(G22<E22*0.1,"LOW","OK"))) -> Not needed | J22: =IF(LEN(IF((COUNTIFS(TableBOM[Product ID],$D$3,TableBOM[Item ID],$A22)>0)*($H$3>0),$C$3&", ","") & IF((COUNTIFS(TableBOM[Product ID],$D$4,TableBOM[Item ID],$A22)>0)*($H$4>0),$C$4&", ","") & IF((COUNTIFS(TableBOM[Product ID],$D$5,TableBOM[Item ID],$A22)>0)*($H$5>0),$C$5&", ","") & IF((COUNTIFS(TableBOM[Product ID],$D$6,TableBOM[Item ID],$A22)>0)*($H$6>0),$C$6&", ","") & IF((COUNTIFS(TableBOM[Product ID],$D$7,TableBOM[Item ID],$A22)>0)*($H$7>0),$C$7&", ",""))>1,LEFT(IF((COUNTIFS(TableBOM[Product ID],$D$3,TableBOM[Item ID],$A22)>0)*($H$3>0),$C$3&", ","") & IF((COUNTIFS(TableBOM[Product ID],$D$4,TableBOM[Item ID],$A22)>0)*($H$4>0),$C$4&", ","") & IF((COUNTIFS(TableBOM[Product ID],$D$5,TableBOM[Item ID],$A22)>0)*($H$5>0),$C$5&", ","") & IF((COUNTIFS(TableBOM[Product ID],$D$6,TableBOM[Item ID],$A22)>0)*($H$6>0),$C$6&", ","") & IF((COUNTIFS(TableBOM[Product ID],$D$7,TableBOM[Item ID],$A22)>0)*($H$7>0),$C$7&", ",""),LEN(IF((COUNTIFS(TableBOM[Product ID],$D$3,TableBOM[Item ID],$A22)>0)*($H$3>0),$C$3&", ","") & IF((COUNTIFS(TableBOM[Product ID],$D$4,TableBOM[Item ID],$A22)>0)*($H$4>0),$C$4&", ","") & IF((COUNTIFS(TableBOM[Product ID],$D$5,TableBOM[Item ID],$A22)>0)*($H$5>0),$C$5&", ","") & IF((COUNTIFS(TableBOM[Product ID],$D$6,TableBOM[Item ID],$A22)>0)*($H$6>0),$C$6&", ","") & IF((COUNTIFS(TableBOM[Product ID],$D$7,TableBOM[Item ID],$A22)>0)*($H$7>0),$C$7&", ",""))-2),"")
... A91: 3043 | B91: PACKING | C91: PLASTIC DOORI | D91: ROLL | E91: =SUMPRODUCT((TableBOM[Item ID]=A91)*TableBOM[Per 1000 Units]*(1+TableBOM[Scrap %])*((SUMIF($D$3:$D$7,TableBOM[Product ID],$H$3:$H$7))>0)*(SUMIF($D$3:$D$7,TableBOM[Product ID],$H$3:$H$7))/1000) -> 0 | F91: =IFERROR(INDEX(TableInventory[Store Balance],MATCH(A91,TableInventory[Item ID],0)),0)+IFERROR(INDEX(TableInventory[WIP],MATCH(A91,TableInventory[Item ID],0)),0) -> 0 | G91: =F91-E91 -> 0 | H91: =IFERROR(IF(SUMPRODUCT((TableBOM[Item ID]=A91)*((SUMIF($D$3:$D$7,TableBOM[Product ID],$H$3:$H$7))>0)*(SUMIF($D$3:$D$7,TableBOM[Product ID],$H$3:$H$7))*TableBOM[Per 1000 Units]*(1+TableBOM[Scrap %]))=0,"-",ROUND(F91*1000*SUMPRODUCT((TableBOM[Item ID]=A91)*((SUMIF($D$3:$D$7,TableBOM[Product ID],$H$3:$H$7))>0)*(SUMIF($D$3:$D$7,TableBOM[Product ID],$H$3:$H$7)))/SUMPRODUCT((TableBOM[Item ID]=A91)*((SUMIF($D$3:$D$7,TableBOM[Product ID],$H$3:$H$7))>0)*(SUMIF($D$3:$D$7,TableBOM[Product ID],$H$3:$H$7))*TableBOM[Per 1000 Units]*(1+TableBOM[Scrap %])),0)),"-") -> - | I91: =IF(E91=0,"Not needed",IF(G91<0,"SHORTAGE",IF(G91<E91*0.1,"LOW","OK"))) -> Not needed | J91: =IF(LEN(IF((COUNTIFS(TableBOM[Product ID],$D$3,TableBOM[Item ID],$A91)>0)*($H$3>0),$C$3&", ","") & IF((COUNTIFS(TableBOM[Product ID],$D$4,TableBOM[Item ID],$A91)>0)*($H$4>0),$C$4&", ","") & IF((COUNTIFS(TableBOM[Product ID],$D$5,TableBOM[Item ID],$A91)>0)*($H$5>0),$C$5&", ","") & IF((COUNTIFS(TableBOM[Product ID],$D$6,TableBOM[Item ID],$A91)>0)*($H$6>0),$C$6&", ","") & IF((COUNTIFS(TableBOM[Product ID],$D$7,TableBOM[Item ID],$A91)>0)*($H$7>0),$C$7&", ",""))>1,LEFT(IF((COUNTIFS(TableBOM[Product ID],$D$3,TableBOM[Item ID],$A91)>0)*($H$3>0),$C$3&", ","") & IF((COUNTIFS(TableBOM[Product ID],$D$4,TableBOM[Item ID],$A91)>0)*($H$4>0),$C$4&", ","") & IF((COUNTIFS(TableBOM[Product ID],$D$5,TableBOM[Item ID],$A91)>0)*($H$5>0),$C$5&", ","") & IF((COUNTIFS(TableBOM[Product ID],$D$6,TableBOM[Item ID],$A91)>0)*($H$6>0),$C$6&", ","") & IF((COUNTIFS(TableBOM[Product ID],$D$7,TableBOM[Item ID],$A91)>0)*($H$7>0),$C$7&", ",""),LEN(IF((COUNTIFS(TableBOM[Product ID],$D$3,TableBOM[Item ID],$A91)>0)*($H$3>0),$C$3&", ","") & IF((COUNTIFS(TableBOM[Product ID],$D$4,TableBOM[Item ID],$A91)>0)*($H$4>0),$C$4&", ","") & IF((COUNTIFS(TableBOM[Product ID],$D$5,TableBOM[Item ID],$A91)>0)*($H$5>0),$C$5&", ","") & IF((COUNTIFS(TableBOM[Product ID],$D$6,TableBOM[Item ID],$A91)>0)*($H$6>0),$C$6&", ","") & IF((COUNTIFS(TableBOM[Product ID],$D$7,TableBOM[Item ID],$A91)>0)*($H$7>0),$C$7&", ",""))-2),"")
A94: OCTOBER 2026 PET Required Pet Orders | G94: Date: | H94: =TODAY() -> 46316
A95: Dia | B95: Customer | C95: Product Name | D95: Product ID | E95: Job Order # | F95: Required Qty | G95: Produced | H95: Remaining Balance | I95: Remarks
A96: 75 ml | B96: Alpha Labs PVT LTD | C96: PET BOTTLE (75ML) TRANSPARENT BODY MIST | D96: 8018 | E96: 352 | F96: 25000 | G96: =INDEX(Tubex_Dashboard!$H$11:$H$100,MATCH(MRP!D96,Tubex_Dashboard!$F$11:$F$100,0)) -> 0 | H96: =F96-G96 -> 25000
A97: 130 ml | B97: Mablay Beauty PVT LTD. | C97: PET BOTTLE 130ML WHITE | D97: 8015 | E97: 344 | F97: 9480 | G97: =INDEX(Tubex_Dashboard!$H$11:$H$100,MATCH(MRP!D97,Tubex_Dashboard!$F$11:$F$100,0)) -> 0 | H97: =F97-G97 -> 9480
A98: 130 ml | B98: Alpha Labs PVT LTD | C98: PET BOTTLE SMALL (130ML) TRANSPARENT | D98: 8019 | E98: 355 | F98: 5000 | G98: =INDEX(Tubex_Dashboard!$H$11:$H$100,MATCH(MRP!D98,Tubex_Dashboard!$F$11:$F$100,0)) -> 5000 | H98: =F98-G98 -> 0 | I98: Order Complete
A99: 130 ml | B99: Mablay Beauty PVT LTD. | C99: PET BOTTLE SMALL (130ML) TRANSPARENT | D99: 8010 | E99: 354 | F99: =30000-11500 -> 18500 | G99: =INDEX(Tubex_Dashboard!$H$11:$H$100,MATCH(MRP!D99,Tubex_Dashboard!$F$11:$F$100,0)) -> 18690 | H99: =F99-G99 -> -190 | I99: Order Complete
A100: 150 ml | B100: Alpha Labs PVT LTD | C100: PET BOTTLE (150ML)TRANSPARENT BODY MIST | D100: 8001 | E100: 341, 347, 348 & 353 | F100: 549967 | G100: =INDEX(Tubex_Dashboard!$H$11:$H$100,MATCH(MRP!D100,Tubex_Dashboard!$F$11:$F$100,0)) -> 108470 | H100: =F100-G100 -> 441497
A101: 200 ml | B101: Samsol International Private Limited | C101: PET BOTTLE LARGE (200 ML) YELLOW | D101: 8006 | E101: 351 | F101: 4280 | G101: =INDEX(Tubex_Dashboard!$H$11:$H$100,MATCH(MRP!D101,Tubex_Dashboard!$F$11:$F$100,0)) -> 0 | H101: =F101-G101 -> 4280
E102: TOTAL: | F102: =SUM(F96:F101) -> 612227 | G102: =SUM(G96:G101) -> 132160 | H102: =SUMIF(H96:H101, ">0") -> 480257
A103: OCTOBER PET MATERIAL REQUIREMENT PLAN
A104: Item ID | B104: Category | C104: Item Name | D104: UOM | E104: Required Qty | F104: Current Stock (Store + WIP) | G104: Surplus / (Deficit) | H104: Current Stock Pieces Can Produce | I104: Status | J104: Product Name(s)
A105: 2680 | B105: PET RESIN | C105: PET RESIN A-84 | D105: kg | E105: =SUMPRODUCT((TableBOM[Item ID]=A105)*TableBOM[Per 1000 Units]*(1+TableBOM[Scrap %])*((SUMIF($D$96:$D$101,TableBOM[Product ID],$H$96:$H$101))>0)*(SUMIF($D$96:$D$101,TableBOM[Product ID],$H$96:$H$101))/1000) -> 12105.696 | F105: =IFERROR(INDEX(TableInventory[Store Balance],MATCH(A105,TableInventory[Item ID],0)),0)+IFERROR(INDEX(TableInventory[WIP],MATCH(A105,TableInventory[Item ID],0)),0) -> 50 | G105: =F105-E105 -> -12055.696 | H105: =IFERROR(IF(SUMPRODUCT((TableBOM[Item ID]=A105)*((SUMIF($D$96:$D$101,TableBOM[Product ID],$H$96:$H$101))>0)*(SUMIF($D$96:$D$101,TableBOM[Product ID],$H$96:$H$101))*TableBOM[Per 1000 Units]*(1+TableBOM[Scrap %]))=0,"-",ROUND(F105*1000*SUMPRODUCT((TableBOM[Item ID]=A105)*((SUMIF($D$96:$D$101,TableBOM[Product ID],$H$96:$H$101))>0)*(SUMIF($D$96:$D$101,TableBOM[Product ID],$H$96:$H$101)))/SUMPRODUCT((TableBOM[Item ID]=A105)*((SUMIF($D$96:$D$101,TableBOM[Product ID],$H$96:$H$101))>0)*(SUMIF($D$96:$D$101,TableBOM[Product ID],$H$96:$H$101))*TableBOM[Per 1000 Units]*(1+TableBOM[Scrap %])),0)),"-") -> 1984 | I105: =IF(E105=0,"Not needed",IF(G105<0,"SHORTAGE",IF(G105<E105*0.1,"LOW","OK"))) -> SHORTAGE | J105: =IF(LEN(IF((COUNTIFS(TableBOM[Product ID],$D$96,TableBOM[Item ID],$A105)>0)*($H$96>0),"Alpha 75ml TRP, ","") & IF((COUNTIFS(TableBOM[Product ID],$D$97,TableBOM[Item ID],$A105)>0)*($H$97>0),"Mablay 130ml White, ","") & IF((COUNTIFS(TableBOM[Product ID],$D$98,TableBOM[Item ID],$A105)>0)*($H$98>0),"Alpha 130ml TRP, ","") & IF((COUNTIFS(TableBOM[Product ID],$D$99,TableBOM[Item ID],$A105)>0)*($H$99>0),"Mablay 130ml TRP, ","") & IF((COUNTIFS(TableBOM[Product ID],$D$100,TableBOM[Item ID],$A105)>0)*($H$100>0),"Alpha 150ml TRP, ","") & IF((COUNTIFS(TableBOM[Product ID],$D$101,TableBOM[Item ID],$A105)>0)*($H$101>0),"Samsol Yellow 200ml, ",""))>1,LEFT(IF((COUNTIFS(TableBOM[Product ID],$D$96,TableBOM[Item ID],$A105)>0)*($H$96>0),"Alpha 75ml TRP, ","") & IF((COUNTIFS(TableBOM[Product ID],$D$97,TableBOM[Item ID],$A105)>0)*($H$97>0),"Mablay 130ml White, ","") & IF((COUNTIFS(TableBOM[Product ID],$D$98,TableBOM[Item ID],$A105)>0)*($H$98>0),"Alpha 130ml TRP, ","") & IF((COUNTIFS(TableBOM[Product ID],$D$99,TableBOM[Item ID],$A105)>0)*($H$99>0),"Mablay 130ml TRP, ","") & IF((COUNTIFS(TableBOM[Product ID],$D$100,TableBOM[Item ID],$A105)>0)*($H$100>0),"Alpha 150ml TRP, ","") & IF((COUNTIFS(TableBOM[Product ID],$D$101,TableBOM[Item ID],$A105)>0)*($H$101>0),"Samsol Yellow 200ml, ",""),LEN(IF((COUNTIFS(TableBOM[Product ID],$D$96,TableBOM[Item ID],$A105)>0)*($H$96>0),"Alpha 75ml TRP, ","") & IF((COUNTIFS(TableBOM[Product ID],$D$97,TableBOM[Item ID],$A105)>0)*($H$97>0),"Mablay 130ml White, ","") & IF((COUNTIFS(TableBOM[Product ID],$D$98,TableBOM[Item ID],$A105)>0)*($H$98>0),"Alpha 130ml TRP, ","") & IF((COUNTIFS(TableBOM[Product ID],$D$99,TableBOM[Item ID],$A105)>0)*($H$99>0),"Mablay 130ml TRP, ","") & IF((COUNTIFS(TableBOM[Product ID],$D$100,TableBOM[Item ID],$A105)>0)*($H$100>0),"Alpha 150ml TRP, ","") & IF((COUNTIFS(TableBOM[Product ID],$D$101,TableBOM[Item ID],$A105)>0)*($H$101>0),"Samsol Yellow 200ml, ",""))-2),"") -> Alpha 75ml TRP, Mablay 130ml White, Alpha 150ml TRP, Samsol Yellow 200ml
A106: 4002 | B106: MASTER BATCH | C106: MASTER BATCH YELLOW CMN# 3087 | D106: kg | E106: =SUMPRODUCT((TableBOM[Item ID]=A106)*TableBOM[Per 1000 Units]*(1+TableBOM[Scrap %])*((SUMIF($D$96:$D$101,TableBOM[Product ID],$H$96:$H$101))>0)*(SUMIF($D$96:$D$101,TableBOM[Product ID],$H$96:$H$101))/1000) -> 6.1525 | F106: =IFERROR(INDEX(TableInventory[Store Balance],MATCH(A106,TableInventory[Item ID],0)),0)+IFERROR(INDEX(TableInventory[WIP],MATCH(A106,TableInventory[Item ID],0)),0) -> 25 | G106: =F106-E106 -> 18.8475 | H106: =IFERROR(IF(SUMPRODUCT((TableBOM[Item ID]=A106)*((SUMIF($D$96:$D$101,TableBOM[Product ID],$H$96:$H$101))>0)*(SUMIF($D$96:$D$101,TableBOM[Product ID],$H$96:$H$101))*TableBOM[Per 1000 Units]*(1+TableBOM[Scrap %]))=0,"-",ROUND(F106*1000*SUMPRODUCT((TableBOM[Item ID]=A106)*((SUMIF($D$96:$D$101,TableBOM[Product ID],$H$96:$H$101))>0)*(SUMIF($D$96:$D$101,TableBOM[Product ID],$H$96:$H$101)))/SUMPRODUCT((TableBOM[Item ID]=A106)*((SUMIF($D$96:$D$101,TableBOM[Product ID],$H$96:$H$101))>0)*(SUMIF($D$96:$D$101,TableBOM[Product ID],$H$96:$H$101))*TableBOM[Per 1000 Units]*(1+TableBOM[Scrap %])),0)),"-") -> 17391 | I106: =IF(E106=0,"Not needed",IF(G106<0,"SHORTAGE",IF(G106<E106*0.1,"LOW","OK"))) -> OK | J106: =IF(LEN(IF((COUNTIFS(TableBOM[Product ID],$D$96,TableBOM[Item ID],$A106)>0)*($H$96>0),"Alpha 75ml TRP, ","") & IF((COUNTIFS(TableBOM[Product ID],$D$97,TableBOM[Item ID],$A106)>0)*($H$97>0),"Mablay 130ml White, ","") & IF((COUNTIFS(TableBOM[Product ID],$D$98,TableBOM[Item ID],$A106)>0)*($H$98>0),"Alpha 130ml TRP, ","") & IF((COUNTIFS(TableBOM[Product ID],$D$99,TableBOM[Item ID],$A106)>0)*($H$99>0),"Mablay 130ml TRP, ","") & IF((COUNTIFS(TableBOM[Product ID],$D$100,TableBOM[Item ID],$A106)>0)*($H$100>0),"Alpha 150ml TRP, ","") & IF((COUNTIFS(TableBOM[Product ID],$D$101,TableBOM[Item ID],$A106)>0)*($H$101>0),"Samsol Yellow 200ml, ",""))>1,LEFT(IF((COUNTIFS(TableBOM[Product ID],$D$96,TableBOM[Item ID],$A106)>0)*($H$96>0),"Alpha 75ml TRP, ","") & IF((COUNTIFS(TableBOM[Product ID],$D$97,TableBOM[Item ID],$A106)>0)*($H$97>0),"Mablay 130ml White, ","") & IF((COUNTIFS(TableBOM[Product ID],$D$98,TableBOM[Item ID],$A106)>0)*($H$98>0),"Alpha 130ml TRP, ","") & IF((COUNTIFS(TableBOM[Product ID],$D$99,TableBOM[Item ID],$A106)>0)*($H$99>0),"Mablay 130ml TRP, ","") & IF((COUNTIFS(TableBOM[Product ID],$D$100,TableBOM[Item ID],$A106)>0)*($H$100>0),"Alpha 150ml TRP, ","") & IF((COUNTIFS(TableBOM[Product ID],$D$101,TableBOM[Item ID],$A106)>0)*($H$101>0),"Samsol Yellow 200ml, ",""),LEN(IF((COUNTIFS(TableBOM[Product ID],$D$96,TableBOM[Item ID],$A106)>0)*($H$96>0),"Alpha 75ml TRP, ","") & IF((COUNTIFS(TableBOM[Product ID],$D$97,TableBOM[Item ID],$A106)>0)*($H$97>0),"Mablay 130ml White, ","") & IF((COUNTIFS(TableBOM[Product ID],$D$98,TableBOM[Item ID],$A106)>0)*($H$98>0),"Alpha 130ml TRP, ","") & IF((COUNTIFS(TableBOM[Product ID],$D$99,TableBOM[Item ID],$A106)>0)*($H$99>0),"Mablay 130ml TRP, ","") & IF((COUNTIFS(TableBOM[Product ID],$D$100,TableBOM[Item ID],$A106)>0)*($H$100>0),"Alpha 150ml TRP, ","") & IF((COUNTIFS(TableBOM[Product ID],$D$101,TableBOM[Item ID],$A106)>0)*($H$101>0),"Samsol Yellow 200ml, ",""))-2),"") -> Samsol Yellow 200ml
A107: 5816 | B107: MASTER BATCH | C107: MASTER BATCH WHITE PRC-MC ET02340000 | D107: kg | E107: =SUMPRODUCT((TableBOM[Item ID]=A107)*TableBOM[Per 1000 Units]*(1+TableBOM[Scrap %])*((SUMIF($D$96:$D$101,TableBOM[Product ID],$H$96:$H$101))>0)*(SUMIF($D$96:$D$101,TableBOM[Product ID],$H$96:$H$101))/1000) -> 9.8118 | F107: =IFERROR(INDEX(TableInventory[Store Balance],MATCH(A107,TableInventory[Item ID],0)),0)+IFERROR(INDEX(TableInventory[WIP],MATCH(A107,TableInventory[Item ID],0)),0) -> 0 | G107: =F107-E107 -> -9.8118 | H107: =IFERROR(IF(SUMPRODUCT((TableBOM[Item ID]=A107)*((SUMIF($D$96:$D$101,TableBOM[Product ID],$H$96:$H$101))>0)*(SUMIF($D$96:$D$101,TableBOM[Product ID],$H$96:$H$101))*TableBOM[Per 1000 Units]*(1+TableBOM[Scrap %]))=0,"-",ROUND(F107*1000*SUMPRODUCT((TableBOM[Item ID]=A107)*((SUMIF($D$96:$D$101,TableBOM[Product ID],$H$96:$H$101))>0)*(SUMIF($D$96:$D$101,TableBOM[Product ID],$H$96:$H$101)))/SUMPRODUCT((TableBOM[Item ID]=A107)*((SUMIF($D$96:$D$101,TableBOM[Product ID],$H$96:$H$101))>0)*(SUMIF($D$96:$D$101,TableBOM[Product ID],$H$96:$H$101))*TableBOM[Per 1000 Units]*(1+TableBOM[Scrap %])),0)),"-") -> 0 | I107: =IF(E107=0,"Not needed",IF(G107<0,"SHORTAGE",IF(G107<E107*0.1,"LOW","OK"))) -> SHORTAGE | J107: =IF(LEN(IF((COUNTIFS(TableBOM[Product ID],$D$96,TableBOM[Item ID],$A107)>0)*($H$96>0),"Alpha 75ml TRP, ","") & IF((COUNTIFS(TableBOM[Product ID],$D$97,TableBOM[Item ID],$A107)>0)*($H$97>0),"Mablay 130ml White, ","") & IF((COUNTIFS(TableBOM[Product ID],$D$98,TableBOM[Item ID],$A107)>0)*($H$98>0),"Alpha 130ml TRP, ","") & IF((COUNTIFS(TableBOM[Product ID],$D$99,TableBOM[Item ID],$A107)>0)*($H$99>0),"Mablay 130ml TRP, ","") & IF((COUNTIFS(TableBOM[Product ID],$D$100,TableBOM[Item ID],$A107)>0)*($H$100>0),"Alpha 150ml TRP, ","") & IF((COUNTIFS(TableBOM[Product ID],$D$101,TableBOM[Item ID],$A107)>0)*($H$101>0),"Samsol Yellow 200ml, ",""))>1,LEFT(IF((COUNTIFS(TableBOM[Product ID],$D$96,TableBOM[Item ID],$A107)>0)*($H$96>0),"Alpha 75ml TRP, ","") & IF((COUNTIFS(TableBOM[Product ID],$D$97,TableBOM[Item ID],$A107)>0)*($H$97>0),"Mablay 130ml White, ","") & IF((COUNTIFS(TableBOM[Product ID],$D$98,TableBOM[Item ID],$A107)>0)*($H$98>0),"Alpha 130ml TRP, ","") & IF((COUNTIFS(TableBOM[Product ID],$D$99,TableBOM[Item ID],$A107)>0)*($H$99>0),"Mablay 130ml TRP, ","") & IF((COUNTIFS(TableBOM[Product ID],$D$100,TableBOM[Item ID],$A107)>0)*($H$100>0),"Alpha 150ml TRP, ","") & IF((COUNTIFS(TableBOM[Product ID],$D$101,TableBOM[Item ID],$A107)>0)*($H$101>0),"Samsol Yellow 200ml, ",""),LEN(IF((COUNTIFS(TableBOM[Product ID],$D$96,TableBOM[Item ID],$A107)>0)*($H$96>0),"Alpha 75ml TRP, ","") & IF((COUNTIFS(TableBOM[Product ID],$D$97,TableBOM[Item ID],$A107)>0)*($H$97>0),"Mablay 130ml White, ","") & IF((COUNTIFS(TableBOM[Product ID],$D$98,TableBOM[Item ID],$A107)>0)*($H$98>0),"Alpha 130ml TRP, ","") & IF((COUNTIFS(TableBOM[Product ID],$D$99,TableBOM[Item ID],$A107)>0)*($H$99>0),"Mablay 130ml TRP, ","") & IF((COUNTIFS(TableBOM[Product ID],$D$100,TableBOM[Item ID],$A107)>0)*($H$100>0),"Alpha 150ml TRP, ","") & IF((COUNTIFS(TableBOM[Product ID],$D$101,TableBOM[Item ID],$A107)>0)*($H$101>0),"Samsol Yellow 200ml, ",""))-2),"") -> Mablay 130ml White
A108: 5977 | B108: Carton | C108: MASTER CARTON 38"X24"X15.5" | D108: PCS | E108: =SUMPRODUCT((TableBOM[Item ID]=A108)*TableBOM[Per 1000 Units]*(1+TableBOM[Scrap %])*((SUMIF($D$96:$D$101,TableBOM[Product ID],$H$96:$H$101))>0)*(SUMIF($D$96:$D$101,TableBOM[Product ID],$H$96:$H$101))/1000) -> 588.03571 | F108: =IFERROR(INDEX(TableInventory[Store Balance],MATCH(A108,TableInventory[Item ID],0)),0)+IFERROR(INDEX(TableInventory[WIP],MATCH(A108,TableInventory[Item ID],0)),0) -> 221 | G108: =F108-E108 -> -367.03571 | H108: =IFERROR(IF(SUMPRODUCT((TableBOM[Item ID]=A108)*((SUMIF($D$96:$D$101,TableBOM[Product ID],$H$96:$H$101))>0)*(SUMIF($D$96:$D$101,TableBOM[Product ID],$H$96:$H$101))*TableBOM[Per 1000 Units]*(1+TableBOM[Scrap %]))=0,"-",ROUND(F108*1000*SUMPRODUCT((TableBOM[Item ID]=A108)*((SUMIF($D$96:$D$101,TableBOM[Product ID],$H$96:$H$101))>0)*(SUMIF($D$96:$D$101,TableBOM[Product ID],$H$96:$H$101)))/SUMPRODUCT((TableBOM[Item ID]=A108)*((SUMIF($D$96:$D$101,TableBOM[Product ID],$H$96:$H$101))>0)*(SUMIF($D$96:$D$101,TableBOM[Product ID],$H$96:$H$101))*TableBOM[Per 1000 Units]*(1+TableBOM[Scrap %])),0)),"-") -> 178885 | I108: =IF(E108=0,"Not needed",IF(G108<0,"SHORTAGE",IF(G108<E108*0.1,"LOW","OK"))) -> SHORTAGE | J108: =IF(LEN(IF((COUNTIFS(TableBOM[Product ID],$D$96,TableBOM[Item ID],$A108)>0)*($H$96>0),"Alpha 75ml TRP, ","") & IF((COUNTIFS(TableBOM[Product ID],$D$97,TableBOM[Item ID],$A108)>0)*($H$97>0),"Mablay 130ml White, ","") & IF((COUNTIFS(TableBOM[Product ID],$D$98,TableBOM[Item ID],$A108)>0)*($H$98>0),"Alpha 130ml TRP, ","") & IF((COUNTIFS(TableBOM[Product ID],$D$99,TableBOM[Item ID],$A108)>0)*($H$99>0),"Mablay 130ml TRP, ","") & IF((COUNTIFS(TableBOM[Product ID],$D$100,TableBOM[Item ID],$A108)>0)*($H$100>0),"Alpha 150ml TRP, ","") & IF((COUNTIFS(TableBOM[Product ID],$D$101,TableBOM[Item ID],$A108)>0)*($H$101>0),"Samsol Yellow 200ml, ",""))>1,LEFT(IF((COUNTIFS(TableBOM[Product ID],$D$96,TableBOM[Item ID],$A108)>0)*($H$96>0),"Alpha 75ml TRP, ","") & IF((COUNTIFS(TableBOM[Product ID],$D$97,TableBOM[Item ID],$A108)>0)*($H$97>0),"Mablay 130ml White, ","") & IF((COUNTIFS(TableBOM[Product ID],$D$98,TableBOM[Item ID],$A108)>0)*($H$98>0),"Alpha 130ml TRP, ","") & IF((COUNTIFS(TableBOM[Product ID],$D$99,TableBOM[Item ID],$A108)>0)*($H$99>0),"Mablay 130ml TRP, ","") & IF((COUNTIFS(TableBOM[Product ID],$D$100,TableBOM[Item ID],$A108)>0)*($H$100>0),"Alpha 150ml TRP, ","") & IF((COUNTIFS(TableBOM[Product ID],$D$101,TableBOM[Item ID],$A108)>0)*($H$101>0),"Samsol Yellow 200ml, ",""),LEN(IF((COUNTIFS(TableBOM[Product ID],$D$96,TableBOM[Item ID],$A108)>0)*($H$96>0),"Alpha 75ml TRP, ","") & IF((COUNTIFS(TableBOM[Product ID],$D$97,TableBOM[Item ID],$A108)>0)*($H$97>0),"Mablay 130ml White, ","") & IF((COUNTIFS(TableBOM[Product ID],$D$98,TableBOM[Item ID],$A108)>0)*($H$98>0),"Alpha 130ml TRP, ","") & IF((COUNTIFS(TableBOM[Product ID],$D$99,TableBOM[Item ID],$A108)>0)*($H$99>0),"Mablay 130ml TRP, ","") & IF((COUNTIFS(TableBOM[Product ID],$D$100,TableBOM[Item ID],$A108)>0)*($H$100>0),"Alpha 150ml TRP, ","") & IF((COUNTIFS(TableBOM[Product ID],$D$101,TableBOM[Item ID],$A108)>0)*($H$101>0),"Samsol Yellow 200ml, ",""))-2),"") -> Alpha 75ml TRP, Mablay 130ml White, Alpha 150ml TRP
A109: 2267 | B109: Poly Bag | C109: POLY BAG 20X30 (LDPE) | D109: PCS | E109: =SUMPRODUCT((TableBOM[Item ID]=A109)*TableBOM[Per 1000 Units]*(1+TableBOM[Scrap %])*((SUMIF($D$96:$D$101,TableBOM[Product ID],$H$96:$H$101))>0)*(SUMIF($D$96:$D$101,TableBOM[Product ID],$H$96:$H$101))/1000) -> 4667.9166 | F109: =IFERROR(INDEX(TableInventory[Store Balance],MATCH(A109,TableInventory[Item ID],0)),0)+IFERROR(INDEX(TableInventory[WIP],MATCH(A109,TableInventory[Item ID],0)),0) -> 275 | G109: =F109-E109 -> -4392.9166 | H109: =IFERROR(IF(SUMPRODUCT((TableBOM[Item ID]=A109)*((SUMIF($D$96:$D$101,TableBOM[Product ID],$H$96:$H$101))>0)*(SUMIF($D$96:$D$101,TableBOM[Product ID],$H$96:$H$101))*TableBOM[Per 1000 Units]*(1+TableBOM[Scrap %]))=0,"-",ROUND(F109*1000*SUMPRODUCT((TableBOM[Item ID]=A109)*((SUMIF($D$96:$D$101,TableBOM[Product ID],$H$96:$H$101))>0)*(SUMIF($D$96:$D$101,TableBOM[Product ID],$H$96:$H$101)))/SUMPRODUCT((TableBOM[Item ID]=A109)*((SUMIF($D$96:$D$101,TableBOM[Product ID],$H$96:$H$101))>0)*(SUMIF($D$96:$D$101,TableBOM[Product ID],$H$96:$H$101))*TableBOM[Per 1000 Units]*(1+TableBOM[Scrap %])),0)),"-") -> 28041 | I109: =IF(E109=0,"Not needed",IF(G109<0,"SHORTAGE",IF(G109<E109*0.1,"LOW","OK"))) -> SHORTAGE | J109: =IF(LEN(IF((COUNTIFS(TableBOM[Product ID],$D$96,TableBOM[Item ID],$A109)>0)*($H$96>0),"Alpha 75ml TRP, ","") & IF((COUNTIFS(TableBOM[Product ID],$D$97,TableBOM[Item ID],$A109)>0)*($H$97>0),"Mablay 130ml White, ","") & IF((COUNTIFS(TableBOM[Product ID],$D$98,TableBOM[Item ID],$A109)>0)*($H$98>0),"Alpha 130ml TRP, ","") & IF((COUNTIFS(TableBOM[Product ID],$D$99,TableBOM[Item ID],$A109)>0)*($H$99>0),"Mablay 130ml TRP, ","") & IF((COUNTIFS(TableBOM[Product ID],$D$100,TableBOM[Item ID],$A109)>0)*($H$100>0),"Alpha 150ml TRP, ","") & IF((COUNTIFS(TableBOM[Product ID],$D$101,TableBOM[Item ID],$A109)>0)*($H$101>0),"Samsol Yellow 200ml, ",""))>1,LEFT(IF((COUNTIFS(TableBOM[Product ID],$D$96,TableBOM[Item ID],$A109)>0)*($H$96>0),"Alpha 75ml TRP, ","") & IF((COUNTIFS(TableBOM[Product ID],$D$97,TableBOM[Item ID],$A109)>0)*($H$97>0),"Mablay 130ml White, ","") & IF((COUNTIFS(TableBOM[Product ID],$D$98,TableBOM[Item ID],$A109)>0)*($H$98>0),"Alpha 130ml TRP, ","") & IF((COUNTIFS(TableBOM[Product ID],$D$99,TableBOM[Item ID],$A109)>0)*($H$99>0),"Mablay 130ml TRP, ","") & IF((COUNTIFS(TableBOM[Product ID],$D$100,TableBOM[Item ID],$A109)>0)*($H$100>0),"Alpha 150ml TRP, ","") & IF((COUNTIFS(TableBOM[Product ID],$D$101,TableBOM[Item ID],$A109)>0)*($H$101>0),"Samsol Yellow 200ml, ",""),LEN(IF((COUNTIFS(TableBOM[Product ID],$D$96,TableBOM[Item ID],$A109)>0)*($H$96>0),"Alpha 75ml TRP, ","") & IF((COUNTIFS(TableBOM[Product ID],$D$97,TableBOM[Item ID],$A109)>0)*($H$97>0),"Mablay 130ml White, ","") & IF((COUNTIFS(TableBOM[Product ID],$D$98,TableBOM[Item ID],$A109)>0)*($H$98>0),"Alpha 130ml TRP, ","") & IF((COUNTIFS(TableBOM[Product ID],$D$99,TableBOM[Item ID],$A109)>0)*($H$99>0),"Mablay 130ml TRP, ","") & IF((COUNTIFS(TableBOM[Product ID],$D$100,TableBOM[Item ID],$A109)>0)*($H$100>0),"Alpha 150ml TRP, ","") & IF((COUNTIFS(TableBOM[Product ID],$D$101,TableBOM[Item ID],$A109)>0)*($H$101>0),"Samsol Yellow 200ml, ",""))-2),"") -> Alpha 75ml TRP, Mablay 130ml White, Alpha 150ml TRP
A110: 3006 | B110: Poly Bag | C110: POLY BAG 24X36 (LDPE) | D110: PCS | E110: =SUMPRODUCT((TableBOM[Item ID]=A110)*TableBOM[Per 1000 Units]*(1+TableBOM[Scrap %])*((SUMIF($D$96:$D$101,TableBOM[Product ID],$H$96:$H$101))>0)*(SUMIF($D$96:$D$101,TableBOM[Product ID],$H$96:$H$101))/1000) -> 41.015026 | F110: =IFERROR(INDEX(TableInventory[Store Balance],MATCH(A110,TableInventory[Item ID],0)),0)+IFERROR(INDEX(TableInventory[WIP],MATCH(A110,TableInventory[Item ID],0)),0) -> 150 | G110: =F110-E110 -> 108.98497 | H110: =IFERROR(IF(SUMPRODUCT((TableBOM[Item ID]=A110)*((SUMIF($D$96:$D$101,TableBOM[Product ID],$H$96:$H$101))>0)*(SUMIF($D$96:$D$101,TableBOM[Product ID],$H$96:$H$101))*TableBOM[Per 1000 Units]*(1+TableBOM[Scrap %]))=0,"-",ROUND(F110*1000*SUMPRODUCT((TableBOM[Item ID]=A110)*((SUMIF($D$96:$D$101,TableBOM[Product ID],$H$96:$H$101))>0)*(SUMIF($D$96:$D$101,TableBOM[Product ID],$H$96:$H$101)))/SUMPRODUCT((TableBOM[Item ID]=A110)*((SUMIF($D$96:$D$101,TableBOM[Product ID],$H$96:$H$101))>0)*(SUMIF($D$96:$D$101,TableBOM[Product ID],$H$96:$H$101))*TableBOM[Per 1000 Units]*(1+TableBOM[Scrap %])),0)),"-") -> 15653 | I110: =IF(E110=0,"Not needed",IF(G110<0,"SHORTAGE",IF(G110<E110*0.1,"LOW","OK"))) -> OK | J110: =IF(LEN(IF((COUNTIFS(TableBOM[Product ID],$D$96,TableBOM[Item ID],$A110)>0)*($H$96>0),"Alpha 75ml TRP, ","") & IF((COUNTIFS(TableBOM[Product ID],$D$97,TableBOM[Item ID],$A110)>0)*($H$97>0),"Mablay 130ml White, ","") & IF((COUNTIFS(TableBOM[Product ID],$D$98,TableBOM[Item ID],$A110)>0)*($H$98>0),"Alpha 130ml TRP, ","") & IF((COUNTIFS(TableBOM[Product ID],$D$99,TableBOM[Item ID],$A110)>0)*($H$99>0),"Mablay 130ml TRP, ","") & IF((COUNTIFS(TableBOM[Product ID],$D$100,TableBOM[Item ID],$A110)>0)*($H$100>0),"Alpha 150ml TRP, ","") & IF((COUNTIFS(TableBOM[Product ID],$D$101,TableBOM[Item ID],$A110)>0)*($H$101>0),"Samsol Yellow 200ml, ",""))>1,LEFT(IF((COUNTIFS(TableBOM[Product ID],$D$96,TableBOM[Item ID],$A110)>0)*($H$96>0),"Alpha 75ml TRP, ","") & IF((COUNTIFS(TableBOM[Product ID],$D$97,TableBOM[Item ID],$A110)>0)*($H$97>0),"Mablay 130ml White, ","") & IF((COUNTIFS(TableBOM[Product ID],$D$98,TableBOM[Item ID],$A110)>0)*($H$98>0),"Alpha 130ml TRP, ","") & IF((COUNTIFS(TableBOM[Product ID],$D$99,TableBOM[Item ID],$A110)>0)*($H$99>0),"Mablay 130ml TRP, ","") & IF((COUNTIFS(TableBOM[Product ID],$D$100,TableBOM[Item ID],$A110)>0)*($H$100>0),"Alpha 150ml TRP, ","") & IF((COUNTIFS(TableBOM[Product ID],$D$101,TableBOM[Item ID],$A110)>0)*($H$101>0),"Samsol Yellow 200ml, ",""),LEN(IF((COUNTIFS(TableBOM[Product ID],$D$96,TableBOM[Item ID],$A110)>0)*($H$96>0),"Alpha 75ml TRP, ","") & IF((COUNTIFS(TableBOM[Product ID],$D$97,TableBOM[Item ID],$A110)>0)*($H$97>0),"Mablay 130ml White, ","") & IF((COUNTIFS(TableBOM[Product ID],$D$98,TableBOM[Item ID],$A110)>0)*($H$98>0),"Alpha 130ml TRP, ","") & IF((COUNTIFS(TableBOM[Product ID],$D$99,TableBOM[Item ID],$A110)>0)*($H$99>0),"Mablay 130ml TRP, ","") & IF((COUNTIFS(TableBOM[Product ID],$D$100,TableBOM[Item ID],$A110)>0)*($H$100>0),"Alpha 150ml TRP, ","") & IF((COUNTIFS(TableBOM[Product ID],$D$101,TableBOM[Item ID],$A110)>0)*($H$101>0),"Samsol Yellow 200ml, ",""))-2),"") -> Samsol Yellow 200ml
A111: 3043 | B111: PACKING | C111: PLASTIC DOORI | D111: ROLL | E111: =SUMPRODUCT((TableBOM[Item ID]=A111)*TableBOM[Per 1000 Units]*(1+TableBOM[Scrap %])*((SUMIF($D$96:$D$101,TableBOM[Product ID],$H$96:$H$101))>0)*(SUMIF($D$96:$D$101,TableBOM[Product ID],$H$96:$H$101))/1000) -> 2.7614778 | F111: =IFERROR(INDEX(TableInventory[Store Balance],MATCH(A111,TableInventory[Item ID],0)),0)+IFERROR(INDEX(TableInventory[WIP],MATCH(A111,TableInventory[Item ID],0)),0) -> 0 | G111: =F111-E111 -> -2.7614778 | H111: =IFERROR(IF(SUMPRODUCT((TableBOM[Item ID]=A111)*((SUMIF($D$96:$D$101,TableBOM[Product ID],$H$96:$H$101))>0)*(SUMIF($D$96:$D$101,TableBOM[Product ID],$H$96:$H$101))*TableBOM[Per 1000 Units]*(1+TableBOM[Scrap %]))=0,"-",ROUND(F111*1000*SUMPRODUCT((TableBOM[Item ID]=A111)*((SUMIF($D$96:$D$101,TableBOM[Product ID],$H$96:$H$101))>0)*(SUMIF($D$96:$D$101,TableBOM[Product ID],$H$96:$H$101)))/SUMPRODUCT((TableBOM[Item ID]=A111)*((SUMIF($D$96:$D$101,TableBOM[Product ID],$H$96:$H$101))>0)*(SUMIF($D$96:$D$101,TableBOM[Product ID],$H$96:$H$101))*TableBOM[Per 1000 Units]*(1+TableBOM[Scrap %])),0)),"-") -> 0 | I111: =IF(E111=0,"Not needed",IF(G111<0,"SHORTAGE",IF(G111<E111*0.1,"LOW","OK"))) -> SHORTAGE | J111: =IF(LEN(IF((COUNTIFS(TableBOM[Product ID],$D$96,TableBOM[Item ID],$A111)>0)*($H$96>0),"Alpha 75ml TRP, ","") & IF((COUNTIFS(TableBOM[Product ID],$D$97,TableBOM[Item ID],$A111)>0)*($H$97>0),"Mablay 130ml White, ","") & IF((COUNTIFS(TableBOM[Product ID],$D$98,TableBOM[Item ID],$A111)>0)*($H$98>0),"Alpha 130ml TRP, ","") & IF((COUNTIFS(TableBOM[Product ID],$D$99,TableBOM[Item ID],$A111)>0)*($H$99>0),"Mablay 130ml TRP, ","") & IF((COUNTIFS(TableBOM[Product ID],$D$100,TableBOM[Item ID],$A111)>0)*($H$100>0),"Alpha 150ml TRP, ","") & IF((COUNTIFS(TableBOM[Product ID],$D$101,TableBOM[Item ID],$A111)>0)*($H$101>0),"Samsol Yellow 200ml, ",""))>1,LEFT(IF((COUNTIFS(TableBOM[Product ID],$D$96,TableBOM[Item ID],$A111)>0)*($H$96>0),"Alpha 75ml TRP, ","") & IF((COUNTIFS(TableBOM[Product ID],$D$97,TableBOM[Item ID],$A111)>0)*($H$97>0),"Mablay 130ml White, ","") & IF((COUNTIFS(TableBOM[Product ID],$D$98,TableBOM[Item ID],$A111)>0)*($H$98>0),"Alpha 130ml TRP, ","") & IF((COUNTIFS(TableBOM[Product ID],$D$99,TableBOM[Item ID],$A111)>0)*($H$99>0),"Mablay 130ml TRP, ","") & IF((COUNTIFS(TableBOM[Product ID],$D$100,TableBOM[Item ID],$A111)>0)*($H$100>0),"Alpha 150ml TRP, ","") & IF((COUNTIFS(TableBOM[Product ID],$D$101,TableBOM[Item ID],$A111)>0)*($H$101>0),"Samsol Yellow 200ml, ",""),LEN(IF((COUNTIFS(TableBOM[Product ID],$D$96,TableBOM[Item ID],$A111)>0)*($H$96>0),"Alpha 75ml TRP, ","") & IF((COUNTIFS(TableBOM[Product ID],$D$97,TableBOM[Item ID],$A111)>0)*($H$97>0),"Mablay 130ml White, ","") & IF((COUNTIFS(TableBOM[Product ID],$D$98,TableBOM[Item ID],$A111)>0)*($H$98>0),"Alpha 130ml TRP, ","") & IF((COUNTIFS(TableBOM[Product ID],$D$99,TableBOM[Item ID],$A111)>0)*($H$99>0),"Mablay 130ml TRP, ","") & IF((COUNTIFS(TableBOM[Product ID],$D$100,TableBOM[Item ID],$A111)>0)*($H$100>0),"Alpha 150ml TRP, ","") & IF((COUNTIFS(TableBOM[Product ID],$D$101,TableBOM[Item ID],$A111)>0)*($H$101>0),"Samsol Yellow 200ml, ",""))-2),"") -> Alpha 75ml TRP, Mablay 130ml White, Alpha 150ml TRP, Samsol Yellow 200ml

Sheet Production_Log
A1: PRODUCTION LOG — One row per machine per product per day.
A2: Date | B2: Machine | C2: Customer | D2: Product Name | E2: Dia / Volume | F2: Product ID | G2: Target Quantity | H2: Good Quantity Produced | I2: Reject/Scrap Quantity | J2: Waste% | K2: Mechanical DT | L2: Electrical DT | M2: Material Shortage DT | N2: Changeover DT | O2: Operations DT | P2: Power Shutdown DT | Q2: Gas Shutdown DT | R2: Workers Shortage DT | S2: Compressor Issue DT | T2: Order not available DT
A3: 46296 | B3: Lacquer-03 | C3: Golden Pearl Cosmetics (PVT) LTD | D3: HELLO HAIR COLOR | E3: 30 | F3: 6206 | G3: 20000 | H3: 19625 | I3: 375 | J3: =IFERROR(I3/(H3+I3),"") -> 0.01875
A4: 46296 | B4: Latex-01 | C4: Golden Pearl Cosmetics (PVT) LTD | D4: HELLO HAIR COLOR | E4: 30 | F4: 6206 | G4: 28000 | H4: 27980 | I4: 20 | J4: =IFERROR(I4/(H4+I4),"") -> 0.00071428571
A5: 46296 | B5: PF Machine | C5: Alpha Labs PVT LTD | D5: PET BOTTLE SMALL (130ML) TRANSPARENT | E5: 130 ml | F5: 8019 | G5: 5060 | H5: 5000 | I5: 60 | J5: =IFERROR(I5/(H5+I5),"") -> 0.011857708
A6: 46296 | B6: PF Machine | C6: Mablay Beauty PVT LTD. | D6: PET BOTTLE SMALL (130ML) TRANSPARENT | E6: 130 ml | F6: 8010 | G6: 7140 | H6: 4200 | I6: 2940 | J6: =IFERROR(I6/(H6+I6),"") -> 0.41176471 | K6: 270
A7: 46296 | B7: Press-04 | C7: Golden Pearl Cosmetics (PVT) LTD | D7: HELLO HAIR COLOR | E7: 30 | F7: 6206 | G7: 22900 | H7: 22815 | I7: 85 | J7: =IFERROR(I7/(H7+I7),"") -> 0.0037117904
A8: 46296 | B8: Printing-04 | C8: Golden Pearl Cosmetics (PVT) LTD | D8: HELLO HAIR COLOR | E8: 30 | F8: 6206 | G8: 24678 | H8: 24038 | I8: 640 | J8: =IFERROR(I8/(H8+I8),"") -> 0.02593403
A9: 46297 | B9: Lacquer-03 | C9: Golden Pearl Cosmetics (PVT) LTD | D9: HELLO HAIR COLOR | E9: 30 | F9: 6206 | G9: 21000 | H9: 20675 | I9: 325 | J9: =IFERROR(I9/(H9+I9),"") -> 0.01547619
A10: 46297 | B10: Latex-01 | C10: Golden Pearl Cosmetics (PVT) LTD | D10: HELLO HAIR COLOR | E10: 30 | F10: 6206 | G10: 25000 | H10: 24985 | I10: 15 | J10: =IFERROR(I10/(H10+I10),"") -> 0.0006
A11: 46297 | B11: PF Machine | C11: Mablay Beauty PVT LTD. | D11: PET BOTTLE SMALL (130ML) TRANSPARENT | E11: 130 ml | F11: 8010 | G11: 11745 | H11: 8395 | I11: 3350 | J11: =IFERROR(I11/(H11+I11),"") -> 0.28522776 | K11: 300
A12: 46297 | B12: Press-04 | C12: Golden Pearl Cosmetics (PVT) LTD | D12: HELLO HAIR COLOR | E12: 30 | F12: 6206 | G12: 16000 | H12: 15895 | I12: 105 | J12: =IFERROR(I12/(H12+I12),"") -> 0.0065625 | K12: 180
A13: 46297 | B13: Printing-04 | C13: Golden Pearl Cosmetics (PVT) LTD | D13: HELLO HAIR COLOR | E13: 30 | F13: 6206 | G13: 15850 | H13: 15470 | I13: 380 | J13: =IFERROR(I13/(H13+I13),"") -> 0.023974763 | M13: 150
A14: 46298 | B14: Lacquer-03 | C14: Golden Pearl Cosmetics (PVT) LTD | D14: HELLO HAIR COLOR | E14: 30 | F14: 6206 | G14: 24000 | H14: 23550 | I14: 450 | J14: =IFERROR(I14/(H14+I14),"") -> 0.01875
A15: 46298 | B15: Latex-01 | C15: Golden Pearl Cosmetics (PVT) LTD | D15: HELLO HAIR COLOR | E15: 30 | F15: 6206 | G15: 24000 | H15: 23980 | I15: 20 | J15: =IFERROR(I15/(H15+I15),"") -> 0.00083333333
A16: 46298 | B16: PF Machine | C16: Mablay Beauty PVT LTD. | D16: PET BOTTLE SMALL (130ML) TRANSPARENT | E16: 130 ml | F16: 8010 | G16: 7470 | H16: 6095 | I16: 1375 | J16: =IFERROR(I16/(H16+I16),"") -> 0.18406961 | O16: 540
A17: 46298 | B17: Press-04 | C17: Golden Pearl Cosmetics (PVT) LTD | D17: HELLO HAIR COLOR | E17: 30 | F17: 6206 | G17: 20500 | H17: 20385 | I17: 115 | J17: =IFERROR(I17/(H17+I17),"") -> 0.0056097561
A18: 46298 | B18: Printing-04 | C18: Golden Pearl Cosmetics (PVT) LTD | D18: HELLO HAIR COLOR | E18: 30 | F18: 6206 | G18: 25843 | H18: 25288 | I18: 555 | J18: =IFERROR(I18/(H18+I18),"") -> 0.021475835
A19: 46300 | B19: Lacquer-03 | C19: Mablay Beauty PVT LTD. | D19: VINCE NURTURAL | E19: 30 | F19: 5814 | G19: 1000 | H19: 945 | I19: 55 | J19: =IFERROR(I19/(H19+I19),"") -> 0.055 | M19: 420
A20: 46300 | B20: PF Machine | C20: Alpha Labs PVT LTD | D20: TRANSPARENT BOTTLE 150ML | E20: 150 ml | F20: 8001 | G20: 3265 | H20: 1035 | I20: 2230 | J20: =IFERROR(I20/(H20+I20),"") -> 0.68300153 | N20: 480 | O20: 420
A21: 46300 | B21: Press-03 | C21: Mablay Beauty PVT LTD. | D21: VINCE NURTURAL | E21: 30 | F21: 5814 | G21: 9500 | H21: 9415 | I21: 85 | J21: =IFERROR(I21/(H21+I21),"") -> 0.0089473684 | K21: 360
A22: 46300 | B22: Printing-04 | C22: Mablay Beauty PVT LTD. | D22: VINCE NURTURAL | E22: 30 | F22: 5814 | G22: 0 | H22: 0 | I22: 0 | J22: =IFERROR(I22/(H22+I22),"") | M22: 480
A23: 46301 | B23: Lacquer-03 | C23: Mablay Beauty PVT LTD. | D23: VINCE NURTURAL | E23: 30 | F23: 5814 | G23: 11500 | H23: 10950 | I23: 550 | J23: =IFERROR(I23/(H23+I23),"") -> 0.047826087 | K23: 180
A24: 46301 | B24: PF Machine | C24: Alpha Labs PVT LTD | D24: TRANSPARENT BOTTLE 150ML | E24: 150 ml | F24: 8001 | G24: 9930 | H24: 5980 | I24: 3950 | J24: =IFERROR(I24/(H24+I24),"") -> 0.39778449 | O24: 60 | S24: 360
A25: 46301 | B25: Press-03 | C25: Mablay Beauty PVT LTD. | D25: VINCE NURTURAL | E25: 30 | F25: 5814 | G25: 17000 | H25: 16750 | I25: 250 | J25: =IFERROR(I25/(H25+I25),"") -> 0.014705882 | K25: 150
A26: 46301 | B26: Printing-04 | C26: Mablay Beauty PVT LTD. | D26: VINCE NURTURAL | E26: 30 | F26: 5814 | G26: 10143 | H26: 9758 | I26: 385 | J26: =IFERROR(I26/(H26+I26),"") -> 0.037957212 | M26: 240
A27: 46302 | B27: Lacquer-03 | C27: Mablay Beauty PVT LTD. | D27: VINCE NURTURAL | E27: 30 | F27: 5814 | G27: 17000 | H27: 16460 | I27: 540 | J27: =IFERROR(I27/(H27+I27),"") -> 0.031764706 | K27: 60
A28: 46302 | B28: Latex-01 | C28: Mablay Beauty PVT LTD. | D28: VINCE NURTURAL | E28: 30 | F28: 5814 | G28: 13000 | H28: 12990 | I28: 10 | J28: =IFERROR(I28/(H28+I28),"") -> 0.00076923077
A29: 46302 | B29: PF Machine | C29: Alpha Labs PVT LTD | D29: TRANSPARENT BOTTLE 150ML | E29: 150 ml | F29: 8001 | G29: 10990 | H29: 7590 | I29: 3400 | J29: =IFERROR(I29/(H29+I29),"") -> 0.30937216 | O29: 150
A30: 46302 | B30: Press-03 | C30: Mablay Beauty PVT LTD. | D30: VINCE NURTURAL | E30: 30 | F30: 5814 | G30: 20400 | H30: 20150 | I30: 250 | J30: =IFERROR(I30/(H30+I30),"") -> 0.012254902 | K30: 60
A31: 46302 | B31: Printing-04 | C31: Mablay Beauty PVT LTD. | D31: VINCE NURTURAL | E31: 30 | F31: 5814 | G31: 17025 | H31: 16660 | I31: 365 | J31: =IFERROR(I31/(H31+I31),"") -> 0.02143906
A32: 46303 | B32: Lacquer-03 | C32: Mablay Beauty PVT LTD. | D32: VINCE NURTURAL | E32: 30 | F32: 5814 | G32: 17000 | H32: 16635 | I32: 365 | J32: =IFERROR(I32/(H32+I32),"") -> 0.021470588 | N32: 60
A33: 46303 | B33: Latex-01 | C33: Mablay Beauty PVT LTD. | D33: VINCE NURTURAL | E33: 30 | F33: 5814 | G33: 22134 | H33: 22114 | I33: 20 | J33: =IFERROR(I33/(H33+I33),"") -> 0.00090358724
A34: 46303 | B34: PF Machine | C34: Alpha Labs PVT LTD | D34: TRANSPARENT BOTTLE 150ML | E34: 150 ml | F34: 8001 | G34: 6545 | H34: 4255 | I34: 2290 | J34: =IFERROR(I34/(H34+I34),"") -> 0.34988541 | O34: 240 | S34: 300
A35: 46303 | B35: Press-03 | C35: Mablay Beauty PVT LTD. | D35: VINCE NURTURAL | E35: 30 | F35: 5814 | G35: 10600 | H35: 10480 | I35: 120 | J35: =IFERROR(I35/(H35+I35),"") -> 0.011320755 | N35: 240
A36: 46303 | B36: Press-03 | C36: Hola Hair | D36: H.H 100GM | E36: 30 | F36: 6515 | G36: 3000 | H36: 2970 | I36: 30 | J36: =IFERROR(I36/(H36+I36),"") -> 0.01
A37: 46303 | B37: Printing-04 | C37: Mablay Beauty PVT LTD. | D37: VINCE NURTURAL | E37: 30 | F37: 5814 | G37: 23919 | H37: 23324 | I37: 595 | J37: =IFERROR(I37/(H37+I37),"") -> 0.024875622
A38: 46304 | B38: Lacquer-04 | C38: Hola Hair | D38: H.H 100GM | E38: 30 | F38: 6515 | G38: 13330 | H38: 13000 | I38: 330 | J38: =IFERROR(I38/(H38+I38),"") -> 0.024756189 | M38: 180
A39: 46304 | B39: Latex-01 | C39: Mablay Beauty PVT LTD. | D39: VINCE NURTURAL | E39: 30 | F39: 5814 | G39: 13300 | H39: 13293 | I39: 7 | J39: =IFERROR(I39/(H39+I39),"") -> 0.00052631579 | O39: 180
A40: 46304 | B40: PF Machine | C40: Alpha Labs PVT LTD | D40: TRANSPARENT BOTTLE 150ML | E40: 150 ml | F40: 8001 | G40: 8715 | H40: 6095 | I40: 2620 | J40: =IFERROR(I40/(H40+I40),"") -> 0.3006311 | L40: 120 | O40: 60 | S40: 180
A41: 46304 | B41: Press-03 | C41: Hola Hair | D41: H.H 100GM | E41: 30 | F41: 6515 | G41: 18125 | H41: 18000 | I41: 125 | J41: =IFERROR(I41/(H41+I41),"") -> 0.0068965517 | K41: 120
A42: 46304 | B42: Printing-04 | C42: Hola Hair | D42: H.H 100GM | E42: 30 | F42: 6515 | G42: 9933 | H42: 9568 | I42: 365 | J42: =IFERROR(I42/(H42+I42),"") -> 0.0367462 | M42: 200 | N42: 120
A43: 46305 | B43: Lacquer-04 | C43: Hola Hair | D43: H.H 100GM | E43: 30 | F43: 6515 | G43: 9000 | H43: 8880 | I43: 120 | J43: =IFERROR(I43/(H43+I43),"") -> 0.013333333 | M43: 260
A44: 46305 | B44: Latex-01 | C44: Hola Hair | D44: H.H 100GM | E44: 30 | F44: 6515 | G44: 12688 | H44: 12678 | I44: 10 | J44: =IFERROR(I44/(H44+I44),"") -> 0.00078814628 | O44: 180
A45: 46305 | B45: PF Machine | C45: Alpha Labs PVT LTD | D45: TRANSPARENT BOTTLE 150ML | E45: 150 ml | F45: 8001 | G45: 12185 | H45: 10235 | I45: 1950 | J45: =IFERROR(I45/(H45+I45),"") -> 0.16003283 | O45: 60
A46: 46305 | B46: Press-03 | C46: Hola Hair | D46: H.H 100GM | E46: 30 | F46: 6515 | G46: 5900 | H46: 5830 | I46: 70 | J46: =IFERROR(I46/(H46+I46),"") -> 0.011864407 | K46: 360
A47: 46305 | B47: Printing-04 | C47: Hola Hair | D47: H.H 100GM | E47: 30 | F47: 6515 | G47: 5801 | H47: 5616 | I47: 185 | J47: =IFERROR(I47/(H47+I47),"") -> 0.031891053 | M47: 360
A48: 46307 | B48: Lacquer-03 | C48: Golden Pearl Cosmetics (PVT) LTD | D48: HELLO HAIR COLOR | E48: 30 | F48: 6206 | G48: 16000 | H48: 15650 | I48: 350 | J48: =IFERROR(I48/(H48+I48),"") -> 0.021875 | M48: 60
A49: 46307 | B49: Latex-01 | C49: Golden Pearl Cosmetics (PVT) LTD | D49: HELLO HAIR COLOR | E49: 30 | F49: 6206 | G49: 10000 | H49: 9995 | I49: 5 | J49: =IFERROR(I49/(H49+I49),"") -> 0.0005 | O49: 240
A50: 46307 | B50: PF Machine | C50: Alpha Labs PVT LTD | D50: TRANSPARENT BOTTLE 150ML | E50: 150 ml | F50: 8001 | G50: 11050 | H50: 8050 | I50: 3000 | J50: =IFERROR(I50/(H50+I50),"") -> 0.27149321 | L50: 60 | S50: 60
A51: 46307 | B51: Press-04 | C51: Golden Pearl Cosmetics (PVT) LTD | D51: HELLO HAIR COLOR | E51: 30 | F51: 6206 | G51: 20300 | H51: 20100 | I51: 200 | J51: =IFERROR(I51/(H51+I51),"") -> 0.0098522167
A52: 46307 | B52: Printing-04 | C52: Golden Pearl Cosmetics (PVT) LTD | D52: HELLO HAIR COLOR | E52: 30 | F52: 6206 | G52: 14090 | H52: 13090 | I52: 1000 | J52: =IFERROR(I52/(H52+I52),"") -> 0.070972321 | M52: 150
A53: 46308 | B53: Lacquer-03 | C53: Golden Pearl Cosmetics (PVT) LTD | D53: HELLO HAIR COLOR | E53: 30 | F53: 6206 | G53: 17000 | H53: 16715 | I53: 285 | J53: =IFERROR(I53/(H53+I53),"") -> 0.016764706 | M53: 60
A54: 46308 | B54: Latex-01 | C54: Golden Pearl Cosmetics (PVT) LTD | D54: HELLO HAIR COLOR | E54: 30 | F54: 6206 | G54: 22134 | H54: 22124 | I54: 10 | J54: =IFERROR(I54/(H54+I54),"") -> 0.00045179362
A55: 46308 | B55: PF Machine | C55: Alpha Labs PVT LTD | D55: TRANSPARENT BOTTLE 150ML | E55: 150 ml | F55: 8001 | G55: 7840 | H55: 4140 | I55: 3700 | J55: =IFERROR(I55/(H55+I55),"") -> 0.47193878 | O55: 120 | S55: 360
A56: 46308 | B56: Press-04 | C56: Golden Pearl Cosmetics (PVT) LTD | D56: HELLO HAIR COLOR | E56: 30 | F56: 6206 | G56: 9100 | H56: 8100 | I56: 1000 | J56: =IFERROR(I56/(H56+I56),"") -> 0.10989011 | M56: 240
A57: 46308 | B57: Printing-04 | C57: Golden Pearl Cosmetics (PVT) LTD | D57: HELLO HAIR COLOR | E57: 30 | F57: 6206 | G57: 18260 | H57: 17850 | I57: 410 | J57: =IFERROR(I57/(H57+I57),"") -> 0.02245345 | M57: 90
A58: 46309 | B58: Lacquer-03 | C58: Golden Pearl Cosmetics (PVT) LTD | D58: HELLO HAIR COLOR | E58: 30 | F58: 6206 | G58: 9000 | H58: 8860 | I58: 140 | J58: =IFERROR(I58/(H58+I58),"") -> 0.015555556 | M58: 240
A59: 46309 | B59: Latex-01 | C59: Golden Pearl Cosmetics (PVT) LTD | D59: HELLO HAIR COLOR | E59: 30 | F59: 6206 | G59: 1000 | H59: 995 | I59: 5 | J59: =IFERROR(I59/(H59+I59),"") -> 0.005 | O59: 420
A60: 46309 | B60: PF Machine | C60: Alpha Labs PVT LTD | D60: TRANSPARENT BOTTLE 150ML | E60: 150 ml | F60: 8001 | G60: 16045 | H60: 11845 | I60: 4200 | J60: =IFERROR(I60/(H60+I60),"") -> 0.26176379 | K60: 60 | S60: 60
A61: 46309 | B61: Press-04 | C61: Golden Pearl Cosmetics (PVT) LTD | D61: HELLO HAIR COLOR | E61: 30 | F61: 6206 | G61: 16400 | H61: 16240 | I61: 160 | J61: =IFERROR(I61/(H61+I61),"") -> 0.0097560976 | K61: 120
A62: 46309 | B62: Printing-04 | C62: Golden Pearl Cosmetics (PVT) LTD | D62: HELLO HAIR COLOR | E62: 30 | F62: 6206 | G62: 7520 | H62: 7280 | I62: 240 | J62: =IFERROR(I62/(H62+I62),"") -> 0.031914894 | M62: 300
A63: 46310 | B63: Lacquer-04 | C63: Hola Hair | D63: H.H 100GM | E63: 32 | F63: 6515 | G63: 12000 | H63: 11690 | I63: 310 | J63: =IFERROR(I63/(H63+I63),"") -> 0.025833333 | M63: 200
A64: 46310 | B64: Latex-01 | C64: Hola Hair | D64: H.H 100GM | E64: 32 | F64: 6515 | G64: 17000 | H64: 16990 | I64: 10 | J64: =IFERROR(I64/(H64+I64),"") -> 0.00058823529 | O64: 120
A65: 46310 | B65: PF Machine | C65: Alpha Labs PVT LTD | D65: TRANSPARENT BOTTLE 150ML | E65: 150 ml | F65: 8001 | G65: 9445 | H65: 4945 | I65: 4500 | J65: =IFERROR(I65/(H65+I65),"") -> 0.47644256 | S65: 420
A66: 46310 | B66: Press-03 | C66: Hola Hair | D66: H.H 100GM | E66: 32 | F66: 6515 | G66: 9000 | H66: 8700 | I66: 300 | J66: =IFERROR(I66/(H66+I66),"") -> 0.033333333 | K66: 260
A67: 46310 | B67: Printing-04 | C67: Hola Hair | D67: H.H 100GM | E67: 32 | F67: 6515 | G67: 14288 | H67: 13328 | I67: 960 | J67: =IFERROR(I67/(H67+I67),"") -> 0.06718925 | M67: 210
A68: 46311 | B68: Lacquer-04 | C68: Hola Hair | D68: H.H 100GM | E68: 32 | F68: 6515 | G68: 14000 | H68: 13720 | I68: 280 | J68: =IFERROR(I68/(H68+I68),"") -> 0.02 | M68: 120
A69: 46311 | B69: Latex-01 | C69: Hola Hair | D69: H.H 100GM | E69: 32 | F69: 6515 | G69: 5000 | H69: 4995 | I69: 5 | J69: =IFERROR(I69/(H69+I69),"") -> 0.001 | O69: 360
A70: 46311 | B70: PF Machine | C70: Alpha Labs PVT LTD | D70: TRANSPARENT BOTTLE 150ML | E70: 150 ml | F70: 8001 | G70: 10460 | H70: 8165 | I70: 2295 | J70: =IFERROR(I70/(H70+I70),"") -> 0.21940727 | S70: 180
A71: 46311 | B71: Press-03 | C71: Hola Hair | D71: H.H 100GM | E71: 32 | F71: 6515 | G71: 17000 | H71: 16850 | I71: 150 | J71: =IFERROR(I71/(H71+I71),"") -> 0.0088235294 | K71: 80
A72: 46311 | B72: Printing-04 | C72: Hola Hair | D72: H.H 100GM | E72: 32 | F72: 6515 | G72: 7297 | H72: 7072 | I72: 225 | J72: =IFERROR(I72/(H72+I72),"") -> 0.03083459 | M72: 300
A73: 46312 | B73: Lacquer-04 | C73: Hola Hair | D73: H.H 100GM | E73: 32 | F73: 6515 | G73: 12000 | H73: 11740 | I73: 260 | J73: =IFERROR(I73/(H73+I73),"") -> 0.021666667 | M73: 200
A74: 46312 | B74: Latex-01 | C74: Hola Hair | D74: H.H 100GM | E74: 32 | F74: 6515 | G74: 12060 | H74: 12050 | I74: 10 | J74: =IFERROR(I74/(H74+I74),"") -> 0.0008291874 | O74: 240
A75: 46312 | B75: PF Machine | C75: Alpha Labs PVT LTD | D75: TRANSPARENT BOTTLE 150ML | E75: 150 ml | F75: 8001 | G75: 17975 | H75: 15525 | I75: 2450 | J75: =IFERROR(I75/(H75+I75),"") -> 0.13630042 | S75: 360
A76: 46312 | B76: Press-03 | C76: Hola Hair | D76: H.H 100GM | E76: 32 | F76: 6515 | G76: 9500 | H76: 9405 | I76: 95 | J76: =IFERROR(I76/(H76+I76),"") -> 0.01 | N76: 120
A77: 46312 | B77: Press-04 | C77: Golden Pearl Cosmetics (PVT) LTD | D77: HELLO HAIR COLOR | E77: 30 | F77: 6206 | G77: 8600 | H77: 8500 | I77: 100 | J77: =IFERROR(I77/(H77+I77),"") -> 0.011627907
A78: 46312 | B78: Press-06 | C78: Samsol International Private Limited | D78: TUBES COMMON RED | E78: 25 | F78: 6470 | G78: 9900 | H78: 9820 | I78: 80 | J78: =IFERROR(I78/(H78+I78),"") -> 0.0080808081
A79: 46312 | B79: Printing-04 | C79: Hola Hair | D79: H.H 100GM | E79: 32 | F79: 6515 | G79: 23683 | H79: 23088 | I79: 595 | J79: =IFERROR(I79/(H79+I79),"") -> 0.025123506
A80: 46314 | B80: Lacquer-03 | C80: Golden Pearl Cosmetics (PVT) LTD | D80: HELLO HAIR COLOR | E80: 30 | F80: 6206 | G80: 25000 | H80: 24590 | I80: 410 | J80: =IFERROR(I80/(H80+I80),"") -> 0.0164
A81: 46314 | B81: Latex-01 | C81: Golden Pearl Cosmetics (PVT) LTD | D81: HELLO HAIR COLOR | E81: 30 | F81: 6206 | G81: 17000 | H81: 16990 | I81: 10 | J81: =IFERROR(I81/(H81+I81),"") -> 0.00058823529 | O81: 60
A82: 46314 | B82: PF Machine | C82: Alpha Labs PVT LTD | D82: TRANSPARENT BOTTLE 150ML | E82: 150 ml | F82: 8001 | G82: 15350 | H82: 14630 | I82: 720 | J82: =IFERROR(I82/(H82+I82),"") -> 0.046905537
A83: 46314 | B83: Press-04 | C83: Golden Pearl Cosmetics (PVT) LTD | D83: HELLO HAIR COLOR | E83: 30 | F83: 6206 | G83: 28000 | H83: 27815 | I83: 185 | J83: =IFERROR(I83/(H83+I83),"") -> 0.0066071429
A84: 46314 | B84: Printing-04 | C84: Golden Pearl Cosmetics (PVT) LTD | D84: HELLO HAIR COLOR | E84: 30 | F84: 6206 | G84: 23636 | H84: 23086 | I84: 550 | J84: =IFERROR(I84/(H84+I84),"") -> 0.023269589
A85: 46315 | B85: Lacquer-03 | C85: Golden Pearl Cosmetics (PVT) LTD | D85: HELLO HAIR COLOR | E85: 30 | F85: 6206 | G85: 27000 | H85: 26535 | I85: 465 | J85: =IFERROR(I85/(H85+I85),"") -> 0.017222222
A86: 46315 | B86: Latex-01 | C86: Golden Pearl Cosmetics (PVT) LTD | D86: HELLO HAIR COLOR | E86: 30 | F86: 6206 | G86: 24038 | H86: 24028 | I86: 10 | J86: =IFERROR(I86/(H86+I86),"") -> 0.00041600799
A87: 46315 | B87: PF Machine | C87: Alpha Labs PVT LTD | D87: TRANSPARENT BOTTLE 150ML | E87: 150 ml | F87: 8001 | G87: 6580 | H87: 5980 | I87: 600 | J87: =IFERROR(I87/(H87+I87),"") -> 0.09118541 | M87: 420
A88: 46315 | B88: Press-04 | C88: Golden Pearl Cosmetics (PVT) LTD | D88: HELLO HAIR COLOR | E88: 30 | F88: 6206 | G88: 25000 | H88: 24790 | I88: 210 | J88: =IFERROR(I88/(H88+I88),"") -> 0.0084
A89: 46315 | B89: Printing-04 | C89: Golden Pearl Cosmetics (PVT) LTD | D89: HELLO HAIR COLOR | E89: 30 | F89: 6206 | G89: 23606 | H89: 23086 | I89: 520 | J89: =IFERROR(I89/(H89+I89),"") -> 0.022028298

Sheet BOM
A1: BILL OF MATERIALS — Customer-Specific
A2: Product ID | B2: BOM ID | C2: Customer | D2: Product Name | E2: Dia | F2: Material Category | G2: Item ID | H2: Item Name | I2: UOM | J2: Per 1000 Units | K2: Material Group | L2: Scrap % | M2: Change Note
A3: 9004 | C3: COMMON | D3: BAHADUR TUBE 12.5MM | E3: 13.5 | F3: SLUG | G3: 31 | H3: 13.5X4.2 | I3: kg | J3: 1.623 | K3: Aluminum Slugs | L3: 0.1 | M3: Added for 13.5x4.2 inventory rate
A4: 6561 | B4: 190 | C4: Brookes Pharma Private Limited | D4: ECZEMUS OINTMENT 0.03% 10G | E4: 16 | F4: SLUG | G4: 2799 | H4: 16x4.5 | I4: kg | J4: 2.51889 | K4: Aluminum Slugs | L4: 0.1
A5: 6561 | B5: 190 | C5: Brookes Pharma Private Limited | D5: ECZEMUS OINTMENT 0.03% 10G | E5: 16 | F5: BASE COAT | G5: 3595 | H5: POLYSTER BASE COAT WHITE 234 | I5: kg | J5: 0.29 | K5: Base Coat | L5: 0.1
A6: 6561 | B6: 190 | C6: Brookes Pharma Private Limited | D6: ECZEMUS OINTMENT 0.03% 10G | E6: 16 | F6: CAP | G6: 69 | H6: M-7 S/M F/P (S) WHITE | I6: PCS | J6: 1000 | K6: Caps | L6: 0.02
A7: 6561 | B7: 190 | C7: Brookes Pharma Private Limited | D7: ECZEMUS OINTMENT 0.03% 10G | E7: 16 | F7: CARTON | G7: 36 | H7: 16X200 3Ply | I7: PCS | J7: 5 | K7: Cartons | L7: 0.1
A8: 6561 | B8: 190 | C8: Brookes Pharma Private Limited | D8: ECZEMUS OINTMENT 0.03% 10G | E8: 16 | F8: ZINC POWDER | G8: 194 | H8: ZINC STEARATE | I8: kg | J8: 0.00261964 | K8: Zinc Stearate | L8: 0.1
A9: 6561 | B9: 190 | C9: Brookes Pharma Private Limited | D9: ECZEMUS OINTMENT 0.03% 10G | E9: 16 | F9: LACQUER | G9: 4155 | H9: E/P LACQUER 4000 A/R | I9: L | J9: 0.17 | K9: Lacquer | L9: 0.1
A10: 6561 | B10: 190 | C10: Brookes Pharma Private Limited | D10: ECZEMUS OINTMENT 0.03% 10G | E10: 16 | F10: THINNER | G10: 190 | H10: THINNER FOR LACQUER SOL R/C | I10: L | J10: 0.06 | K10: Thinner | L10: 0.1
A11: 6561 | B11: 190 | C11: Brookes Pharma Private Limited | D11: ECZEMUS OINTMENT 0.03% 10G | E11: 16 | F11: TAPE | G11: 3635 | H11: PACKING TAPE 2" OF 60 YARDS | I11: PCS | J11: 0.119 | K11: Packing Tape | L11: 0.1
A12: 6561 | B12: 190 | C12: Brookes Pharma Private Limited | D12: ECZEMUS OINTMENT 0.03% 10G | E12: 16 | F12: CARTON | G12: 200 | H12: DIA 16 5Ply | I12: PCS | J12: 0.55 | K12: Cartons | L12: 0.1
A13: 6560 | B13: 189 | C13: Brookes Pharma Private Limited | D13: CONTRATUBEX GEL 20G | E13: 19 | F13: Slug | G13: 19 | H13: 19X4.5 S/M | I13: kg | J13: 3.367 | K13: Aluminum Slugs | L13: 0.1
A14: 6560 | B14: 189 | C14: Brookes Pharma Private Limited | D14: CONTRATUBEX GEL 20G | E14: 19 | F14: BASE COAT | G14: 3595 | H14: POLYSTER BASE COAT WHITE 234 | I14: kg | J14: 0.31 | K14: Base Coat | L14: 0.1
A15: 6560 | B15: 189 | C15: Brookes Pharma Private Limited | D15: CONTRATUBEX GEL 20G | E15: 19 | F15: CAP | G15: 81 | H15: M-9 S/M F/P WHITE (S) | I15: PCS | J15: 1000 | K15: Caps | L15: 0.02
... A162: 6506 | B162: 179 | C162: Samsol International Private Limited | D162: TUBES MEN BLUE | E162: 25 | F162: TAPE | G162: 3635 | H162: PACKING TAPE 2" OF 60 YARDS | I162: PCS | J162: 0.079 | K162: Packing Tape | L162: 0.1
A163: 6337 | B163: 166 | C163: Al-Rehman Group | D163: ACTIVE PRO HAIR COLOR CREAM 60ML | E163: 30 | F163: SLUG | G163: 3597 | H163: SLUG 30X4.8 | I163: kg | J163: 8 | K163: Aluminum Slugs | L163: 0.1 | M163: Switched from 406 to 3597
A164: 6337 | B164: 166 | C164: Al-Rehman Group | D164: ACTIVE PRO HAIR COLOR CREAM 60ML | E164: 30 | F164: BASE COAT | G164: 3595 | H164: POLYSTER BASE COAT WHITE 234 | I164: kg | J164: 0.67 | K164: Base Coat | L164: 0.1
A165: 6337 | B165: 166 | C165: Al-Rehman Group | D165: ACTIVE PRO HAIR COLOR CREAM 60ML | E165: 30 | F165: LATEX | G165: 186 | H165: LATEX IMP 574010002 | I165: kg | J165: 0.28 | K165: Latex | L165: 0.1
A166: 6337 | B166: 166 | C166: Al-Rehman Group | D166: ACTIVE PRO HAIR COLOR CREAM 60ML | E166: 30 | F166: CAP | G166: 578 | H166: M-12 S/M SPR WHITE DIA 30 | I166: PCS | J166: 1000 | K166: Caps | L166: 0.02
A167: 6337 | B167: 166 | C167: Al-Rehman Group | D167: ACTIVE PRO HAIR COLOR CREAM 60ML | E167: 30 | F167: CARTON | G167: 45 | H167: 30X150 3Ply | I167: PCS | J167: 6.6666 | K167: Cartons | L167: 0.1
A168: 6337 | B168: 166 | C168: Al-Rehman Group | D168: ACTIVE PRO HAIR COLOR CREAM 60ML | E168: 30 | F168: LACQUER | G168: 4155 | H168: E/P LACQUER 4000 A/R | I168: kg | J168: 0.28 | K168: Lacquer | L168: 0.1
A169: 6337 | B169: 166 | C169: Al-Rehman Group | D169: ACTIVE PRO HAIR COLOR CREAM 60ML | E169: 30 | F169: TAPE | G169: 3635 | H169: PACKING TAPE 2" OF 60 YARDS | I169: PCS | J169: 0.156 | K169: Tape | L169: 0.1
A170: 6337 | B170: 166 | C170: Al-Rehman Group | D170: ACTIVE PRO HAIR COLOR CREAM 60ML | E170: 30 | F170: ZINC POWDER | G170: 194 | H170: ZINC STEARATE | I170: kg | J170: 0.00832 | K170: ZINC POWDER | L170: 0.1
A171: 6416 | B171: 171 | C171: Al-Rehman Group | D171: SIGNATURE HAIR COLOR CREAM 60ML | E171: 30 | F171: SLUG | G171: 3597 | H171: SLUG 30X4.8 | I171: kg | J171: 8 | K171: Aluminum Slugs | L171: 0.1 | M171: Switched from 406 to 3597
A172: 6416 | B172: 171 | C172: Al-Rehman Group | D172: SIGNATURE HAIR COLOR CREAM 60ML | E172: 30 | F172: BASE COAT | G172: 3595 | H172: POLYSTER BASE COAT WHITE 234 | I172: kg | J172: 0.67 | K172: Base Coat | L172: 0.1
A173: 6416 | B173: 171 | C173: Al-Rehman Group | D173: SIGNATURE HAIR COLOR CREAM 60ML | E173: 30 | F173: LATEX | G173: 186 | H173: LATEX IMP 574010002 | I173: kg | J173: 0.28 | K173: Latex | L173: 0.1
A174: 6416 | B174: 171 | C174: Al-Rehman Group | D174: SIGNATURE HAIR COLOR CREAM 60ML | E174: 30 | F174: CAP | G174: 578 | H174: M-12 S/M SPR WHITE DIA 30 | I174: PCS | J174: 1000 | K174: Caps | L174: 0.02
A175: 6416 | B175: 171 | C175: Al-Rehman Group | D175: SIGNATURE HAIR COLOR CREAM 60ML | E175: 30 | F175: CARTON | G175: 3598 | H175: 25x336 5Ply | I175: PCS | J175: 4.2016 | K175: Cartons | L175: 0.1
A176: 6416 | B176: 171 | C176: Al-Rehman Group | D176: SIGNATURE HAIR COLOR CREAM 60ML | E176: 30 | F176: LACQUER | G176: 4155 | H176: E/P LACQUER 4000 A/R | I176: kg | J176: 0.28 | K176: Lacquer | L176: 0.1
A177: 6416 | B177: 171 | C177: Al-Rehman Group | D177: SIGNATURE HAIR COLOR CREAM 60ML | E177: 30 | F177: TAPE | G177: 3635 | H177: PACKING TAPE 2" OF 60 YARDS | I177: PCS | J177: 0.156 | K177: Tape | L177: 0.1
A178: 6416 | B178: 171 | C178: Al-Rehman Group | D178: SIGNATURE HAIR COLOR CREAM 60ML | E178: 30 | F178: ZINC POWDER | G178: 194 | H178: ZINC STEARATE | I178: kg | J178: 0.00832 | K178: ZINC POWDER | L178: 0.1
A179: 6206 | B179: 149 | C179: Golden Pearl Cosmetics (PVT) LTD | D179: HELLO HAIR COLOR | E179: 30 | F179: SLUG | G179: 3597 | H179: SLUG 30X4.8 | I179: kg | J179: 8 | K179: Aluminum Slugs | L179: 0.1 | M179: Switched from 406 to 3597
A180: 6206 | B180: 149 | C180: Golden Pearl Cosmetics (PVT) LTD | D180: HELLO HAIR COLOR | E180: 30 | F180: BASE COAT | G180: 3595 | H180: POLYSTER BASE COAT WHITE 234 | I180: kg | J180: 0.67 | K180: Base Coat | L180: 0.1
A181: 6206 | B181: 149 | C181: Golden Pearl Cosmetics (PVT) LTD | D181: HELLO HAIR COLOR | E181: 30 | F181: LATEX | G181: 186 | H181: LATEX IMP 574010002 | I181: kg | J181: 0.28 | K181: Latex | L181: 0.1
A182: 6206 | B182: 149 | C182: Golden Pearl Cosmetics (PVT) LTD | D182: HELLO HAIR COLOR | E182: 30 | F182: CAP | G182: 68 | H182: M-11 S/M SPR WHITE DIA 25MM | I182: PCS | J182: 1000 | K182: Caps | L182: 0.02
A183: 6206 | B183: 149 | C183: Golden Pearl Cosmetics (PVT) LTD | D183: HELLO HAIR COLOR | E183: 30 | F183: CARTON | G183: 3598 | H183: 25x336 5Ply | I183: PCS | J183: 4.2016 | K183: Cartons | L183: 0.1
A184: 6206 | B184: 149 | C184: Golden Pearl Cosmetics (PVT) LTD | D184: HELLO HAIR COLOR | E184: 30 | F184: ZINC POWDER | G184: 194 | H184: ZINC STEARATE | I184: kg | J184: 0.00832 | K184: Zinc Stearate | L184: 0.1
A185: 6206 | B185: 149 | C185: Golden Pearl Cosmetics (PVT) LTD | D185: HELLO HAIR COLOR | E185: 30 | F185: LACQUER | G185: 4155 | H185: E/P LACQUER 4000 A/R | I185: kg | J185: 0.28 | K185: Lacquer | L185: 0.1
A186: 6206 | B186: 149 | C186: Golden Pearl Cosmetics (PVT) LTD | D186: HELLO HAIR COLOR | E186: 30 | F186: TAPE | G186: 3635 | H186: PACKING TAPE 2" OF 60 YARDS | I186: PCS | J186: 0.156 | K186: Packing Tape | L186: 0.1
A187: 6206 | B187: 149 | C187: Golden Pearl Cosmetics (PVT) LTD | D187: HELLO HAIR COLOR | E187: 30 | F187: INK | G187: 6935 | H187: GOLD V0221267-RF-401363 | I187: kg | J187: 0.033 | K187: Ink | L187: 0.1
A188: 5814 | B188: 95 | C188: Mablay Beauty PVT LTD. | D188: VINCE NURTURAL | E188: 30 | F188: SLUG | G188: 3597 | H188: SLUG 30X4.8 | I188: kg | J188: 8 | K188: Aluminum Slugs | L188: 0.1 | M188: Switched from 406 to 3597
A189: 5814 | B189: 95 | C189: Mablay Beauty PVT LTD. | D189: VINCE NURTURAL | E189: 30 | F189: BASE COAT | G189: 3595 | H189: POLYSTER BASE COAT WHITE 234 | I189: kg | J189: 0.6684 | K189: Base Coat | L189: 0.1
A190: 5814 | B190: 95 | C190: Mablay Beauty PVT LTD. | D190: VINCE NURTURAL | E190: 30 | F190: LATEX | G190: 186 | H190: LATEX IMP 574010002 | I190: kg | J190: 0.12 | K190: Latex | L190: 0.1
A191: 5814 | B191: 95 | C191: Mablay Beauty PVT LTD. | D191: VINCE NURTURAL | E191: 30 | F191: CAP | G191: 578 | H191: M-12 S/M SPR WHITE DIA 30 | I191: PCS | J191: 1000 | K191: Caps | L191: 0.02
A192: 5814 | B192: 95 | C192: Mablay Beauty PVT LTD. | D192: VINCE NURTURAL | E192: 30 | F192: LACQUER | G192: 4155 | H192: E/P LACQUER 4000 A/R | I192: kg | J192: 0.2959 | K192: Lacquer | L192: 0.1
A193: 5814 | B193: 95 | C193: Mablay Beauty PVT LTD. | D193: VINCE NURTURAL | E193: 30 | F193: TAPE | G193: 3635 | H193: PACKING TAPE 2" OF 60 YARDS | I193: PCS | J193: 0.156 | K193: Packing Tape | L193: 0.1
A194: 5814 | B194: 95 | C194: Mablay Beauty PVT LTD. | D194: VINCE NURTURAL | E194: 30 | F194: CARTON | G194: 3598 | H194: 25x336 5Ply | I194: PCS | J194: 4.202 | K194: Cartons | L194: 0.1
A195: 6151 | B195: 146 | C195: Mateen Sons | D195: GP DIA 30MM | E195: 30 | F195: Slug | G195: 3597 | H195: SLUG 30X4.8 | I195: kg | J195: 8 | K195: SLUG | L195: 0.1 | M195: Switched from 406 to 3597
A196: 6151 | B196: 146 | C196: Mateen Sons | D196: GP DIA 30MM | E196: 30 | F196: BASE COAT | G196: 3595 | H196: POLYSTER BASE COAT WHITE 234 | I196: kg | J196: 0.67 | K196: BASE COAT | L196: 0.1
A197: 6151 | B197: 146 | C197: Mateen Sons | D197: GP DIA 30MM | E197: 30 | F197: LATEX | G197: 186 | H197: LATEX IMP 574010002 | I197: kg | J197: 0.28 | K197: LATEX | L197: 0.1
A198: 6151 | B198: 146 | C198: Mateen Sons | D198: GP DIA 30MM | E198: 30 | F198: CAP | G198: 578 | H198: M-12 S/M SPR WHITE DIA 30 SCABIN | I198: pcs | J198: 1000 | K198: CAP | L198: 0.02
A199: 6151 | B199: 146 | C199: Mateen Sons | D199: GP DIA 30MM | E199: 30 | F199: CARTON | G199: 3988 | H199: 35x180 5ply L21.5" W14.5" H8.5" | I199: pcs | J199: 4.2016 | K199: CARTON | L199: 0.1
A200: 6151 | B200: 146 | C200: Mateen Sons | D200: GP DIA 30MM | E200: 30 | F200: Zinc Powder | G200: 194 | H200: ZINC STEARATE | I200: kg | J200: 0.00832 | K200: kg | L200: 0.1
A201: 6151 | B201: 146 | C201: Mateen Sons | D201: GP DIA 30MM | E201: 30 | F201: LACQUER | G201: 4155 | H201: E/P LACQUER 4000 A/R | I201: kg | J201: 0.28 | K201: LACQUER | L201: 0.1
A202: 6151 | B202: 146 | C202: Mateen Sons | D202: GP DIA 30MM | E202: 30 | F202: TAPE | G202: 3635 | H202: PACKING TAPE 2" OF 60 YARDS | I202: PCS | J202: 0.156 | K202: TAPE | L202: 0.1
A203: 6151 | B203: 146 | C203: Mateen Sons | D203: GP DIA 30MM | E203: 30 | F203: INK | G203: 6935 | H203: GOLD V0221267-RF-401363 | I203: kg | J203: 0.033 | K203: INK | L203: 0.1
A204: 2909 | B204: 56 | C204: Professional Beauty Solution (Pvt) Ltd.Pakistan | D204: EAZI COLOR PERMANENT HAIR COLOUR 60ML | E204: 30 | F204: Slug | G204: 3597 | H204: SLUG 30X4.8 | I204: kg | J204: 8 | K204: SLUG | L204: 0.1 | M204: Switched from 406 to 3597
A205: 2909 | B205: 56 | C205: Professional Beauty Solution (Pvt) Ltd.Pakistan | D205: EAZI COLOR PERMANENT HAIR COLOUR 60ML | E205: 30 | F205: BASE COAT | G205: 3595 | H205: POLYSTER BASE COAT WHITE 234 | I205: kg | J205: 0.67 | K205: BASE COAT | L205: 0.1
A206: 2909 | B206: 56 | C206: Professional Beauty Solution (Pvt) Ltd.Pakistan | D206: EAZI COLOR PERMANENT HAIR COLOUR 60ML | E206: 30 | F206: CARTON | G206: 45 | H206: 30X150 3Ply L18.75" W12.5" H6.5" | I206: pcs | J206: 6.6666 | K206: CARTON | L206: 0.1
A207: 2909 | B207: 56 | C207: Professional Beauty Solution (Pvt) Ltd.Pakistan | D207: EAZI COLOR PERMANENT HAIR COLOUR 60ML | E207: 30 | F207: Zinc Powder | G207: 194 | H207: ZINC STEARATE | I207: kg | J207: 0.00832 | K207: kg | L207: 0.1
A208: 2909 | B208: 56 | C208: Professional Beauty Solution (Pvt) Ltd.Pakistan | D208: EAZI COLOR PERMANENT HAIR COLOUR 60ML | E208: 30 | F208: LACQUER | G208: 4155 | H208: E/P LACQUER 4000 A/R | I208: kg | J208: 0.28 | K208: LACQUER | L208: 0.1
A209: 2909 | B209: 56 | C209: Professional Beauty Solution (Pvt) Ltd.Pakistan | D209: EAZI COLOR PERMANENT HAIR COLOUR 60ML | E209: 30 | F209: TAPE | G209: 3635 | H209: PACKING TAPE 2" OF 60 YARDS | I209: PCS | J209: 0.156 | K209: TAPE | L209: 0.1
A210: 4050 | B210: 19 | C210: Professional Beauty Solution (PVT) LTD.Pakistan | D210: EAZICOLOR PREMIUM HAIR COLOUR 60ML | E210: 30 | F210: SLUG | G210: 3597 | H210: SLUG 30X4.8 | I210: kg | J210: 8 | K210: Aluminum Slugs | L210: 0.1 | M210: Switched from 406 to 3597
A211: 4050 | B211: 19 | C211: Professional Beauty Solution (PVT) LTD.Pakistan | D211: EAZICOLOR PREMIUM HAIR COLOUR 60ML | E211: 30 | F211: BASE COAT | G211: 3595 | H211: POLYSTER BASE COAT WHITE 234 | I211: kg | J211: 0.6684 | K211: Base Coat | L211: 0.1
A212: 4050 | B212: 19 | C212: Professional Beauty Solution (PVT) LTD.Pakistan | D212: EAZICOLOR PREMIUM HAIR COLOUR 60ML | E212: 30 | F212: LATEX | G212: 186 | H212: LATEX IMP 574010002 | I212: kg | J212: 0.12 | K212: Latex | L212: 0.1
A213: 4050 | B213: 19 | C213: Professional Beauty Solution (PVT) LTD.Pakistan | D213: EAZICOLOR PREMIUM HAIR COLOUR 60ML | E213: 30 | F213: CAP | G213: 578 | H213: M-12 S/M SPR WHITE DIA 30 | I213: PCS | J213: 1000 | K213: Caps | L213: 0.02
A214: 4050 | B214: 19 | C214: Professional Beauty Solution (PVT) LTD.Pakistan | D214: EAZICOLOR PREMIUM HAIR COLOUR 60ML | E214: 30 | F214: CARTON | G214: 45 | H214: 30X150 3Ply | I214: PCS | J214: 6.666 | K214: Cartons | L214: 0.1
A215: 4050 | B215: 19 | C215: Professional Beauty Solution (PVT) LTD.Pakistan | D215: EAZICOLOR PREMIUM HAIR COLOUR 60ML | E215: 30 | F215: ZINC POWDER | G215: 194 | H215: ZINC STEARATE | I215: kg | J215: 0.00832 | K215: Zinc Stearate | L215: 0.1
A216: 4050 | B216: 19 | C216: Professional Beauty Solution (PVT) LTD.Pakistan | D216: EAZICOLOR PREMIUM HAIR COLOUR 60ML | E216: 30 | F216: LACQUER | G216: 4155 | H216: E/P LACQUER 4000 A/R | I216: kg | J216: 0.2959 | K216: Lacquer | L216: 0.1
A217: 4050 | B217: 19 | C217: Professional Beauty Solution (PVT) LTD.Pakistan | D217: EAZICOLOR PREMIUM HAIR COLOUR 60ML | E217: 30 | F217: TAPE | G217: 3635 | H217: PACKING TAPE 2" OF 60 YARDS | I217: PCS | J217: 0.156 | K217: Packing Tape | L217: 0.1
A218: 6312 | B218: 157 | C218: Professional Beauty Solution (PVT) LTD.Pakistan | D218: HIBA S HAIR COLOR 60ML | E218: 30 | F218: SLUG | G218: 3597 | H218: SLUG 30X4.8 | I218: kg | J218: 8 | K218: Aluminum Slugs | L218: 0.1 | M218: Switched from 406 to 3597
A219: 6312 | B219: 157 | C219: Professional Beauty Solution (PVT) LTD.Pakistan | D219: HIBA S HAIR COLOR 60ML | E219: 30 | F219: BASE COAT | G219: 3595 | H219: POLYSTER BASE COAT WHITE 234 | I219: kg | J219: 0.67 | K219: Base Coat | L219: 0.1
A220: 6312 | B220: 157 | C220: Professional Beauty Solution (PVT) LTD.Pakistan | D220: HIBA S HAIR COLOR 60ML | E220: 30 | F220: CARTON | G220: 45 | H220: 30X150 3Ply | I220: PCS | J220: 6.6666 | K220: Cartons | L220: 0.1
A221: 6312 | B221: 157 | C221: Professional Beauty Solution (PVT) LTD.Pakistan | D221: HIBA S HAIR COLOR 60ML | E221: 30 | F221: LACQUER | G221: 4155 | H221: E/P LACQUER 4000 A/R | I221: kg | J221: 0.28 | K221: Lacquer | L221: 0.1
A222: 6312 | B222: 157 | C222: Professional Beauty Solution (PVT) LTD.Pakistan | D222: HIBA S HAIR COLOR 60ML | E222: 30 | F222: TAPE | G222: 3635 | H222: PACKING TAPE 2" OF 60 YARDS | I222: PCS | J222: 0.156 | K222: Tape | L222: 0.1
A223: 6312 | B223: 157 | C223: Professional Beauty Solution (PVT) LTD.Pakistan | D223: HIBA S HAIR COLOR 60ML | E223: 30 | F223: ZINC POWDER | G223: 194 | H223: ZINC STEARATE | I223: kg | J223: 0.00832 | K223: ZINC POWDER | L223: 0.1
A224: 6595 | B224: 191 | C224: Seatle (Private) Limited | D224: DOWFEN GEL 50G | E224: 30 | F224: SLUG | G224: 3597 | H224: SLUG 30X4.8 | I224: kg | J224: 8 | K224: Aluminum Slugs | L224: 0.1 | M224: Switched from 406 to 3597
A225: 6595 | B225: 191 | C225: Seatle (Private) Limited | D225: DOWFEN GEL 50G | E225: 30 | F225: BASE COAT | G225: 3595 | H225: POLYSTER BASE COAT WHITE 234 | I225: kg | J225: 0.67 | K225: Base Coat | L225: 0.1
A226: 6595 | B226: 191 | C226: Seatle (Private) Limited | D226: DOWFEN GEL 50G | E226: 30 | F226: LATEX | G226: 186 | H226: LATEX IMP 574010002 | I226: kg | J226: 0.28 | K226: Latex | L226: 0.1
A227: 6595 | B227: 191 | C227: Seatle (Private) Limited | D227: DOWFEN GEL 50G | E227: 30 | F227: CAP | G227: 3211 | H227: M-9 S/M SPR WHITE DIA 22 AUTO | I227: PCS | J227: 1000 | K227: Caps | L227: 0.02
A228: 6595 | B228: 191 | C228: Seatle (Private) Limited | D228: DOWFEN GEL 50G | E228: 30 | F228: CARTON | G228: 3598 | H228: 25x336 5Ply | I228: PCS | J228: 4.2016 | K228: Cartons | L228: 0.1
A229: 6595 | B229: 191 | C229: Seatle (Private) Limited | D229: DOWFEN GEL 50G | E229: 30 | F229: LACQUER | G229: 4155 | H229: E/P LACQUER 4000 A/R | I229: L | J229: 0.28 | K229: Lacquer | L229: 0.1
A230: 6595 | B230: 191 | C230: Seatle (Private) Limited | D230: DOWFEN GEL 50G | E230: 30 | F230: ZINC POWDER | G230: 194 | H230: ZINC STEARATE | I230: kg | J230: 0.008322 | K230: Zinc Stearate | L230: 0.1
A231: 6595 | B231: 191 | C231: Seatle (Private) Limited | D231: DOWFEN GEL 50G | E231: 30 | F231: TAPE | G231: 3635 | H231: PACKING TAPE 2" OF 60 YARDS | I231: PCS | J231: 0.156 | K231: Packing Tape | L231: 0.1
A232: 6515 | B232: 180 | C232: Hola Hair | D232: H.H 100GM | E232: 32 | F232: SLUG | G232: 3935 | H232: 32x5.0 | I232: kg | J232: 10.8632 | K232: Aluminum Slugs | L232: 0.1
A233: 6515 | B233: 180 | C233: Hola Hair | D233: H.H 100GM | E233: 32 | F233: BASE COAT | G233: 3595 | H233: POLYSTER BASE COAT WHITE 234 | I233: kg | J233: 0.78 | K233: Base Coat | L233: 0.1
A234: 6515 | B234: 180 | C234: Hola Hair | D234: H.H 100GM | E234: 32 | F234: LATEX | G234: 186 | H234: LATEX IMP 574010002 | I234: kg | J234: 0.7 | K234: Latex | L234: 0.1
A235: 6515 | B235: 180 | C235: Hola Hair | D235: H.H 100GM | E235: 32 | F235: CAP | G235: 1073 | H235: M-11 S/M F/P BLACK | I235: PCS | J235: 1000 | K235: Caps | L235: 0.02
A236: 6515 | B236: 180 | C236: Hola Hair | D236: H.H 100GM | E236: 32 | F236: CARTON | G236: 3988 | H236: 35x180 5ply | I236: PCS | J236: 6.06 | K236: Cartons | L236: 0.1
... A279: 6531 | B279: 183 | C279: Adore | D279: V-HC BLACK | E279: 35 | F279: TAPE | G279: 3635 | H279: PACKING TAPE 2" OF 60 YARDS | I279: PCS | J279: 0.168 | K279: Packing Tape | L279: 0.1
A280: 8018 | B280: 818 | C280: Alpha Labs PVT LTD | D280: PET BOTTLE (75ML) TRANSPARENT BODY MIST | E280: 75 ml | F280: PET RESIN | G280: 2680 | H280: PET RESIN A-84 | I280: kg | J280: 22 | K280: PET Resin | L280: 0.15 | M280: Preform 22g (same as 150ml)
A281: 8018 | B281: 818 | C281: Alpha Labs PVT LTD | D281: PET BOTTLE (75ML) TRANSPARENT BODY MIST | E281: 75 ml | F281: MASTER CARTON | G281: 5977 | H281: MASTER CARTON 38"X24"X15.5" | I281: PCS | J281: 0.625 | K281: Master Carton | L281: 0.15
A282: 8018 | B282: 818 | C282: Alpha Labs PVT LTD | D282: PET BOTTLE (75ML) TRANSPARENT BODY MIST | E282: 75 ml | F282: POLY BAG | G282: 2267 | H282: POLY BAG 20X30 (LDPE) | I282: PCS | J282: 5 | K282: Poly Bag | L282: 0.15
A283: 8018 | B283: 818 | C283: Alpha Labs PVT LTD | D283: PET BOTTLE (75ML) TRANSPARENT BODY MIST | E283: 75 ml | F283: TAPE | G283: 3635 | H283: PACKING TAPE 2" OF 60 YARDS | I283: PCS | J283: 0.016 | K283: Packing Tape | L283: 0.15
A284: 8018 | B284: 818 | C284: Alpha Labs PVT LTD | D284: PET BOTTLE (75ML) TRANSPARENT BODY MIST | E284: 75 ml | F284: PLASTIC DOORI | G284: 3043 | H284: PLASTIC DOORI | I284: ROLL | J284: 0.005 | K284: Packing | L284: 0.15
A285: 8011 | B285: 811 | C285: Samsol International Private Limited | D285: BLACK SMALL BOTTLE 120ML | E285: 120 ml | F285: PET RESIN | G285: 2680 | H285: PET RESIN A-84 | I285: kg | J285: 17.46 | K285: PET Resin | L285: 0.15
A286: 8011 | B286: 811 | C286: Samsol International Private Limited | D286: BLACK SMALL BOTTLE 120ML | E286: 120 ml | F286: MASTER BATCH | G286: 7412 | H286: MASTER BATCH BLACK DP# 6411 | I286: kg | J286: 0.54 | K286: Masterbatch | L286: 0.15
A287: 8011 | B287: 811 | C287: Samsol International Private Limited | D287: BLACK SMALL BOTTLE 120ML | E287: 120 ml | F287: POLY BAG | G287: 2267 | H287: POLY BAG 20X30 (LDPE) | I287: PCS | J287: 8.333 | K287: Poly Bag | L287: 0.15
A288: 8011 | B288: 811 | C288: Samsol International Private Limited | D288: BLACK SMALL BOTTLE 120ML | E288: 120 ml | F288: PLASTIC DOORI | G288: 3043 | H288: PLASTIC DOORI | I288: ROLL | J288: 0.005 | K288: Packing | L288: 0.15
...

Sheet Inventory
A1: Slugs Inventory — October 2026 MONTH TO DATE | I1: Date: | J1: =TODAY() -> 46316
A2: Item ID | B2: Category | C2: Item Name (ERP) | D2: UOM | E2: Opening | F2: Received from Vendor | G2: Issued to Production | H2: Store Balance | I2: WIP | J2: Pieces Can Be Produced (Store + Floor Stock) | K2: Status / Remarks
A3: 31 | B3: Slug | C3: 13.5X4.2 | D3: kg | E3: 71.5 | F3: 0 | G3: 0 | H3: =E3+F3-G3 -> 71.5 | J3: =IFERROR(IF(H3+I3="","-",ROUND((H3+I3)/(IFERROR(IF(AVERAGEIF(TableBOM[Item ID],A3,TableBOM[Per 1000 Units])>0,AVERAGEIF(TableBOM[Item ID],A3,TableBOM[Per 1000 Units]),AVERAGEIF(TableBOM[Material Category],B3,TableBOM[Per 1000 Units])),AVERAGEIF(TableBOM[Material Category],B3,TableBOM[Per 1000 Units]))/1000),0)),"-") -> 44054
A4: 2799 | B4: Slug | C4: 16x4.5 | D4: kg | E4: 88 | F4: 0 | G4: 0 | H4: =E4+F4-G4 -> 88 | J4: =IFERROR(IF(H4+I4="","-",ROUND((H4+I4)/(IFERROR(IF(AVERAGEIF(TableBOM[Item ID],A4,TableBOM[Per 1000 Units])>0,AVERAGEIF(TableBOM[Item ID],A4,TableBOM[Per 1000 Units]),AVERAGEIF(TableBOM[Material Category],B4,TableBOM[Per 1000 Units])),AVERAGEIF(TableBOM[Material Category],B4,TableBOM[Per 1000 Units]))/1000),0)),"-") -> 34936
A5: 19 | B5: Slug | C5: 19X4.5 S/M | D5: kg | E5: 425 | F5: 0 | G5: 0 | H5: =E5+F5-G5 -> 425 | J5: =IFERROR(IF(H5+I5="","-",ROUND((H5+I5)/(IFERROR(IF(AVERAGEIF(TableBOM[Item ID],A5,TableBOM[Per 1000 Units])>0,AVERAGEIF(TableBOM[Item ID],A5,TableBOM[Per 1000 Units]),AVERAGEIF(TableBOM[Material Category],B5,TableBOM[Per 1000 Units])),AVERAGEIF(TableBOM[Material Category],B5,TableBOM[Per 1000 Units]))/1000),0)),"-") -> 126225
A6: 4179 | B6: Slug | C6: 20.5x4.5 | D6: kg | E6: 132 | F6: 0 | G6: 0 | H6: =E6+F6-G6 -> 132 | J6: =IFERROR(IF(H6+I6="","-",ROUND((H6+I6)/(IFERROR(IF(AVERAGEIF(TableBOM[Item ID],A6,TableBOM[Per 1000 Units])>0,AVERAGEIF(TableBOM[Item ID],A6,TableBOM[Per 1000 Units]),AVERAGEIF(TableBOM[Material Category],B6,TableBOM[Per 1000 Units])),AVERAGEIF(TableBOM[Material Category],B6,TableBOM[Per 1000 Units]))/1000),0)),"-") -> 33528
A7: 6 | B7: Slug | C7: 25X4.5 S/M | D7: kg | E7: 103 | F7: 0 | G7: 0 | H7: =E7+F7-G7 -> 103 | J7: =IFERROR(IF(H7+I7="","-",ROUND((H7+I7)/(IFERROR(IF(AVERAGEIF(TableBOM[Item ID],A7,TableBOM[Per 1000 Units])>0,AVERAGEIF(TableBOM[Item ID],A7,TableBOM[Per 1000 Units]),AVERAGEIF(TableBOM[Material Category],B7,TableBOM[Per 1000 Units])),AVERAGEIF(TableBOM[Material Category],B7,TableBOM[Per 1000 Units]))/1000),0)),"-") -> 17390
A8: 406 | B8: Slug | C8: 30X4.5 S/M | D8: kg | E8: 0 | F8: 0 | G8: 0 | H8: =E8+F8-G8 -> 0 | J8: =IFERROR(IF(H8+I8="","-",ROUND((H8+I8)/(IFERROR(IF(AVERAGEIF(TableBOM[Item ID],A8,TableBOM[Per 1000 Units])>0,AVERAGEIF(TableBOM[Item ID],A8,TableBOM[Per 1000 Units]),AVERAGEIF(TableBOM[Material Category],B8,TableBOM[Per 1000 Units])),AVERAGEIF(TableBOM[Material Category],B8,TableBOM[Per 1000 Units]))/1000),0)),"-") -> 0 | K8: Inactive (Not in use)
A9: 3597 | B9: Slug | C9: SLUG 30X4.8 | D9: kg | E9: 975 | F9: 950 | G9: 1925 | H9: =E9+F9-G9 -> 0 | I9: 85 | J9: =IFERROR(IF(H9+I9="","-",ROUND((H9+I9)/(IFERROR(IF(AVERAGEIF(TableBOM[Item ID],A9,TableBOM[Per 1000 Units])>0,AVERAGEIF(TableBOM[Item ID],A9,TableBOM[Per 1000 Units]),AVERAGEIF(TableBOM[Material Category],B9,TableBOM[Per 1000 Units])),AVERAGEIF(TableBOM[Material Category],B9,TableBOM[Per 1000 Units]))/1000),0)),"-") -> 10625
A10: 3935 | B10: Slug | C10: 32x5.0 | D10: kg | E10: 95 | F10: 775 | G10: 870 | H10: =E10+F10-G10 -> 0 | J10: =IFERROR(IF(H10+I10="","-",ROUND((H10+I10)/(IFERROR(IF(AVERAGEIF(TableBOM[Item ID],A10,TableBOM[Per 1000 Units])>0,AVERAGEIF(TableBOM[Item ID],A10,TableBOM[Per 1000 Units]),AVERAGEIF(TableBOM[Material Category],B10,TableBOM[Per 1000 Units])),AVERAGEIF(TableBOM[Material Category],B10,TableBOM[Per 1000 Units]))/1000),0)),"-") -> 0
A11: 3503 | B11: Slug | C11: 35X5.0 | D11: kg | E11: 328 | F11: 0 | G11: 0 | H11: =E11+F11-G11 -> 328 | J11: =IFERROR(IF(H11+I11="","-",ROUND((H11+I11)/(IFERROR(IF(AVERAGEIF(TableBOM[Item ID],A11,TableBOM[Per 1000 Units])>0,AVERAGEIF(TableBOM[Item ID],A11,TableBOM[Per 1000 Units]),AVERAGEIF(TableBOM[Material Category],B11,TableBOM[Per 1000 Units])),AVERAGEIF(TableBOM[Material Category],B11,TableBOM[Per 1000 Units]))/1000),0)),"-") -> 25585
A13: Inventory — October 2026 Month to Date | H13: Date: | J13: =TODAY() -> 46316
A14: Item ID | B14: Category | C14: Item Name (ERP) | D14: UOM | E14: Opening | F14: Received from Vendor | G14: Issued to Production | H14: Store Balance | I14: Work In Process | J14: Pieces Can Be Produced
A15: 184 | B15: Lacquer | C15: LACQUAR IMP 49989 | D15: kg | E15: 0 | F15: 0 | G15: 0 | H15: =E15+F15-G15 -> 0 | J15: =IFERROR(IF(H15+I15="","-",ROUND((H15+I15)/(IFERROR(IF(AVERAGEIF(TableBOM[Item ID],A15,TableBOM[Per 1000 Units])>0,AVERAGEIF(TableBOM[Item ID],A15,TableBOM[Per 1000 Units]),AVERAGEIF(TableBOM[Material Category],B15,TableBOM[Per 1000 Units])),AVERAGEIF(TableBOM[Material Category],B15,TableBOM[Per 1000 Units]))/1000),0)),"-") -> 0 | K15: Not active in ERP
A16: 185 | B16: Lacquer | C16: EPOXY LACQUER (1500) | D16: L | E16: 50 | F16: 0 | G16: 0 | H16: =E16+F16-G16 -> 50 | J16: =IFERROR(IF(H16+I16="","-",ROUND((H16+I16)/(IFERROR(IF(AVERAGEIF(TableBOM[Item ID],A16,TableBOM[Per 1000 Units])>0,AVERAGEIF(TableBOM[Item ID],A16,TableBOM[Per 1000 Units]),AVERAGEIF(TableBOM[Material Category],B16,TableBOM[Per 1000 Units])),AVERAGEIF(TableBOM[Material Category],B16,TableBOM[Per 1000 Units]))/1000),0)),"-") -> 192152
A17: 188 | B17: Lacquer | C17: LACQUAR RHENANIA (ACTEGA COLL 299) | D17: kg | E17: 91 | F17: 0 | G17: 0 | H17: =E17+F17-G17 -> 91 | I17: 0 | J17: =IFERROR(IF(H17+I17="","-",ROUND((H17+I17)/(IFERROR(IF(AVERAGEIF(TableBOM[Item ID],A17,TableBOM[Per 1000 Units])>0,AVERAGEIF(TableBOM[Item ID],A17,TableBOM[Per 1000 Units]),AVERAGEIF(TableBOM[Material Category],B17,TableBOM[Per 1000 Units])),AVERAGEIF(TableBOM[Material Category],B17,TableBOM[Per 1000 Units]))/1000),0)),"-") -> 349716
A18: 1065 | B18: Lacquer | C18: PIGMENTED LACQUAR 57300 | D18: kg | E18: 0 | F18: 0 | G18: 0 | H18: =E18+F18-G18 -> 0 | J18: =IFERROR(IF(H18+I18="","-",ROUND((H18+I18)/(IFERROR(IF(AVERAGEIF(TableBOM[Item ID],A18,TableBOM[Per 1000 Units])>0,AVERAGEIF(TableBOM[Item ID],A18,TableBOM[Per 1000 Units]),AVERAGEIF(TableBOM[Material Category],B18,TableBOM[Per 1000 Units])),AVERAGEIF(TableBOM[Material Category],B18,TableBOM[Per 1000 Units]))/1000),0)),"-") -> 0 | K18: Not active in ERP
A19: 4155 | B19: Lacquer | C19: E/P LACQUAR 4000 A/R | D19: kg | E19: 75 | F19: 200 | G19: 175 | H19: =E19+F19-G19 -> 100 | J19: =IFERROR(IF(H19+I19="","-",ROUND((H19+I19)/(IFERROR(IF(AVERAGEIF(TableBOM[Item ID],A19,TableBOM[Per 1000 Units])>0,AVERAGEIF(TableBOM[Item ID],A19,TableBOM[Per 1000 Units]),AVERAGEIF(TableBOM[Material Category],B19,TableBOM[Per 1000 Units])),AVERAGEIF(TableBOM[Material Category],B19,TableBOM[Per 1000 Units]))/1000),0)),"-") -> 384304
A20: 170 | B20: Base Coat | C20: WHITE 5711200001 | D20: kg | E20: 0 | F20: 0 | G20: 0 | H20: =E20+F20-G20 -> 0 | J20: =IFERROR(IF(H20+I20="","-",ROUND((H20+I20)/(IFERROR(IF(AVERAGEIF(TableBOM[Item ID],A20,TableBOM[Per 1000 Units])>0,AVERAGEIF(TableBOM[Item ID],A20,TableBOM[Per 1000 Units]),AVERAGEIF(TableBOM[Material Category],B20,TableBOM[Per 1000 Units])),AVERAGEIF(TableBOM[Material Category],B20,TableBOM[Per 1000 Units]))/1000),0)),"-") -> 0 | K20: Not active in ERP
A21: 175 | B21: Base Coat | C21: GOLD 5725100018 | D21: kg | E21: 30 | F21: 0 | G21: 0 | H21: =E21+F21-G21 -> 30 | I21: 0 | J21: =IFERROR(IF(H21+I21="","-",ROUND((H21+I21)/(IFERROR(IF(AVERAGEIF(TableBOM[Item ID],A21,TableBOM[Per 1000 Units])>0,AVERAGEIF(TableBOM[Item ID],A21,TableBOM[Per 1000 Units]),AVERAGEIF(TableBOM[Material Category],B21,TableBOM[Per 1000 Units])),AVERAGEIF(TableBOM[Material Category],B21,TableBOM[Per 1000 Units]))/1000),0)),"-") -> 50873
A22: 192 | B22: Base Coat | C22: TRANSPARENT 234-786 | D22: kg | E22: 50 | F22: 0 | G22: 0 | H22: =E22+F22-G22 -> 50 | I22: 0 | J22: =IFERROR(IF(H22+I22="","-",ROUND((H22+I22)/(IFERROR(IF(AVERAGEIF(TableBOM[Item ID],A22,TableBOM[Per 1000 Units])>0,AVERAGEIF(TableBOM[Item ID],A22,TableBOM[Per 1000 Units]),AVERAGEIF(TableBOM[Material Category],B22,TableBOM[Per 1000 Units])),AVERAGEIF(TableBOM[Material Category],B22,TableBOM[Per 1000 Units]))/1000),0)),"-") -> 84788
A23: 3595 | B23: Base Coat | C23: POLYSTER BASE COAT WHITE 23410 | D23: kg | E23: 60 | F23: 270 | G23: 180 | H23: =E23+F23-G23 -> 150 | J23: =IFERROR(IF(H23+I23="","-",ROUND((H23+I23)/(IFERROR(IF(AVERAGEIF(TableBOM[Item ID],A23,TableBOM[Per 1000 Units])>0,AVERAGEIF(TableBOM[Item ID],A23,TableBOM[Per 1000 Units]),AVERAGEIF(TableBOM[Material Category],B23,TableBOM[Per 1000 Units])),AVERAGEIF(TableBOM[Material Category],B23,TableBOM[Per 1000 Units]))/1000),0)),"-") -> 276441
A24: 3869 | B24: Base Coat | C24: POLYESTER BASE COAT BEIGE 234-999 | D24: kg | E24: 60 | F24: 0 | G24: 0 | H24: =E24+F24-G24 -> 60 | I24: 0 | J24: =IFERROR(IF(H24+I24="","-",ROUND((H24+I24)/(IFERROR(IF(AVERAGEIF(TableBOM[Item ID],A24,TableBOM[Per 1000 Units])>0,AVERAGEIF(TableBOM[Item ID],A24,TableBOM[Per 1000 Units]),AVERAGEIF(TableBOM[Material Category],B24,TableBOM[Per 1000 Units])),AVERAGEIF(TableBOM[Material Category],B24,TableBOM[Per 1000 Units]))/1000),0)),"-") -> 101746
A25: 4156 | B25: Base Coat | C25: BEIGE 5711200007 | D25: kg | E25: 0 | F25: 0 | G25: 0 | H25: =E25+F25-G25 -> 0 | J25: =IFERROR(IF(H25+I25="","-",ROUND((H25+I25)/(IFERROR(IF(AVERAGEIF(TableBOM[Item ID],A25,TableBOM[Per 1000 Units])>0,AVERAGEIF(TableBOM[Item ID],A25,TableBOM[Per 1000 Units]),AVERAGEIF(TableBOM[Material Category],B25,TableBOM[Per 1000 Units])),AVERAGEIF(TableBOM[Material Category],B25,TableBOM[Per 1000 Units]))/1000),0)),"-") -> 0 | K25: Not active in ERP
A26: 4157 | B26: Base Coat | C26: SILVER METALLIC 5725100011 | D26: kg | E26: 240 | F26: 0 | G26: 0 | H26: =E26+F26-G26 -> 240 | I26: 0 | J26: =IFERROR(IF(H26+I26="","-",ROUND((H26+I26)/(IFERROR(IF(AVERAGEIF(TableBOM[Item ID],A26,TableBOM[Per 1000 Units])>0,AVERAGEIF(TableBOM[Item ID],A26,TableBOM[Per 1000 Units]),AVERAGEIF(TableBOM[Material Category],B26,TableBOM[Per 1000 Units])),AVERAGEIF(TableBOM[Material Category],B26,TableBOM[Per 1000 Units]))/1000),0)),"-") -> 406983
A27: 5895 | B27: Base Coat | C27: GOLD METALLIC ALM-550-234 | D27: kg | E27: 50 | F27: 0 | G27: 0 | H27: =E27+F27-G27 -> 50 | I27: 0 | J27: =IFERROR(IF(H27+I27="","-",ROUND((H27+I27)/(IFERROR(IF(AVERAGEIF(TableBOM[Item ID],A27,TableBOM[Per 1000 Units])>0,AVERAGEIF(TableBOM[Item ID],A27,TableBOM[Per 1000 Units]),AVERAGEIF(TableBOM[Material Category],B27,TableBOM[Per 1000 Units])),AVERAGEIF(TableBOM[Material Category],B27,TableBOM[Per 1000 Units]))/1000),0)),"-") -> 84788
A28: 5974 | B28: Base Coat | C28: P11 TBX HT VARNISH (PC 176) | D28: L | E28: 25 | F28: 75 | G28: 25 | H28: =E28+F28-G28 -> 75 | I28: 0 | J28: =IFERROR(IF(H28+I28="","-",ROUND((H28+I28)/(IFERROR(IF(AVERAGEIF(TableBOM[Item ID],A28,TableBOM[Per 1000 Units])>0,AVERAGEIF(TableBOM[Item ID],A28,TableBOM[Per 1000 Units]),AVERAGEIF(TableBOM[Material Category],B28,TableBOM[Per 1000 Units])),AVERAGEIF(TableBOM[Material Category],B28,TableBOM[Per 1000 Units]))/1000),0)),"-") -> 127182
A29: 177 | B29: Base Coat | C29: YELLOW IMP 5711200008 | D29: kg | E29: 450 | F29: 0 | G29: 0 | H29: =E29+F29-G29 -> 450 | J29: =IFERROR(IF(H29+I29="","-",ROUND((H29+I29)/(IFERROR(IF(AVERAGEIF(TableBOM[Item ID],A29,TableBOM[Per 1000 Units])>0,AVERAGEIF(TableBOM[Item ID],A29,TableBOM[Per 1000 Units]),AVERAGEIF(TableBOM[Material Category],B29,TableBOM[Per 1000 Units])),AVERAGEIF(TableBOM[Material Category],B29,TableBOM[Per 1000 Units]))/1000),0)),"-") -> 576923
A30: 6132 | B30: Base Coat | C30: VR SCHEKOLIN 57251 | D30: kg | E30: 60 | F30: 0 | G30: 0 | H30: =E30+F30-G30 -> 60 | J30: =IFERROR(IF(H30+I30="","-",ROUND((H30+I30)/(IFERROR(IF(AVERAGEIF(TableBOM[Item ID],A30,TableBOM[Per 1000 Units])>0,AVERAGEIF(TableBOM[Item ID],A30,TableBOM[Per 1000 Units]),AVERAGEIF(TableBOM[Material Category],B30,TableBOM[Per 1000 Units])),AVERAGEIF(TableBOM[Material Category],B30,TableBOM[Per 1000 Units]))/1000),0)),"-") -> 101746
A31: 186 | B31: Latex | C31: LATEX IMP 574010002 | D31: kg | E31: 450 | F31: 0 | G31: 45 | H31: =E31+F31-G31 -> 405 | J31: =IFERROR(IF(H31+I31="","-",ROUND((H31+I31)/(IFERROR(IF(AVERAGEIF(TableBOM[Item ID],A31,TableBOM[Per 1000 Units])>0,AVERAGEIF(TableBOM[Item ID],A31,TableBOM[Per 1000 Units]),AVERAGEIF(TableBOM[Material Category],B31,TableBOM[Per 1000 Units])),AVERAGEIF(TableBOM[Material Category],B31,TableBOM[Per 1000 Units]))/1000),0)),"-") -> 1101464
A32: 194 | B32: Zinc Powder | C32: ZINC STEARATE | D32: kg | E32: 21.5 | F32: 0 | G32: 6 | H32: =E32+F32-G32 -> 15.5 | J32: =IFERROR(IF(H32+I32="","-",ROUND((H32+I32)/(IFERROR(IF(AVERAGEIF(TableBOM[Item ID],A32,TableBOM[Per 1000 Units])>0,AVERAGEIF(TableBOM[Item ID],A32,TableBOM[Per 1000 Units]),AVERAGEIF(TableBOM[Material Category],B32,TableBOM[Per 1000 Units])),AVERAGEIF(TableBOM[Material Category],B32,TableBOM[Per 1000 Units]))/1000),0)),"-") -> 2288373
A33: 69 | B33: Cap | C33: M-7 S/M F/P (S) WHITE | D33: PCS | E33: 0 | F33: 0 | G33: 0 | H33: =E33+F33-G33 -> 0 | J33: =IFERROR(IF(H33+I33="","-",ROUND((H33+I33)/(IFERROR(IF(AVERAGEIF(TableBOM[Item ID],A33,TableBOM[Per 1000 Units])>0,AVERAGEIF(TableBOM[Item ID],A33,TableBOM[Per 1000 Units]),AVERAGEIF(TableBOM[Material Category],B33,TableBOM[Per 1000 Units])),AVERAGEIF(TableBOM[Material Category],B33,TableBOM[Per 1000 Units]))/1000),0)),"-") -> 0 | K33: Not active in ERP
A34: 99 | B34: Cap | C34: M-7 OPHTHALMIC PINK | D34: pcs | E34: 10000 | F34: 0 | G34: 0 | H34: =E34+F34-G34 -> 10000 | J34: =IFERROR(IF(H34+I34="","-",ROUND((H34+I34)/(IFERROR(IF(AVERAGEIF(TableBOM[Item ID],A34,TableBOM[Per 1000 Units])>0,AVERAGEIF(TableBOM[Item ID],A34,TableBOM[Per 1000 Units]),AVERAGEIF(TableBOM[Material Category],B34,TableBOM[Per 1000 Units])),AVERAGEIF(TableBOM[Material Category],B34,TableBOM[Per 1000 Units]))/1000),0)),"-") -> 10000
A35: 72 | B35: Cap | C35: M-9 S/M SPR BLACK DIA 16MM | D35: pcs | E35: 23741 | F35: 0 | G35: 0 | H35: =E35+F35-G35 -> 23741 | J35: =IFERROR(IF(H35+I35="","-",ROUND((H35+I35)/(IFERROR(IF(AVERAGEIF(TableBOM[Item ID],A35,TableBOM[Per 1000 Units])>0,AVERAGEIF(TableBOM[Item ID],A35,TableBOM[Per 1000 Units]),AVERAGEIF(TableBOM[Material Category],B35,TableBOM[Per 1000 Units])),AVERAGEIF(TableBOM[Material Category],B35,TableBOM[Per 1000 Units]))/1000),0)),"-") -> 23741
A36: 79 | B36: Cap | C36: M-9 S/M SPR WHITE LORINE | D36: pcs | E36: 83600 | F36: 0 | G36: 83600 | H36: =E36+F36-G36 -> 0 | J36: =IFERROR(IF(H36+I36="","-",ROUND((H36+I36)/(IFERROR(IF(AVERAGEIF(TableBOM[Item ID],A36,TableBOM[Per 1000 Units])>0,AVERAGEIF(TableBOM[Item ID],A36,TableBOM[Per 1000 Units]),AVERAGEIF(TableBOM[Material Category],B36,TableBOM[Per 1000 Units])),AVERAGEIF(TableBOM[Material Category],B36,TableBOM[Per 1000 Units]))/1000),0)),"-") -> 0
A37: 80 | B37: Cap | C37: M-9 S/M SPR WHITE DIA 19 | D37: PCS | E37: 100000 | F37: 0 | G37: 100000 | H37: =E37+F37-G37 -> 0 | I37: 0 | J37: =IFERROR(IF(H37+I37="","-",ROUND((H37+I37)/(IFERROR(IF(AVERAGEIF(TableBOM[Item ID],A37,TableBOM[Per 1000 Units])>0,AVERAGEIF(TableBOM[Item ID],A37,TableBOM[Per 1000 Units]),AVERAGEIF(TableBOM[Material Category],B37,TableBOM[Per 1000 Units])),AVERAGEIF(TableBOM[Material Category],B37,TableBOM[Per 1000 Units]))/1000),0)),"-") -> 0
A38: 81 | B38: Cap | C38: M-9 S/M F/P WHITE (S) | D38: PCS | E38: 554300 | F38: 0 | G38: 0 | H38: =E38+F38-G38 -> 554300 | J38: =IFERROR(IF(H38+I38="","-",ROUND((H38+I38)/(IFERROR(IF(AVERAGEIF(TableBOM[Item ID],A38,TableBOM[Per 1000 Units])>0,AVERAGEIF(TableBOM[Item ID],A38,TableBOM[Per 1000 Units]),AVERAGEIF(TableBOM[Material Category],B38,TableBOM[Per 1000 Units])),AVERAGEIF(TableBOM[Material Category],B38,TableBOM[Per 1000 Units]))/1000),0)),"-") -> 554300
A39: 1800 | B39: Cap | C39: M-9 S/M SPR BLACK DIA 19 | D39: PCS | E39: 0 | F39: 0 | G39: 0 | H39: =E39+F39-G39 -> 0 | J39: =IFERROR(IF(H39+I39="","-",ROUND((H39+I39)/(IFERROR(IF(AVERAGEIF(TableBOM[Item ID],A39,TableBOM[Per 1000 Units])>0,AVERAGEIF(TableBOM[Item ID],A39,TableBOM[Per 1000 Units]),AVERAGEIF(TableBOM[Material Category],B39,TableBOM[Per 1000 Units])),AVERAGEIF(TableBOM[Material Category],B39,TableBOM[Per 1000 Units]))/1000),0)),"-") -> 0 | K39: Not active in ERP
A40: 3211 | B40: Cap | C40: M-9 S/M SPR WHITE DIA 22 AUTO | D40: PCS | E40: 4000 | F40: 0 | G40: 0 | H40: =E40+F40-G40 -> 4000 | J40: =IFERROR(IF(H40+I40="","-",ROUND((H40+I40)/(IFERROR(IF(AVERAGEIF(TableBOM[Item ID],A40,TableBOM[Per 1000 Units])>0,AVERAGEIF(TableBOM[Item ID],A40,TableBOM[Per 1000 Units]),AVERAGEIF(TableBOM[Material Category],B40,TableBOM[Per 1000 Units])),AVERAGEIF(TableBOM[Material Category],B40,TableBOM[Per 1000 Units]))/1000),0)),"-") -> 4000
A41: 4015 | B41: Cap | C41: M-9 S/M F/P ORANGE (NORMAL) | D41: PCS | E41: 475000 | F41: 0 | G41: 0 | H41: =E41+F41-G41 -> 475000 | J41: =IFERROR(IF(H41+I41="","-",ROUND((H41+I41)/(IFERROR(IF(AVERAGEIF(TableBOM[Item ID],A41,TableBOM[Per 1000 Units])>0,AVERAGEIF(TableBOM[Item ID],A41,TableBOM[Per 1000 Units]),AVERAGEIF(TableBOM[Material Category],B41,TableBOM[Per 1000 Units])),AVERAGEIF(TableBOM[Material Category],B41,TableBOM[Per 1000 Units]))/1000),0)),"-") -> 475000
A42: 4044 | B42: Cap | C42: M-9 S/M SPR BEIGE DIA 20.5 | D42: PCS | E42: 0 | F42: 0 | G42: 0 | H42: =E42+F42-G42 -> 0 | J42: =IFERROR(IF(H42+I42="","-",ROUND((H42+I42)/(IFERROR(IF(AVERAGEIF(TableBOM[Item ID],A42,TableBOM[Per 1000 Units])>0,AVERAGEIF(TableBOM[Item ID],A42,TableBOM[Per 1000 Units]),AVERAGEIF(TableBOM[Material Category],B42,TableBOM[Per 1000 Units])),AVERAGEIF(TableBOM[Material Category],B42,TableBOM[Per 1000 Units]))/1000),0)),"-") -> 0 | K42: Not active in ERP
A43: 4088 | B43: Cap | C43: M-9 S/M SPR WHITE DIA 16MM | D43: PCS | E43: 60000 | F43: 0 | G43: 60000 | H43: =E43+F43-G43 -> 0 | J43: =IFERROR(IF(H43+I43="","-",ROUND((H43+I43)/(IFERROR(IF(AVERAGEIF(TableBOM[Item ID],A43,TableBOM[Per 1000 Units])>0,AVERAGEIF(TableBOM[Item ID],A43,TableBOM[Per 1000 Units]),AVERAGEIF(TableBOM[Material Category],B43,TableBOM[Per 1000 Units])),AVERAGEIF(TableBOM[Material Category],B43,TableBOM[Per 1000 Units]))/1000),0)),"-") -> 0
A44: 4143 | B44: Cap | C44: M-9 S/M F/P Normal White | D44: PCS | E44: 65000 | F44: 0 | G44: 0 | H44: =E44+F44-G44 -> 65000 | I44: 0 | J44: =IFERROR(IF(H44+I44="","-",ROUND((H44+I44)/(IFERROR(IF(AVERAGEIF(TableBOM[Item ID],A44,TableBOM[Per 1000 Units])>0,AVERAGEIF(TableBOM[Item ID],A44,TableBOM[Per 1000 Units]),AVERAGEIF(TableBOM[Material Category],B44,TableBOM[Per 1000 Units])),AVERAGEIF(TableBOM[Material Category],B44,TableBOM[Per 1000 Units]))/1000),0)),"-") -> 65000
A45: 6971 | B45: Cap | C45: M-9 S/M SPR WHITE DIA 20.5MM | D45: PCS | E45: 0 | F45: 0 | G45: 0 | H45: =E45+F45-G45 -> 0 | J45: =IFERROR(IF(H45+I45="","-",ROUND((H45+I45)/(IFERROR(IF(AVERAGEIF(TableBOM[Item ID],A45,TableBOM[Per 1000 Units])>0,AVERAGEIF(TableBOM[Item ID],A45,TableBOM[Per 1000 Units]),AVERAGEIF(TableBOM[Material Category],B45,TableBOM[Per 1000 Units])),AVERAGEIF(TableBOM[Material Category],B45,TableBOM[Per 1000 Units]))/1000),0)),"-") -> 0 | K45: Not active in ERP
A46: 7370 | B46: Cap | C46: M-9 S/M SPR BLACK DIA 20.5MM | D46: PCS | E46: 47000 | F46: 0 | G46: 0 | H46: =E46+F46-G46 -> 47000 | I46: 0 | J46: =IFERROR(IF(H46+I46="","-",ROUND((H46+I46)/(IFERROR(IF(AVERAGEIF(TableBOM[Item ID],A46,TableBOM[Per 1000 Units])>0,AVERAGEIF(TableBOM[Item ID],A46,TableBOM[Per 1000 Units]),AVERAGEIF(TableBOM[Material Category],B46,TableBOM[Per 1000 Units])),AVERAGEIF(TableBOM[Material Category],B46,TableBOM[Per 1000 Units]))/1000),0)),"-") -> 47000
A47: 68 | B47: Cap | C47: M-11 S/M SPR WHITE DIA 25MM | D47: PCS | E47: 140000 | F47: 200000 | G47: 180000 | H47: =E47+F47-G47 -> 160000 | J47: =IFERROR(IF(H47+I47="","-",ROUND((H47+I47)/(IFERROR(IF(AVERAGEIF(TableBOM[Item ID],A47,TableBOM[Per 1000 Units])>0,AVERAGEIF(TableBOM[Item ID],A47,TableBOM[Per 1000 Units]),AVERAGEIF(TableBOM[Material Category],B47,TableBOM[Per 1000 Units])),AVERAGEIF(TableBOM[Material Category],B47,TableBOM[Per 1000 Units]))/1000),0)),"-") -> 160000
A48: 102 | B48: Cap | C48: M-11 S/M SPR ORANGE DIA 25 | D48: pcs | E48: 30000 | F48: 0 | G48: 30000 | H48: =E48+F48-G48 -> 0 | J48: =IFERROR(IF(H48+I48="","-",ROUND((H48+I48)/(IFERROR(IF(AVERAGEIF(TableBOM[Item ID],A48,TableBOM[Per 1000 Units])>0,AVERAGEIF(TableBOM[Item ID],A48,TableBOM[Per 1000 Units]),AVERAGEIF(TableBOM[Material Category],B48,TableBOM[Per 1000 Units])),AVERAGEIF(TableBOM[Material Category],B48,TableBOM[Per 1000 Units]))/1000),0)),"-") -> 0
A49: 1073 | B49: Cap | C49: M-11 S/M F/P BLACK | D49: PCS | E49: 195000 | F49: 0 | G49: 35000 | H49: =E49+F49-G49 -> 160000 | J49: =IFERROR(IF(H49+I49="","-",ROUND((H49+I49)/(IFERROR(IF(AVERAGEIF(TableBOM[Item ID],A49,TableBOM[Per 1000 Units])>0,AVERAGEIF(TableBOM[Item ID],A49,TableBOM[Per 1000 Units]),AVERAGEIF(TableBOM[Material Category],B49,TableBOM[Per 1000 Units])),AVERAGEIF(TableBOM[Material Category],B49,TableBOM[Per 1000 Units]))/1000),0)),"-") -> 160000
A50: 1285 | B50: Cap | C50: M-11 S/M F/P WHITE (LARGE) | D50: PCS | E50: 208000 | F50: 0 | G50: 0 | H50: =E50+F50-G50 -> 208000 | J50: =IFERROR(IF(H50+I50="","-",ROUND((H50+I50)/(IFERROR(IF(AVERAGEIF(TableBOM[Item ID],A50,TableBOM[Per 1000 Units])>0,AVERAGEIF(TableBOM[Item ID],A50,TableBOM[Per 1000 Units]),AVERAGEIF(TableBOM[Material Category],B50,TableBOM[Per 1000 Units])),AVERAGEIF(TableBOM[Material Category],B50,TableBOM[Per 1000 Units]))/1000),0)),"-") -> 208000
A51: 3522 | B51: Cap | C51: M-11 S/M SPR DARK BLUE DIA 25MM | D51: PCS | E51: 75000 | F51: 0 | G51: 0 | H51: =E51+F51-G51 -> 75000 | I51: 0 | J51: =IFERROR(IF(H51+I51="","-",ROUND((H51+I51)/(IFERROR(IF(AVERAGEIF(TableBOM[Item ID],A51,TableBOM[Per 1000 Units])>0,AVERAGEIF(TableBOM[Item ID],A51,TableBOM[Per 1000 Units]),AVERAGEIF(TableBOM[Material Category],B51,TableBOM[Per 1000 Units])),AVERAGEIF(TableBOM[Material Category],B51,TableBOM[Per 1000 Units]))/1000),0)),"-") -> 75000
A52: 3866 | B52: Cap | C52: M-11 S/M SPR BEIGE DIA 25 | D52: PCS | E52: 0 | F52: 0 | G52: 0 | H52: =E52+F52-G52 -> 0 | J52: =IFERROR(IF(H52+I52="","-",ROUND((H52+I52)/(IFERROR(IF(AVERAGEIF(TableBOM[Item ID],A52,TableBOM[Per 1000 Units])>0,AVERAGEIF(TableBOM[Item ID],A52,TableBOM[Per 1000 Units]),AVERAGEIF(TableBOM[Material Category],B52,TableBOM[Per 1000 Units])),AVERAGEIF(TableBOM[Material Category],B52,TableBOM[Per 1000 Units]))/1000),0)),"-") -> 0 | K52: Not active in ERP
A53: 578 | B53: Cap | C53: M-12 S/M SPR WHITE DIA 30 | D53: PCS | E53: 51246 | F53: 10000 | G53: 60440 | H53: =E53+F53-G53 -> 806 | J53: =IFERROR(IF(H53+I53="","-",ROUND((H53+I53)/(IFERROR(IF(AVERAGEIF(TableBOM[Item ID],A53,TableBOM[Per 1000 Units])>0,AVERAGEIF(TableBOM[Item ID],A53,TableBOM[Per 1000 Units]),AVERAGEIF(TableBOM[Material Category],B53,TableBOM[Per 1000 Units])),AVERAGEIF(TableBOM[Material Category],B53,TableBOM[Per 1000 Units]))/1000),0)),"-") -> 806
A54: 36 | B54: Carton | C54: 16X200 3Ply | D54: PCS | E54: 0 | F54: 0 | G54: 0 | H54: =E54+F54-G54 -> 0 | J54: =IFERROR(IF(H54+I54="","-",ROUND((H54+I54)/(IFERROR(IF(AVERAGEIF(TableBOM[Item ID],A54,TableBOM[Per 1000 Units])>0,AVERAGEIF(TableBOM[Item ID],A54,TableBOM[Per 1000 Units]),AVERAGEIF(TableBOM[Material Category],B54,TableBOM[Per 1000 Units])),AVERAGEIF(TableBOM[Material Category],B54,TableBOM[Per 1000 Units]))/1000),0)),"-") -> 0 | K54: Not active in ERP
A55: 200 | B55: Carton | C55: DIA 16 5Ply | D55: PCS | E55: 0 | F55: 0 | G55: 0 | H55: =E55+F55-G55 -> 0 | J55: =IFERROR(IF(H55+I55="","-",ROUND((H55+I55)/(IFERROR(IF(AVERAGEIF(TableBOM[Item ID],A55,TableBOM[Per 1000 Units])>0,AVERAGEIF(TableBOM[Item ID],A55,TableBOM[Per 1000 Units]),AVERAGEIF(TableBOM[Material Category],B55,TableBOM[Per 1000 Units])),AVERAGEIF(TableBOM[Material Category],B55,TableBOM[Per 1000 Units]))/1000),0)),"-") -> 0 | K55: Not active in ERP
A56: 39 | B56: Carton | C56: 19X200 3Ply | D56: PCS | E56: 0 | F56: 0 | G56: 0 | H56: =E56+F56-G56 -> 0 | J56: =IFERROR(IF(H56+I56="","-",ROUND((H56+I56)/(IFERROR(IF(AVERAGEIF(TableBOM[Item ID],A56,TableBOM[Per 1000 Units])>0,AVERAGEIF(TableBOM[Item ID],A56,TableBOM[Per 1000 Units]),AVERAGEIF(TableBOM[Material Category],B56,TableBOM[Per 1000 Units])),AVERAGEIF(TableBOM[Material Category],B56,TableBOM[Per 1000 Units]))/1000),0)),"-") -> 0 | K56: Not active in ERP
A57: 3619 | B57: Carton | C57: 20.5x510 5ply | D57: PCS | E57: 280 | F57: 0 | G57: 0 | H57: =E57+F57-G57 -> 280 | J57: =IFERROR(IF(H57+I57="","-",ROUND((H57+I57)/(IFERROR(IF(AVERAGEIF(TableBOM[Item ID],A57,TableBOM[Per 1000 Units])>0,AVERAGEIF(TableBOM[Item ID],A57,TableBOM[Per 1000 Units]),AVERAGEIF(TableBOM[Material Category],B57,TableBOM[Per 1000 Units])),AVERAGEIF(TableBOM[Material Category],B57,TableBOM[Per 1000 Units]))/1000),0)),"-") -> 140955
A58: 3598 | B58: Carton | C58: 25x336 5Ply | D58: PCS | E58: 540 | F58: 926 | G58: 1299 | H58: =E58+F58-G58 -> 167 | J58: =IFERROR(IF(H58+I58="","-",ROUND((H58+I58)/(IFERROR(IF(AVERAGEIF(TableBOM[Item ID],A58,TableBOM[Per 1000 Units])>0,AVERAGEIF(TableBOM[Item ID],A58,TableBOM[Per 1000 Units]),AVERAGEIF(TableBOM[Material Category],B58,TableBOM[Per 1000 Units])),AVERAGEIF(TableBOM[Material Category],B58,TableBOM[Per 1000 Units]))/1000),0)),"-") -> 49804
A59: 45 | B59: Carton | C59: 30X150 3Ply | D59: PCS | E59: 0 | F59: 0 | G59: 0 | H59: =E59+F59-G59 -> 0 | J59: =IFERROR(IF(H59+I59="","-",ROUND((H59+I59)/(IFERROR(IF(AVERAGEIF(TableBOM[Item ID],A59,TableBOM[Per 1000 Units])>0,AVERAGEIF(TableBOM[Item ID],A59,TableBOM[Per 1000 Units]),AVERAGEIF(TableBOM[Material Category],B59,TableBOM[Per 1000 Units])),AVERAGEIF(TableBOM[Material Category],B59,TableBOM[Per 1000 Units]))/1000),0)),"-") -> 0 | K59: Not active in ERP
A60: 3988 | B60: Carton | C60: 35x165 5ply | D60: PCS | E60: 1412 | F60: 0 | G60: 0 | H60: =E60+F60-G60 -> 1412 | J60: =IFERROR(IF(H60+I60="","-",ROUND((H60+I60)/(IFERROR(IF(AVERAGEIF(TableBOM[Item ID],A60,TableBOM[Per 1000 Units])>0,AVERAGEIF(TableBOM[Item ID],A60,TableBOM[Per 1000 Units]),AVERAGEIF(TableBOM[Material Category],B60,TableBOM[Per 1000 Units])),AVERAGEIF(TableBOM[Material Category],B60,TableBOM[Per 1000 Units]))/1000),0)),"-") -> 243679
A61: 5977 | B61: Carton | C61: MASTER CARTON 38"X24"X15.5" | D61: PCS | E61: 348 | F61: 0 | G61: 127 | H61: =E61+F61-G61 -> 221 | J61: =IFERROR(IF(H61+I61="","-",ROUND((H61+I61)/(IFERROR(IF(AVERAGEIF(TableBOM[Item ID],A61,TableBOM[Per 1000 Units])>0,AVERAGEIF(TableBOM[Item ID],A61,TableBOM[Per 1000 Units]),AVERAGEIF(TableBOM[Material Category],B61,TableBOM[Per 1000 Units])),AVERAGEIF(TableBOM[Material Category],B61,TableBOM[Per 1000 Units]))/1000),0)),"-") -> 170000
A62: 3621 | B62: Carton | C62: MASTER CARTON 34.7 X 59.5 X 34.5 | D62: PCS | E62: 0 | F62: 0 | G62: 0 | H62: =E62+F62-G62 -> 0 | J62: =IFERROR(IF(H62+I62="","-",ROUND((H62+I62)/(IFERROR(IF(AVERAGEIF(TableBOM[Item ID],A62,TableBOM[Per 1000 Units])>0,AVERAGEIF(TableBOM[Item ID],A62,TableBOM[Per 1000 Units]),AVERAGEIF(TableBOM[Material Category],B62,TableBOM[Per 1000 Units])),AVERAGEIF(TableBOM[Material Category],B62,TableBOM[Per 1000 Units]))/1000),0)),"-") -> 0 | K62: Not active in ERP
A63: 3635 | B63: Tape | C63: PACKING TAPE 2" OF 60 YARDS | D63: PCS | E63: 282 | F63: 0 | G63: 66 | H63: =E63+F63-G63 -> 216 | J63: =IFERROR(IF(H63+I63="","-",ROUND((H63+I63)/(IFERROR(IF(AVERAGEIF(TableBOM[Item ID],A63,TableBOM[Per 1000 Units])>0,AVERAGEIF(TableBOM[Item ID],A63,TableBOM[Per 1000 Units]),AVERAGEIF(TableBOM[Material Category],B63,TableBOM[Per 1000 Units])),AVERAGEIF(TableBOM[Material Category],B63,TableBOM[Per 1000 Units]))/1000),0)),"-") -> 645123
A64: 190 | B64: Thinner | C64: THINNER FOR LACQUER SOL R/C | D64: L | E64: 75 | F64: 100 | G64: 110 | H64: =E64+F64-G64 -> 65 | J64: =IFERROR(IF(H64+I64="","-",ROUND((H64+I64)/(IFERROR(IF(AVERAGEIF(TableBOM[Item ID],A64,TableBOM[Per 1000 Units])>0,AVERAGEIF(TableBOM[Item ID],A64,TableBOM[Per 1000 Units]),AVERAGEIF(TableBOM[Material Category],B64,TableBOM[Per 1000 Units])),AVERAGEIF(TableBOM[Material Category],B64,TableBOM[Per 1000 Units]))/1000),0)),"-") -> 1083333
A65: 191 | B65: Thinner | C65: THINNER LACQUAR SOL EPOXY | D65: L | E65: 25 | F65: 100 | G65: 75 | H65: =E65+F65-G65 -> 50 | I65: 0 | J65: =IFERROR(IF(H65+I65="","-",ROUND((H65+I65)/(IFERROR(IF(AVERAGEIF(TableBOM[Item ID],A65,TableBOM[Per 1000 Units])>0,AVERAGEIF(TableBOM[Item ID],A65,TableBOM[Per 1000 Units]),AVERAGEIF(TableBOM[Material Category],B65,TableBOM[Per 1000 Units])),AVERAGEIF(TableBOM[Material Category],B65,TableBOM[Per 1000 Units]))/1000),0)),"-") -> 833333
A66: 104 | B66: Ink | C66: VIOLET 501 IMP | D66: kg | E66: 2 | F66: 0 | G66: 0 | H66: =E66+F66-G66 -> 2 | J66: =IFERROR(IF(H66+I66="","-",ROUND((H66+I66)/(IFERROR(IF(AVERAGEIF(TableBOM[Item ID],A66,TableBOM[Per 1000 Units])>0,AVERAGEIF(TableBOM[Item ID],A66,TableBOM[Per 1000 Units]),AVERAGEIF(TableBOM[Material Category],B66,TableBOM[Per 1000 Units])),AVERAGEIF(TableBOM[Material Category],B66,TableBOM[Per 1000 Units]))/1000),0)),"-") -> 22422
A67: 105 | B67: Ink | C67: VIOLET 502 IMP | D67: kg | E67: 1 | F67: 0 | G67: 0 | H67: =E67+F67-G67 -> 1 | J67: =IFERROR(IF(H67+I67="","-",ROUND((H67+I67)/(IFERROR(IF(AVERAGEIF(TableBOM[Item ID],A67,TableBOM[Per 1000 Units])>0,AVERAGEIF(TableBOM[Item ID],A67,TableBOM[Per 1000 Units]),AVERAGEIF(TableBOM[Material Category],B67,TableBOM[Per 1000 Units])),AVERAGEIF(TableBOM[Material Category],B67,TableBOM[Per 1000 Units]))/1000),0)),"-") -> 11211
A68: 110 | B68: Ink | C68: GREEN 165000 | D68: kg | E68: 2 | F68: 0 | G68: 0 | H68: =E68+F68-G68 -> 2 | J68: =IFERROR(IF(H68+I68="","-",ROUND((H68+I68)/(IFERROR(IF(AVERAGEIF(TableBOM[Item ID],A68,TableBOM[Per 1000 Units])>0,AVERAGEIF(TableBOM[Item ID],A68,TableBOM[Per 1000 Units]),AVERAGEIF(TableBOM[Material Category],B68,TableBOM[Per 1000 Units])),AVERAGEIF(TableBOM[Material Category],B68,TableBOM[Per 1000 Units]))/1000),0)),"-") -> 22422
A69: 124 | B69: Ink | C69: BROWN 157662 | D69: kg | E69: 0 | F69: 0 | G69: 0 | H69: =E69+F69-G69 -> 0 | J69: =IFERROR(IF(H69+I69="","-",ROUND((H69+I69)/(IFERROR(IF(AVERAGEIF(TableBOM[Item ID],A69,TableBOM[Per 1000 Units])>0,AVERAGEIF(TableBOM[Item ID],A69,TableBOM[Per 1000 Units]),AVERAGEIF(TableBOM[Material Category],B69,TableBOM[Per 1000 Units])),AVERAGEIF(TableBOM[Material Category],B69,TableBOM[Per 1000 Units]))/1000),0)),"-") -> 0 | K69: Not active in ERP
A70: 127 | B70: Ink | C70: BLUE 126039 | D70: kg | E70: 2 | F70: 0 | G70: 0 | H70: =E70+F70-G70 -> 2 | J70: =IFERROR(IF(H70+I70="","-",ROUND((H70+I70)/(IFERROR(IF(AVERAGEIF(TableBOM[Item ID],A70,TableBOM[Per 1000 Units])>0,AVERAGEIF(TableBOM[Item ID],A70,TableBOM[Per 1000 Units]),AVERAGEIF(TableBOM[Material Category],B70,TableBOM[Per 1000 Units])),AVERAGEIF(TableBOM[Material Category],B70,TableBOM[Per 1000 Units]))/1000),0)),"-") -> 22422
A71: 129 | B71: Ink | C71: MEGENTA RED 152166 | D71: kg | E71: 2 | F71: 0 | G71: 0 | H71: =E71+F71-G71 -> 2 | J71: =IFERROR(IF(H71+I71="","-",ROUND((H71+I71)/(IFERROR(IF(AVERAGEIF(TableBOM[Item ID],A71,TableBOM[Per 1000 Units])>0,AVERAGEIF(TableBOM[Item ID],A71,TableBOM[Per 1000 Units]),AVERAGEIF(TableBOM[Material Category],B71,TableBOM[Per 1000 Units])),AVERAGEIF(TableBOM[Material Category],B71,TableBOM[Per 1000 Units]))/1000),0)),"-") -> 22422
A72: 130 | B72: Ink | C72: BLUE 165743 | D72: kg | E72: 1 | F72: 0 | G72: 0 | H72: =E72+F72-G72 -> 1 | J72: =IFERROR(IF(H72+I72="","-",ROUND((H72+I72)/(IFERROR(IF(AVERAGEIF(TableBOM[Item ID],A72,TableBOM[Per 1000 Units])>0,AVERAGEIF(TableBOM[Item ID],A72,TableBOM[Per 1000 Units]),AVERAGEIF(TableBOM[Material Category],B72,TableBOM[Per 1000 Units])),AVERAGEIF(TableBOM[Material Category],B72,TableBOM[Per 1000 Units]))/1000),0)),"-") -> 11211
A73: 1928 | B73: Ink | C73: BLACK (LOCAL) 77660 | D73: kg | E73: 0 | F73: 3 | G73: 1 | H73: =E73+F73-G73 -> 2 | J73: =IFERROR(IF(H73+I73="","-",ROUND((H73+I73)/(IFERROR(IF(AVERAGEIF(TableBOM[Item ID],A73,TableBOM[Per 1000 Units])>0,AVERAGEIF(TableBOM[Item ID],A73,TableBOM[Per 1000 Units]),AVERAGEIF(TableBOM[Material Category],B73,TableBOM[Per 1000 Units])),AVERAGEIF(TableBOM[Material Category],B73,TableBOM[Per 1000 Units]))/1000),0)),"-") -> 22422
A74: 2284 | B74: Ink | C74: YELLOW (PASTAL-C) | D74: kg | E74: 0 | F74: 0 | G74: 0 | H74: =E74+F74-G74 -> 0 | J74: =IFERROR(IF(H74+I74="","-",ROUND((H74+I74)/(IFERROR(IF(AVERAGEIF(TableBOM[Item ID],A74,TableBOM[Per 1000 Units])>0,AVERAGEIF(TableBOM[Item ID],A74,TableBOM[Per 1000 Units]),AVERAGEIF(TableBOM[Material Category],B74,TableBOM[Per 1000 Units])),AVERAGEIF(TableBOM[Material Category],B74,TableBOM[Per 1000 Units]))/1000),0)),"-") -> 0 | K74: Not active in ERP
A75: 3642 | B75: Ink | C75: INK JET BLACK 77842 | D75: kg | E75: 0 | F75: 0 | G75: 0 | H75: =E75+F75-G75 -> 0 | J75: =IFERROR(IF(H75+I75="","-",ROUND((H75+I75)/(IFERROR(IF(AVERAGEIF(TableBOM[Item ID],A75,TableBOM[Per 1000 Units])>0,AVERAGEIF(TableBOM[Item ID],A75,TableBOM[Per 1000 Units]),AVERAGEIF(TableBOM[Material Category],B75,TableBOM[Per 1000 Units])),AVERAGEIF(TableBOM[Material Category],B75,TableBOM[Per 1000 Units]))/1000),0)),"-") -> 0 | K75: Not active in ERP
A76: 3734 | B76: Ink | C76: MAGENTA (LOCAL) 32500 | D76: kg | E76: 1 | F76: 0 | G76: 1 | H76: =E76+F76-G76 -> 0 | J76: =IFERROR(IF(H76+I76="","-",ROUND((H76+I76)/(IFERROR(IF(AVERAGEIF(TableBOM[Item ID],A76,TableBOM[Per 1000 Units])>0,AVERAGEIF(TableBOM[Item ID],A76,TableBOM[Per 1000 Units]),AVERAGEIF(TableBOM[Material Category],B76,TableBOM[Per 1000 Units])),AVERAGEIF(TableBOM[Material Category],B76,TableBOM[Per 1000 Units]))/1000),0)),"-") -> 0
A77: 3736 | B77: Ink | C77: WHITE (LOCAL) 07094 | D77: kg | E77: 2.4 | F77: 0 | G77: 0 | H77: =E77+F77-G77 -> 2.4 | J77: =IFERROR(IF(H77+I77="","-",ROUND((H77+I77)/(IFERROR(IF(AVERAGEIF(TableBOM[Item ID],A77,TableBOM[Per 1000 Units])>0,AVERAGEIF(TableBOM[Item ID],A77,TableBOM[Per 1000 Units]),AVERAGEIF(TableBOM[Material Category],B77,TableBOM[Per 1000 Units])),AVERAGEIF(TableBOM[Material Category],B77,TableBOM[Per 1000 Units]))/1000),0)),"-") -> 26906
A78: 3754 | B78: Ink | C78: RED BRONZE (LOCAL) 32519 | D78: kg | E78: 3 | F78: 1 | G78: 0 | H78: =E78+F78-G78 -> 4 | J78: =IFERROR(IF(H78+I78="","-",ROUND((H78+I78)/(IFERROR(IF(AVERAGEIF(TableBOM[Item ID],A78,TableBOM[Per 1000 Units])>0,AVERAGEIF(TableBOM[Item ID],A78,TableBOM[Per 1000 Units]),AVERAGEIF(TableBOM[Material Category],B78,TableBOM[Per 1000 Units])),AVERAGEIF(TableBOM[Material Category],B78,TableBOM[Per 1000 Units]))/1000),0)),"-") -> 160000
A79: 3755 | B79: Ink | C79: INK BLUE ES 164 | D79: kg | E79: 0 | F79: 0 | G79: 0 | H79: =E79+F79-G79 -> 0 | J79: =IFERROR(IF(H79+I79="","-",ROUND((H79+I79)/(IFERROR(IF(AVERAGEIF(TableBOM[Item ID],A79,TableBOM[Per 1000 Units])>0,AVERAGEIF(TableBOM[Item ID],A79,TableBOM[Per 1000 Units]),AVERAGEIF(TableBOM[Material Category],B79,TableBOM[Per 1000 Units])),AVERAGEIF(TableBOM[Material Category],B79,TableBOM[Per 1000 Units]))/1000),0)),"-") -> 0 | K79: Not active in ERP
A80: 3800 | B80: Ink | C80: VIOLET 400484 | D80: kg | E80: 1 | F80: 0 | G80: 0 | H80: =E80+F80-G80 -> 1 | J80: =IFERROR(IF(H80+I80="","-",ROUND((H80+I80)/(IFERROR(IF(AVERAGEIF(TableBOM[Item ID],A80,TableBOM[Per 1000 Units])>0,AVERAGEIF(TableBOM[Item ID],A80,TableBOM[Per 1000 Units]),AVERAGEIF(TableBOM[Material Category],B80,TableBOM[Per 1000 Units])),AVERAGEIF(TableBOM[Material Category],B80,TableBOM[Per 1000 Units]))/1000),0)),"-") -> 11211
A81: 3857 | B81: Ink | C81: ORANGE (LOCAL) | D81: kg | E81: 0 | F81: 2 | G81: 1 | H81: =E81+F81-G81 -> 1 | J81: =IFERROR(IF(H81+I81="","-",ROUND((H81+I81)/(IFERROR(IF(AVERAGEIF(TableBOM[Item ID],A81,TableBOM[Per 1000 Units])>0,AVERAGEIF(TableBOM[Item ID],A81,TableBOM[Per 1000 Units]),AVERAGEIF(TableBOM[Material Category],B81,TableBOM[Per 1000 Units])),AVERAGEIF(TableBOM[Material Category],B81,TableBOM[Per 1000 Units]))/1000),0)),"-") -> 3030
A82: 3858 | B82: Ink | C82: GOLD (LOCAL) 97035 | D82: kg | E82: 0 | F82: 4 | G82: 3 | H82: =E82+F82-G82 -> 1 | J82: =IFERROR(IF(H82+I82="","-",ROUND((H82+I82)/(IFERROR(IF(AVERAGEIF(TableBOM[Item ID],A82,TableBOM[Per 1000 Units])>0,AVERAGEIF(TableBOM[Item ID],A82,TableBOM[Per 1000 Units]),AVERAGEIF(TableBOM[Material Category],B82,TableBOM[Per 1000 Units])),AVERAGEIF(TableBOM[Material Category],B82,TableBOM[Per 1000 Units]))/1000),0)),"-") -> 11211
A83: 3955 | B83: Ink | C83: GERANIUM (EVER SHINE) ES-130 | D83: kg | E83: 1 | F83: 1 | G83: 0 | H83: =E83+F83-G83 -> 2 | J83: =IFERROR(IF(H83+I83="","-",ROUND((H83+I83)/(IFERROR(IF(AVERAGEIF(TableBOM[Item ID],A83,TableBOM[Per 1000 Units])>0,AVERAGEIF(TableBOM[Item ID],A83,TableBOM[Per 1000 Units]),AVERAGEIF(TableBOM[Material Category],B83,TableBOM[Per 1000 Units])),AVERAGEIF(TableBOM[Material Category],B83,TableBOM[Per 1000 Units]))/1000),0)),"-") -> 80000
A84: 3968 | B84: Ink | C84: BLUE BRONZE (LOCAL) 51168 | D84: kg | E84: 3 | F84: 0 | G84: 0 | H84: =E84+F84-G84 -> 3 | J84: =IFERROR(IF(H84+I84="","-",ROUND((H84+I84)/(IFERROR(IF(AVERAGEIF(TableBOM[Item ID],A84,TableBOM[Per 1000 Units])>0,AVERAGEIF(TableBOM[Item ID],A84,TableBOM[Per 1000 Units]),AVERAGEIF(TableBOM[Material Category],B84,TableBOM[Per 1000 Units])),AVERAGEIF(TableBOM[Material Category],B84,TableBOM[Per 1000 Units]))/1000),0)),"-") -> 33632
A85: 4216 | B85: Ink | C85: PINK FLUORESCENT | D85: kg | E85: 1 | F85: 0 | G85: 0 | H85: =E85+F85-G85 -> 1 | J85: =IFERROR(IF(H85+I85="","-",ROUND((H85+I85)/(IFERROR(IF(AVERAGEIF(TableBOM[Item ID],A85,TableBOM[Per 1000 Units])>0,AVERAGEIF(TableBOM[Item ID],A85,TableBOM[Per 1000 Units]),AVERAGEIF(TableBOM[Material Category],B85,TableBOM[Per 1000 Units])),AVERAGEIF(TableBOM[Material Category],B85,TableBOM[Per 1000 Units]))/1000),0)),"-") -> 11211
A86: 4306 | B86: Ink | C86: VIOLET TUB 400011 | D86: kg | E86: 3 | F86: 0 | G86: 0 | H86: =E86+F86-G86 -> 3 | J86: =IFERROR(IF(H86+I86="","-",ROUND((H86+I86)/(IFERROR(IF(AVERAGEIF(TableBOM[Item ID],A86,TableBOM[Per 1000 Units])>0,AVERAGEIF(TableBOM[Item ID],A86,TableBOM[Per 1000 Units]),AVERAGEIF(TableBOM[Material Category],B86,TableBOM[Per 1000 Units])),AVERAGEIF(TableBOM[Material Category],B86,TableBOM[Per 1000 Units]))/1000),0)),"-") -> 33632
A87: 5107 | B87: Ink | C87: YELLOW LEMON 18600 | D87: kg | E87: 3 | F87: 0 | G87: 2 | H87: =E87+F87-G87 -> 1 | J87: =IFERROR(IF(H87+I87="","-",ROUND((H87+I87)/(IFERROR(IF(AVERAGEIF(TableBOM[Item ID],A87,TableBOM[Per 1000 Units])>0,AVERAGEIF(TableBOM[Item ID],A87,TableBOM[Per 1000 Units]),AVERAGEIF(TableBOM[Material Category],B87,TableBOM[Per 1000 Units])),AVERAGEIF(TableBOM[Material Category],B87,TableBOM[Per 1000 Units]))/1000),0)),"-") -> 11211
A88: 6038 | B88: Ink | C88: INK BLUE PC | D88: kg | E88: 0 | F88: 1 | G88: 0 | H88: =E88+F88-G88 -> 1 | J88: =IFERROR(IF(H88+I88="","-",ROUND((H88+I88)/(IFERROR(IF(AVERAGEIF(TableBOM[Item ID],A88,TableBOM[Per 1000 Units])>0,AVERAGEIF(TableBOM[Item ID],A88,TableBOM[Per 1000 Units]),AVERAGEIF(TableBOM[Material Category],B88,TableBOM[Per 1000 Units])),AVERAGEIF(TableBOM[Material Category],B88,TableBOM[Per 1000 Units]))/1000),0)),"-") -> 11211
A89: 6040 | B89: Ink | C89: INK CYAN PROCESS 51650 | D89: kg | E89: 1 | F89: 0 | G89: 1 | H89: =E89+F89-G89 -> 0 | J89: =IFERROR(IF(H89+I89="","-",ROUND((H89+I89)/(IFERROR(IF(AVERAGEIF(TableBOM[Item ID],A89,TableBOM[Per 1000 Units])>0,AVERAGEIF(TableBOM[Item ID],A89,TableBOM[Per 1000 Units]),AVERAGEIF(TableBOM[Material Category],B89,TableBOM[Per 1000 Units])),AVERAGEIF(TableBOM[Material Category],B89,TableBOM[Per 1000 Units]))/1000),0)),"-") -> 0
A90: 6935 | B90: Ink | C90: GOLD V0221267-RF-401363 | D90: kg | E90: 0 | F90: 0 | G90: 0 | H90: =E90+F90-G90 -> 0 | J90: =IFERROR(IF(H90+I90="","-",ROUND((H90+I90)/(IFERROR(IF(AVERAGEIF(TableBOM[Item ID],A90,TableBOM[Per 1000 Units])>0,AVERAGEIF(TableBOM[Item ID],A90,TableBOM[Per 1000 Units]),AVERAGEIF(TableBOM[Material Category],B90,TableBOM[Per 1000 Units])),AVERAGEIF(TableBOM[Material Category],B90,TableBOM[Per 1000 Units]))/1000),0)),"-") -> 0 | K90: Not active in ERP
A91: 7094 | B91: Ink | C91: INK GOLD V0221267AT-401363 IMP | D91: kg | E91: 0 | F91: 0 | G91: 0 | H91: =E91+F91-G91 -> 0 | J91: =IFERROR(IF(H91+I91="","-",ROUND((H91+I91)/(IFERROR(IF(AVERAGEIF(TableBOM[Item ID],A91,TableBOM[Per 1000 Units])>0,AVERAGEIF(TableBOM[Item ID],A91,TableBOM[Per 1000 Units]),AVERAGEIF(TableBOM[Material Category],B91,TableBOM[Per 1000 Units])),AVERAGEIF(TableBOM[Material Category],B91,TableBOM[Per 1000 Units]))/1000),0)),"-") -> 0 | K91: Not active in ERP
A92: 7095 | B92: Ink | C92: INK BLACK 158000 IMPORTED | D92: kg | E92: 0 | F92: 0 | G92: 0 | H92: =E92+F92-G92 -> 0 | J92: =IFERROR(IF(H92+I92="","-",ROUND((H92+I92)/(IFERROR(IF(AVERAGEIF(TableBOM[Item ID],A92,TableBOM[Per 1000 Units])>0,AVERAGEIF(TableBOM[Item ID],A92,TableBOM[Per 1000 Units]),AVERAGEIF(TableBOM[Material Category],B92,TableBOM[Per 1000 Units])),AVERAGEIF(TableBOM[Material Category],B92,TableBOM[Per 1000 Units]))/1000),0)),"-") -> 0 | K92: Not active in ERP
A93: 7152 | B93: Ink | C93: INK GREEN ES 166 | D93: kg | E93: 0 | F93: 1 | G93: 1 | H93: =E93+F93-G93 -> 0 | J93: =IFERROR(IF(H93+I93="","-",ROUND((H93+I93)/(IFERROR(IF(AVERAGEIF(TableBOM[Item ID],A93,TableBOM[Per 1000 Units])>0,AVERAGEIF(TableBOM[Item ID],A93,TableBOM[Per 1000 Units]),AVERAGEIF(TableBOM[Material Category],B93,TableBOM[Per 1000 Units])),AVERAGEIF(TableBOM[Material Category],B93,TableBOM[Per 1000 Units]))/1000),0)),"-") -> 0
A94: 7398 | B94: Ink | C94: PURPLE 48054 | D94: kg | E94: 1 | F94: 0 | G94: 0 | H94: =E94+F94-G94 -> 1 | J94: =IFERROR(IF(H94+I94="","-",ROUND((H94+I94)/(IFERROR(IF(AVERAGEIF(TableBOM[Item ID],A94,TableBOM[Per 1000 Units])>0,AVERAGEIF(TableBOM[Item ID],A94,TableBOM[Per 1000 Units]),AVERAGEIF(TableBOM[Material Category],B94,TableBOM[Per 1000 Units])),AVERAGEIF(TableBOM[Material Category],B94,TableBOM[Per 1000 Units]))/1000),0)),"-") -> 11211
A96: PET Inventory — October 2026 Month to Date | J96: =TODAY() -> 46316
A97: Item ID | B97: Category | C97: Item Name (ERP) | D97: UOM | E97: Opening | F97: Received from Vendor | G97: Issued to Production | H97: Store Balance | I97: Work In Process | J97: Pieces Can Be Produced
A98: 2680 | B98: PET Resin | C98: PET RESIN A-84 | D98: kg | E98: 3750 | F98: 0 | G98: 3700 | H98: =E98+F98-G98 -> 50 | I98: 0 | J98: =IFERROR(IF(H98+I98="","-",ROUND((H98+I98)/(IFERROR(IF(AVERAGEIF(TableBOM[Item ID],A98,TableBOM[Per 1000 Units])>0,AVERAGEIF(TableBOM[Item ID],A98,TableBOM[Per 1000 Units]),AVERAGEIF(TableBOM[Material Category],B98,TableBOM[Per 1000 Units])),AVERAGEIF(TableBOM[Material Category],B98,TableBOM[Per 1000 Units]))/1000),0)),"-") -> 2192
A99: 3492 | B99: Master Batch | C99: MASTER BATCH (PA M27) GREEN | D99: kg | E99: 75 | F99: 0 | G99: 0 | H99: =E99+F99-G99 -> 75 | I99: 0 | J99: =IFERROR(IF(H99+I99="","-",ROUND((H99+I99)/(IFERROR(IF(AVERAGEIF(TableBOM[Item ID],A99,TableBOM[Per 1000 Units])>0,AVERAGEIF(TableBOM[Item ID],A99,TableBOM[Per 1000 Units]),AVERAGEIF(TableBOM[Material Category],B99,TableBOM[Per 1000 Units])),AVERAGEIF(TableBOM[Material Category],B99,TableBOM[Per 1000 Units]))/1000),0)),"-") -> 77519
A100: 4002 | B100: Master Batch | C100: MASTER BATCH YELLOW CMN# 3087 | D100: kg | E100: 25 | F100: 0 | G100: 0 | H100: =E100+F100-G100 -> 25 | I100: 0 | J100: =IFERROR(IF(H100+I100="","-",ROUND((H100+I100)/(IFERROR(IF(AVERAGEIF(TableBOM[Item ID],A100,TableBOM[Per 1000 Units])>0,AVERAGEIF(TableBOM[Item ID],A100,TableBOM[Per 1000 Units]),AVERAGEIF(TableBOM[Material Category],B100,TableBOM[Per 1000 Units])),AVERAGEIF(TableBOM[Material Category],B100,TableBOM[Per 1000 Units]))/1000),0)),"-") -> 23256
A101: 4070 | B101: Master Batch | C101: MASTER BATCH ONCOLOR YELLOW NE12340208-ZN | D101: kg | E101: 0 | F101: 0 | G101: 0 | H101: =E101+F101-G101 -> 0 | I101: 0 | J101: =IFERROR(IF(H101+I101="","-",ROUND((H101+I101)/(IFERROR(IF(AVERAGEIF(TableBOM[Item ID],A101,TableBOM[Per 1000 Units])>0,AVERAGEIF(TableBOM[Item ID],A101,TableBOM[Per 1000 Units]),AVERAGEIF(TableBOM[Material Category],B101,TableBOM[Per 1000 Units])),AVERAGEIF(TableBOM[Material Category],B101,TableBOM[Per 1000 Units]))/1000),0)),"-") -> 0 | K101: Not active in ERP
A102: 4310 | B102: Master Batch | C102: MASTER BATCH BEIGE (RCW-25) | D102: kg | E102: 36.23 | F102: 0 | G102: 0 | H102: =E102+F102-G102 -> 36.23 | I102: 0 | J102: =IFERROR(IF(H102+I102="","-",ROUND((H102+I102)/(IFERROR(IF(AVERAGEIF(TableBOM[Item ID],A102,TableBOM[Per 1000 Units])>0,AVERAGEIF(TableBOM[Item ID],A102,TableBOM[Per 1000 Units]),AVERAGEIF(TableBOM[Material Category],B102,TableBOM[Per 1000 Units])),AVERAGEIF(TableBOM[Material Category],B102,TableBOM[Per 1000 Units]))/1000),0)),"-") -> 37447
...

Sheet Product_Catalog
A1: PRODUCT CATALOG — Master lookup for all products
A2: Product ID | B2: BOM ID | C2: Customer | D2: Product Name | E2: Dia (mm) | F2: Length (mm) | G2: Latex | H2: Pcs/Carton | I2: # of Pieces | J2: Slug (kg) | K2: Base Coat (kg) | L2: Lacquer (kg) | M2: Latex (kg) | N2: Zinc (kg) | O2: Caps (PCS) | P2: Cartons (PCS) | Q2: Ink Used | R2: Ink Used | S2: Ink Used
A3: 9004 | B3: 904 | C3: Bahadur | D3: BAHADUR TUBE 12.5MM | E3: 12.5 | F3: 0 | G3: No | H3: 0 | J3: =IF(I3="","",IFERROR(SUMPRODUCT((TableBOM[Product ID]=A3)*(TableBOM[Material Category]="SLUG")*TableBOM[Per 1000 Units]*(1+TableBOM[Scrap %]))*I3/1000,0)) | K3: =IF(I3="","",IFERROR(SUMPRODUCT((TableBOM[Product ID]=A3)*(TableBOM[Material Category]="BASE COAT")*TableBOM[Per 1000 Units]*(1+TableBOM[Scrap %]))*I3/1000,0)) | L3: =IF(I3="","",IFERROR(SUMPRODUCT((TableBOM[Product ID]=A3)*(TableBOM[Material Category]="LACQUER")*TableBOM[Per 1000 Units]*(1+TableBOM[Scrap %]))*I3/1000,0)) | M3: =IF(I3="","",IFERROR(SUMPRODUCT((TableBOM[Product ID]=A3)*(TableBOM[Material Category]="LATEX")*TableBOM[Per 1000 Units]*(1+TableBOM[Scrap %]))*I3/1000,0)) | N3: =IF(I3="","",IFERROR(SUMPRODUCT((TableBOM[Product ID]=A3)*(TableBOM[Material Category]="ZINC")*TableBOM[Per 1000 Units]*(1+TableBOM[Scrap %]))*I3/1000,0)) | O3: =IF(I3="","",IFERROR(SUMPRODUCT((TableBOM[Product ID]=A3)*(TableBOM[Material Category]="CAP")*TableBOM[Per 1000 Units]*(1+TableBOM[Scrap %]))*I3/1000,0)) | P3: =IF(I3="","",IFERROR(SUMPRODUCT((TableBOM[Product ID]=A3)*(TableBOM[Material Category]="CARTON")*TableBOM[Per 1000 Units]*(1+TableBOM[Scrap %]))*I3/1000,0))
A4: 6561 | B4: 190 | C4: Brookes Pharma Private Limited | D4: ECZEMUS OINTMENT 0.03% 10G | E4: 16 | F4: 100 | G4: No | H4: 588 | J4: =IF(I4="","",IFERROR(SUMPRODUCT((TableBOM[Product ID]=A4)*(TableBOM[Material Category]="SLUG")*TableBOM[Per 1000 Units]*(1+TableBOM[Scrap %]))*I4/1000,0)) | K4: =IF(I4="","",IFERROR(SUMPRODUCT((TableBOM[Product ID]=A4)*(TableBOM[Material Category]="BASE COAT")*TableBOM[Per 1000 Units]*(1+TableBOM[Scrap %]))*I4/1000,0)) | L4: =IF(I4="","",IFERROR(SUMPRODUCT((TableBOM[Product ID]=A4)*(TableBOM[Material Category]="LACQUER")*TableBOM[Per 1000 Units]*(1+TableBOM[Scrap %]))*I4/1000,0)) | M4: =IF(I4="","",IFERROR(SUMPRODUCT((TableBOM[Product ID]=A4)*(TableBOM[Material Category]="LATEX")*TableBOM[Per 1000 Units]*(1+TableBOM[Scrap %]))*I4/1000,0)) | N4: =IF(I4="","",IFERROR(SUMPRODUCT((TableBOM[Product ID]=A4)*(TableBOM[Material Category]="ZINC")*TableBOM[Per 1000 Units]*(1+TableBOM[Scrap %]))*I4/1000,0)) | O4: =IF(I4="","",IFERROR(SUMPRODUCT((TableBOM[Product ID]=A4)*(TableBOM[Material Category]="CAP")*TableBOM[Per 1000 Units]*(1+TableBOM[Scrap %]))*I4/1000,0)) | P4: =IF(I4="","",IFERROR(SUMPRODUCT((TableBOM[Product ID]=A4)*(TableBOM[Material Category]="CARTON")*TableBOM[Per 1000 Units]*(1+TableBOM[Scrap %]))*I4/1000,0))
A5: 1085 | B5: 187 | C5: Brookes Pharma Private Limited | D5: PYODINE GEL 20GM | E5: 19 | F5: 106 | G5: No | H5: 588 | J5: =IF(I5="","",IFERROR(SUMPRODUCT((TableBOM[Product ID]=A5)*(TableBOM[Material Category]="SLUG")*TableBOM[Per 1000 Units]*(1+TableBOM[Scrap %]))*I5/1000,0)) | K5: =IF(I5="","",IFERROR(SUMPRODUCT((TableBOM[Product ID]=A5)*(TableBOM[Material Category]="BASE COAT")*TableBOM[Per 1000 Units]*(1+TableBOM[Scrap %]))*I5/1000,0)) | L5: =IF(I5="","",IFERROR(SUMPRODUCT((TableBOM[Product ID]=A5)*(TableBOM[Material Category]="LACQUER")*TableBOM[Per 1000 Units]*(1+TableBOM[Scrap %]))*I5/1000,0)) | M5: =IF(I5="","",IFERROR(SUMPRODUCT((TableBOM[Product ID]=A5)*(TableBOM[Material Category]="LATEX")*TableBOM[Per 1000 Units]*(1+TableBOM[Scrap %]))*I5/1000,0)) | N5: =IF(I5="","",IFERROR(SUMPRODUCT((TableBOM[Product ID]=A5)*(TableBOM[Material Category]="ZINC")*TableBOM[Per 1000 Units]*(1+TableBOM[Scrap %]))*I5/1000,0)) | O5: =IF(I5="","",IFERROR(SUMPRODUCT((TableBOM[Product ID]=A5)*(TableBOM[Material Category]="CAP")*TableBOM[Per 1000 Units]*(1+TableBOM[Scrap %]))*I5/1000,0)) | P5: =IF(I5="","",IFERROR(SUMPRODUCT((TableBOM[Product ID]=A5)*(TableBOM[Material Category]="CARTON")*TableBOM[Per 1000 Units]*(1+TableBOM[Scrap %]))*I5/1000,0))
A6: 6559 | B6: 188 | C6: Brookes Pharma Private Limited | D6: PHLOGIN GEL 20G | E6: 19 | F6: 106 | G6: No | H6: 588 | J6: =IF(I6="","",IFERROR(SUMPRODUCT((TableBOM[Product ID]=A6)*(TableBOM[Material Category]="SLUG")*TableBOM[Per 1000 Units]*(1+TableBOM[Scrap %]))*I6/1000,0)) | K6: =IF(I6="","",IFERROR(SUMPRODUCT((TableBOM[Product ID]=A6)*(TableBOM[Material Category]="BASE COAT")*TableBOM[Per 1000 Units]*(1+TableBOM[Scrap %]))*I6/1000,0)) | L6: =IF(I6="","",IFERROR(SUMPRODUCT((TableBOM[Product ID]=A6)*(TableBOM[Material Category]="LACQUER")*TableBOM[Per 1000 Units]*(1+TableBOM[Scrap %]))*I6/1000,0)) | M6: =IF(I6="","",IFERROR(SUMPRODUCT((TableBOM[Product ID]=A6)*(TableBOM[Material Category]="LATEX")*TableBOM[Per 1000 Units]*(1+TableBOM[Scrap %]))*I6/1000,0)) | N6: =IF(I6="","",IFERROR(SUMPRODUCT((TableBOM[Product ID]=A6)*(TableBOM[Material Category]="ZINC")*TableBOM[Per 1000 Units]*(1+TableBOM[Scrap %]))*I6/1000,0)) | O6: =IF(I6="","",IFERROR(SUMPRODUCT((TableBOM[Product ID]=A6)*(TableBOM[Material Category]="CAP")*TableBOM[Per 1000 Units]*(1+TableBOM[Scrap %]))*I6/1000,0)) | P6: =IF(I6="","",IFERROR(SUMPRODUCT((TableBOM[Product ID]=A6)*(TableBOM[Material Category]="CARTON")*TableBOM[Per 1000 Units]*(1+TableBOM[Scrap %]))*I6/1000,0))
A7: 6560 | B7: 189 | C7: Brookes Pharma Private Limited | D7: CONTRATUBEX GEL 20G | E7: 19 | F7: 106 | G7: No | H7: 588 | J7: =IF(I7="","",IFERROR(SUMPRODUCT((TableBOM[Product ID]=A7)*(TableBOM[Material Category]="SLUG")*TableBOM[Per 1000 Units]*(1+TableBOM[Scrap %]))*I7/1000,0)) | K7: =IF(I7="","",IFERROR(SUMPRODUCT((TableBOM[Product ID]=A7)*(TableBOM[Material Category]="BASE COAT")*TableBOM[Per 1000 Units]*(1+TableBOM[Scrap %]))*I7/1000,0)) | L7: =IF(I7="","",IFERROR(SUMPRODUCT((TableBOM[Product ID]=A7)*(TableBOM[Material Category]="LACQUER")*TableBOM[Per 1000 Units]*(1+TableBOM[Scrap %]))*I7/1000,0)) | M7: =IF(I7="","",IFERROR(SUMPRODUCT((TableBOM[Product ID]=A7)*(TableBOM[Material Category]="LATEX")*TableBOM[Per 1000 Units]*(1+TableBOM[Scrap %]))*I7/1000,0)) | N7: =IF(I7="","",IFERROR(SUMPRODUCT((TableBOM[Product ID]=A7)*(TableBOM[Material Category]="ZINC")*TableBOM[Per 1000 Units]*(1+TableBOM[Scrap %]))*I7/1000,0)) | O7: =IF(I7="","",IFERROR(SUMPRODUCT((TableBOM[Product ID]=A7)*(TableBOM[Material Category]="CAP")*TableBOM[Per 1000 Units]*(1+TableBOM[Scrap %]))*I7/1000,0)) | P7: =IF(I7="","",IFERROR(SUMPRODUCT((TableBOM[Product ID]=A7)*(TableBOM[Material Category]="CARTON")*TableBOM[Per 1000 Units]*(1+TableBOM[Scrap %]))*I7/1000,0))
A8: 6623 | B8: 193 | C8: Samsol International Private Limited | D8: S-43 DIA 19MM | E8: 19 | F8: 120 | G8: No | H8: 510 | J8: =IF(I8="","",IFERROR(SUMPRODUCT((TableBOM[Product ID]=A8)*(TableBOM[Material Category]="SLUG")*TableBOM[Per 1000 Units]*(1+TableBOM[Scrap %]))*I8/1000,0)) | K8: =IF(I8="","",IFERROR(SUMPRODUCT((TableBOM[Product ID]=A8)*(TableBOM[Material Category]="BASE COAT")*TableBOM[Per 1000 Units]*(1+TableBOM[Scrap %]))*I8/1000,0)) | L8: =IF(I8="","",IFERROR(SUMPRODUCT((TableBOM[Product ID]=A8)*(TableBOM[Material Category]="LACQUER")*TableBOM[Per 1000 Units]*(1+TableBOM[Scrap %]))*I8/1000,0)) | M8: =IF(I8="","",IFERROR(SUMPRODUCT((TableBOM[Product ID]=A8)*(TableBOM[Material Category]="LATEX")*TableBOM[Per 1000 Units]*(1+TableBOM[Scrap %]))*I8/1000,0)) | N8: =IF(I8="","",IFERROR(SUMPRODUCT((TableBOM[Product ID]=A8)*(TableBOM[Material Category]="ZINC")*TableBOM[Per 1000 Units]*(1+TableBOM[Scrap %]))*I8/1000,0)) | O8: =IF(I8="","",IFERROR(SUMPRODUCT((TableBOM[Product ID]=A8)*(TableBOM[Material Category]="CAP")*TableBOM[Per 1000 Units]*(1+TableBOM[Scrap %]))*I8/1000,0)) | P8: =IF(I8="","",IFERROR(SUMPRODUCT((TableBOM[Product ID]=A8)*(TableBOM[Material Category]="CARTON")*TableBOM[Per 1000 Units]*(1+TableBOM[Scrap %]))*I8/1000,0))
A9: 6624 | B9: 192 | C9: Samsol International Private Limited | D9: S-45 DIA 19MM | E9: 19 | F9: 120 | G9: No | H9: 510 | J9: =IF(I9="","",IFERROR(SUMPRODUCT((TableBOM[Product ID]=A9)*(TableBOM[Material Category]="SLUG")*TableBOM[Per 1000 Units]*(1+TableBOM[Scrap %]))*I9/1000,0)) | K9: =IF(I9="","",IFERROR(SUMPRODUCT((TableBOM[Product ID]=A9)*(TableBOM[Material Category]="BASE COAT")*TableBOM[Per 1000 Units]*(1+TableBOM[Scrap %]))*I9/1000,0)) | L9: =IF(I9="","",IFERROR(SUMPRODUCT((TableBOM[Product ID]=A9)*(TableBOM[Material Category]="LACQUER")*TableBOM[Per 1000 Units]*(1+TableBOM[Scrap %]))*I9/1000,0)) | M9: =IF(I9="","",IFERROR(SUMPRODUCT((TableBOM[Product ID]=A9)*(TableBOM[Material Category]="LATEX")*TableBOM[Per 1000 Units]*(1+TableBOM[Scrap %]))*I9/1000,0)) | N9: =IF(I9="","",IFERROR(SUMPRODUCT((TableBOM[Product ID]=A9)*(TableBOM[Material Category]="ZINC")*TableBOM[Per 1000 Units]*(1+TableBOM[Scrap %]))*I9/1000,0)) | O9: =IF(I9="","",IFERROR(SUMPRODUCT((TableBOM[Product ID]=A9)*(TableBOM[Material Category]="CAP")*TableBOM[Per 1000 Units]*(1+TableBOM[Scrap %]))*I9/1000,0)) | P9: =IF(I9="","",IFERROR(SUMPRODUCT((TableBOM[Product ID]=A9)*(TableBOM[Material Category]="CARTON")*TableBOM[Per 1000 Units]*(1+TableBOM[Scrap %]))*I9/1000,0))
A10: 6077 | B10: 138 | C10: Mablay Beauty PVT LTD. | D10: VINCE HIS ONLY BEARD & MUSTACHE COLOR CREAM | E10: 20.5 | F10: 120 | G10: Yes | H10: 200 | J10: =IF(I10="","",IFERROR(SUMPRODUCT((TableBOM[Product ID]=A10)*(TableBOM[Material Category]="SLUG")*TableBOM[Per 1000 Units]*(1+TableBOM[Scrap %]))*I10/1000,0)) | K10: =IF(I10="","",IFERROR(SUMPRODUCT((TableBOM[Product ID]=A10)*(TableBOM[Material Category]="BASE COAT")*TableBOM[Per 1000 Units]*(1+TableBOM[Scrap %]))*I10/1000,0)) | L10: =IF(I10="","",IFERROR(SUMPRODUCT((TableBOM[Product ID]=A10)*(TableBOM[Material Category]="LACQUER")*TableBOM[Per 1000 Units]*(1+TableBOM[Scrap %]))*I10/1000,0)) | M10: =IF(I10="","",IFERROR(SUMPRODUCT((TableBOM[Product ID]=A10)*(TableBOM[Material Category]="LATEX")*TableBOM[Per 1000 Units]*(1+TableBOM[Scrap %]))*I10/1000,0)) | N10: =IF(I10="","",IFERROR(SUMPRODUCT((TableBOM[Product ID]=A10)*(TableBOM[Material Category]="ZINC")*TableBOM[Per 1000 Units]*(1+TableBOM[Scrap %]))*I10/1000,0)) | O10: =IF(I10="","",IFERROR(SUMPRODUCT((TableBOM[Product ID]=A10)*(TableBOM[Material Category]="CAP")*TableBOM[Per 1000 Units]*(1+TableBOM[Scrap %]))*I10/1000,0)) | P10: =IF(I10="","",IFERROR(SUMPRODUCT((TableBOM[Product ID]=A10)*(TableBOM[Material Category]="CARTON")*TableBOM[Per 1000 Units]*(1+TableBOM[Scrap %]))*I10/1000,0))
A11: 5698 | B11: 22 | C11: Samsol International Private Limited | D11: S-45 DIA 20.5 | E11: 20.5 | F11: 120 | G11: No | H11: 336 | J11: =IF(I11="","",IFERROR(SUMPRODUCT((TableBOM[Product ID]=A11)*(TableBOM[Material Category]="SLUG")*TableBOM[Per 1000 Units]*(1+TableBOM[Scrap %]))*I11/1000,0)) | K11: =IF(I11="","",IFERROR(SUMPRODUCT((TableBOM[Product ID]=A11)*(TableBOM[Material Category]="BASE COAT")*TableBOM[Per 1000 Units]*(1+TableBOM[Scrap %]))*I11/1000,0)) | L11: =IF(I11="","",IFERROR(SUMPRODUCT((TableBOM[Product ID]=A11)*(TableBOM[Material Category]="LACQUER")*TableBOM[Per 1000 Units]*(1+TableBOM[Scrap %]))*I11/1000,0)) | M11: =IF(I11="","",IFERROR(SUMPRODUCT((TableBOM[Product ID]=A11)*(TableBOM[Material Category]="LATEX")*TableBOM[Per 1000 Units]*(1+TableBOM[Scrap %]))*I11/1000,0)) | N11: =IF(I11="","",IFERROR(SUMPRODUCT((TableBOM[Product ID]=A11)*(TableBOM[Material Category]="ZINC")*TableBOM[Per 1000 Units]*(1+TableBOM[Scrap %]))*I11/1000,0)) | O11: =IF(I11="","",IFERROR(SUMPRODUCT((TableBOM[Product ID]=A11)*(TableBOM[Material Category]="CAP")*TableBOM[Per 1000 Units]*(1+TableBOM[Scrap %]))*I11/1000,0)) | P11: =IF(I11="","",IFERROR(SUMPRODUCT((TableBOM[Product ID]=A11)*(TableBOM[Material Category]="CARTON")*TableBOM[Per 1000 Units]*(1+TableBOM[Scrap %]))*I11/1000,0))
A12: 5699 | B12: 21 | C12: Samsol International Private Limited | D12: S-43 DIA 20.5 | E12: 20.5 | F12: 120 | G12: No | H12: 336 | J12: =IF(I12="","",IFERROR(SUMPRODUCT((TableBOM[Product ID]=A12)*(TableBOM[Material Category]="SLUG")*TableBOM[Per 1000 Units]*(1+TableBOM[Scrap %]))*I12/1000,0)) | K12: =IF(I12="","",IFERROR(SUMPRODUCT((TableBOM[Product ID]=A12)*(TableBOM[Material Category]="BASE COAT")*TableBOM[Per 1000 Units]*(1+TableBOM[Scrap %]))*I12/1000,0)) | L12: =IF(I12="","",IFERROR(SUMPRODUCT((TableBOM[Product ID]=A12)*(TableBOM[Material Category]="LACQUER")*TableBOM[Per 1000 Units]*(1+TableBOM[Scrap %]))*I12/1000,0)) | M12: =IF(I12="","",IFERROR(SUMPRODUCT((TableBOM[Product ID]=A12)*(TableBOM[Material Category]="LATEX")*TableBOM[Per 1000 Units]*(1+TableBOM[Scrap %]))*I12/1000,0)) | N12: =IF(I12="","",IFERROR(SUMPRODUCT((TableBOM[Product ID]=A12)*(TableBOM[Material Category]="ZINC")*TableBOM[Per 1000 Units]*(1+TableBOM[Scrap %]))*I12/1000,0)) | O12: =IF(I12="","",IFERROR(SUMPRODUCT((TableBOM[Product ID]=A12)*(TableBOM[Material Category]="CAP")*TableBOM[Per 1000 Units]*(1+TableBOM[Scrap %]))*I12/1000,0)) | P12: =IF(I12="","",IFERROR(SUMPRODUCT((TableBOM[Product ID]=A12)*(TableBOM[Material Category]="CARTON")*TableBOM[Per 1000 Units]*(1+TableBOM[Scrap %]))*I12/1000,0))
A13: 5731 | B13: 32 | C13: Samsol International Private Limited | D13: SAMSOL HAIR COLOR 45 DIA 20.5 MM | E13: 20.5 | F13: 120 | G13: No | H13: 510 | J13: =IF(I13="","",IFERROR(SUMPRODUCT((TableBOM[Product ID]=A13)*(TableBOM[Material Category]="SLUG")*TableBOM[Per 1000 Units]*(1+TableBOM[Scrap %]))*I13/1000,0)) | K13: =IF(I13="","",IFERROR(SUMPRODUCT((TableBOM[Product ID]=A13)*(TableBOM[Material Category]="BASE COAT")*TableBOM[Per 1000 Units]*(1+TableBOM[Scrap %]))*I13/1000,0)) | L13: =IF(I13="","",IFERROR(SUMPRODUCT((TableBOM[Product ID]=A13)*(TableBOM[Material Category]="LACQUER")*TableBOM[Per 1000 Units]*(1+TableBOM[Scrap %]))*I13/1000,0)) | M13: =IF(I13="","",IFERROR(SUMPRODUCT((TableBOM[Product ID]=A13)*(TableBOM[Material Category]="LATEX")*TableBOM[Per 1000 Units]*(1+TableBOM[Scrap %]))*I13/1000,0)) | N13: =IF(I13="","",IFERROR(SUMPRODUCT((TableBOM[Product ID]=A13)*(TableBOM[Material Category]="ZINC")*TableBOM[Per 1000 Units]*(1+TableBOM[Scrap %]))*I13/1000,0)) | O13: =IF(I13="","",IFERROR(SUMPRODUCT((TableBOM[Product ID]=A13)*(TableBOM[Material Category]="CAP")*TableBOM[Per 1000 Units]*(1+TableBOM[Scrap %]))*I13/1000,0)) | P13: =IF(I13="","",IFERROR(SUMPRODUCT((TableBOM[Product ID]=A13)*(TableBOM[Material Category]="CARTON")*TableBOM[Per 1000 Units]*(1+TableBOM[Scrap %]))*I13/1000,0))
A14: 5732 | B14: 33 | C14: Samsol International Private Limited | D14: SAMSOL HAIR COLOR 43 DIA 20.5 MM | E14: 20.5 | F14: 120 | G14: No | H14: 510 | J14: =IF(I14="","",IFERROR(SUMPRODUCT((TableBOM[Product ID]=A14)*(TableBOM[Material Category]="SLUG")*TableBOM[Per 1000 Units]*(1+TableBOM[Scrap %]))*I14/1000,0)) | K14: =IF(I14="","",IFERROR(SUMPRODUCT((TableBOM[Product ID]=A14)*(TableBOM[Material Category]="BASE COAT")*TableBOM[Per 1000 Units]*(1+TableBOM[Scrap %]))*I14/1000,0)) | L14: =IF(I14="","",IFERROR(SUMPRODUCT((TableBOM[Product ID]=A14)*(TableBOM[Material Category]="LACQUER")*TableBOM[Per 1000 Units]*(1+TableBOM[Scrap %]))*I14/1000,0)) | M14: =IF(I14="","",IFERROR(SUMPRODUCT((TableBOM[Product ID]=A14)*(TableBOM[Material Category]="LATEX")*TableBOM[Per 1000 Units]*(1+TableBOM[Scrap %]))*I14/1000,0)) | N14: =IF(I14="","",IFERROR(SUMPRODUCT((TableBOM[Product ID]=A14)*(TableBOM[Material Category]="ZINC")*TableBOM[Per 1000 Units]*(1+TableBOM[Scrap %]))*I14/1000,0)) | O14: =IF(I14="","",IFERROR(SUMPRODUCT((TableBOM[Product ID]=A14)*(TableBOM[Material Category]="CAP")*TableBOM[Per 1000 Units]*(1+TableBOM[Scrap %]))*I14/1000,0)) | P14: =IF(I14="","",IFERROR(SUMPRODUCT((TableBOM[Product ID]=A14)*(TableBOM[Material Category]="CARTON")*TableBOM[Per 1000 Units]*(1+TableBOM[Scrap %]))*I14/1000,0))
... A21: 6506 | B21: 179 | C21: Samsol International Private Limited | D21: TUBES MEN BLUE | E21: 25 | F21: 150 | G21: No | H21: 336 | J21: =IF(I21="","",IFERROR(SUMPRODUCT((TableBOM[Product ID]=A21)*(TableBOM[Material Category]="SLUG")*TableBOM[Per 1000 Units]*(1+TableBOM[Scrap %]))*I21/1000,0)) | K21: =IF(I21="","",IFERROR(SUMPRODUCT((TableBOM[Product ID]=A21)*(TableBOM[Material Category]="BASE COAT")*TableBOM[Per 1000 Units]*(1+TableBOM[Scrap %]))*I21/1000,0)) | L21: =IF(I21="","",IFERROR(SUMPRODUCT((TableBOM[Product ID]=A21)*(TableBOM[Material Category]="LACQUER")*TableBOM[Per 1000 Units]*(1+TableBOM[Scrap %]))*I21/1000,0)) | M21: =IF(I21="","",IFERROR(SUMPRODUCT((TableBOM[Product ID]=A21)*(TableBOM[Material Category]="LATEX")*TableBOM[Per 1000 Units]*(1+TableBOM[Scrap %]))*I21/1000,0)) | N21: =IF(I21="","",IFERROR(SUMPRODUCT((TableBOM[Product ID]=A21)*(TableBOM[Material Category]="ZINC")*TableBOM[Per 1000 Units]*(1+TableBOM[Scrap %]))*I21/1000,0)) | O21: =IF(I21="","",IFERROR(SUMPRODUCT((TableBOM[Product ID]=A21)*(TableBOM[Material Category]="CAP")*TableBOM[Per 1000 Units]*(1+TableBOM[Scrap %]))*I21/1000,0)) | P21: =IF(I21="","",IFERROR(SUMPRODUCT((TableBOM[Product ID]=A21)*(TableBOM[Material Category]="CARTON")*TableBOM[Per 1000 Units]*(1+TableBOM[Scrap %]))*I21/1000,0))
A22: 6532 | B22: 181 | C22: Samsol International Private Limited | D22: TUBE COMMON PURPLE | E22: 25 | F22: 150 | G22: No | H22: 336 | I22: 17472 | J22: =IF(I22="","",IFERROR(SUMPRODUCT((TableBOM[Product ID]=A22)*(TableBOM[Material Category]="SLUG")*TableBOM[Per 1000 Units]*(1+TableBOM[Scrap %]))*I22/1000,0)) -> 113.72001 | K22: =IF(I22="","",IFERROR(SUMPRODUCT((TableBOM[Product ID]=A22)*(TableBOM[Material Category]="BASE COAT")*TableBOM[Per 1000 Units]*(1+TableBOM[Scrap %]))*I22/1000,0)) -> 11.76215 | L22: =IF(I22="","",IFERROR(SUMPRODUCT((TableBOM[Product ID]=A22)*(TableBOM[Material Category]="LACQUER")*TableBOM[Per 1000 Units]*(1+TableBOM[Scrap %]))*I22/1000,0)) -> 5.6120064 | M22: =IF(I22="","",IFERROR(SUMPRODUCT((TableBOM[Product ID]=A22)*(TableBOM[Material Category]="LATEX")*TableBOM[Per 1000 Units]*(1+TableBOM[Scrap %]))*I22/1000,0)) -> 0 | N22: =IF(I22="","",IFERROR(SUMPRODUCT((TableBOM[Product ID]=A22)*(TableBOM[Material Category]="ZINC")*TableBOM[Per 1000 Units]*(1+TableBOM[Scrap %]))*I22/1000,0)) -> 0 | O22: =IF(I22="","",IFERROR(SUMPRODUCT((TableBOM[Product ID]=A22)*(TableBOM[Material Category]="CAP")*TableBOM[Per 1000 Units]*(1+TableBOM[Scrap %]))*I22/1000,0)) -> 17821.44 | P22: =IF(I22="","",IFERROR(SUMPRODUCT((TableBOM[Product ID]=A22)*(TableBOM[Material Category]="CARTON")*TableBOM[Per 1000 Units]*(1+TableBOM[Scrap %]))*I22/1000,0)) -> 57.196339
A23: 6338 | B23: 167 | C23: DTM | D23: DTM DIA 25MM | E23: 25 | F23: 155 | G23: No | H23: 336 | J23: =IF(I23="","",IFERROR(SUMPRODUCT((TableBOM[Product ID]=A23)*(TableBOM[Material Category]="SLUG")*TableBOM[Per 1000 Units]*(1+TableBOM[Scrap %]))*I23/1000,0)) | K23: =IF(I23="","",IFERROR(SUMPRODUCT((TableBOM[Product ID]=A23)*(TableBOM[Material Category]="BASE COAT")*TableBOM[Per 1000 Units]*(1+TableBOM[Scrap %]))*I23/1000,0)) | L23: =IF(I23="","",IFERROR(SUMPRODUCT((TableBOM[Product ID]=A23)*(TableBOM[Material Category]="LACQUER")*TableBOM[Per 1000 Units]*(1+TableBOM[Scrap %]))*I23/1000,0)) | M23: =IF(I23="","",IFERROR(SUMPRODUCT((TableBOM[Product ID]=A23)*(TableBOM[Material Category]="LATEX")*TableBOM[Per 1000 Units]*(1+TableBOM[Scrap %]))*I23/1000,0)) | N23: =IF(I23="","",IFERROR(SUMPRODUCT((TableBOM[Product ID]=A23)*(TableBOM[Material Category]="ZINC")*TableBOM[Per 1000 Units]*(1+TableBOM[Scrap %]))*I23/1000,0)) | O23: =IF(I23="","",IFERROR(SUMPRODUCT((TableBOM[Product ID]=A23)*(TableBOM[Material Category]="CAP")*TableBOM[Per 1000 Units]*(1+TableBOM[Scrap %]))*I23/1000,0)) | P23: =IF(I23="","",IFERROR(SUMPRODUCT((TableBOM[Product ID]=A23)*(TableBOM[Material Category]="CARTON")*TableBOM[Per 1000 Units]*(1+TableBOM[Scrap %]))*I23/1000,0))
A24: 6337 | B24: 166 | C24: Al-Rehman Group | D24: ACTIVE PRO HAIR COLOR CREAM 60ML | E24: 30 | F24: 130 | G24: Yes | H24: 150 | J24: =IF(I24="","",IFERROR(SUMPRODUCT((TableBOM[Product ID]=A24)*(TableBOM[Material Category]="SLUG")*TableBOM[Per 1000 Units]*(1+TableBOM[Scrap %]))*I24/1000,0)) | K24: =IF(I24="","",IFERROR(SUMPRODUCT((TableBOM[Product ID]=A24)*(TableBOM[Material Category]="BASE COAT")*TableBOM[Per 1000 Units]*(1+TableBOM[Scrap %]))*I24/1000,0)) | L24: =IF(I24="","",IFERROR(SUMPRODUCT((TableBOM[Product ID]=A24)*(TableBOM[Material Category]="LACQUER")*TableBOM[Per 1000 Units]*(1+TableBOM[Scrap %]))*I24/1000,0)) | M24: =IF(I24="","",IFERROR(SUMPRODUCT((TableBOM[Product ID]=A24)*(TableBOM[Material Category]="LATEX")*TableBOM[Per 1000 Units]*(1+TableBOM[Scrap %]))*I24/1000,0)) | N24: =IF(I24="","",IFERROR(SUMPRODUCT((TableBOM[Product ID]=A24)*(TableBOM[Material Category]="ZINC")*TableBOM[Per 1000 Units]*(1+TableBOM[Scrap %]))*I24/1000,0)) | O24: =IF(I24="","",IFERROR(SUMPRODUCT((TableBOM[Product ID]=A24)*(TableBOM[Material Category]="CAP")*TableBOM[Per 1000 Units]*(1+TableBOM[Scrap %]))*I24/1000,0)) | P24: =IF(I24="","",IFERROR(SUMPRODUCT((TableBOM[Product ID]=A24)*(TableBOM[Material Category]="CARTON")*TableBOM[Per 1000 Units]*(1+TableBOM[Scrap %]))*I24/1000,0))
A25: 6416 | B25: 171 | C25: Al-Rehman Group | D25: SIGNATURE HAIR COLOR CREAM 60ML | E25: 30 | F25: 130 | G25: Yes | H25: 150 | J25: =IF(I25="","",IFERROR(SUMPRODUCT((TableBOM[Product ID]=A25)*(TableBOM[Material Category]="SLUG")*TableBOM[Per 1000 Units]*(1+TableBOM[Scrap %]))*I25/1000,0)) | K25: =IF(I25="","",IFERROR(SUMPRODUCT((TableBOM[Product ID]=A25)*(TableBOM[Material Category]="BASE COAT")*TableBOM[Per 1000 Units]*(1+TableBOM[Scrap %]))*I25/1000,0)) | L25: =IF(I25="","",IFERROR(SUMPRODUCT((TableBOM[Product ID]=A25)*(TableBOM[Material Category]="LACQUER")*TableBOM[Per 1000 Units]*(1+TableBOM[Scrap %]))*I25/1000,0)) | M25: =IF(I25="","",IFERROR(SUMPRODUCT((TableBOM[Product ID]=A25)*(TableBOM[Material Category]="LATEX")*TableBOM[Per 1000 Units]*(1+TableBOM[Scrap %]))*I25/1000,0)) | N25: =IF(I25="","",IFERROR(SUMPRODUCT((TableBOM[Product ID]=A25)*(TableBOM[Material Category]="ZINC")*TableBOM[Per 1000 Units]*(1+TableBOM[Scrap %]))*I25/1000,0)) | O25: =IF(I25="","",IFERROR(SUMPRODUCT((TableBOM[Product ID]=A25)*(TableBOM[Material Category]="CAP")*TableBOM[Per 1000 Units]*(1+TableBOM[Scrap %]))*I25/1000,0)) | P25: =IF(I25="","",IFERROR(SUMPRODUCT((TableBOM[Product ID]=A25)*(TableBOM[Material Category]="CARTON")*TableBOM[Per 1000 Units]*(1+TableBOM[Scrap %]))*I25/1000,0))
A26: 6206 | B26: 149 | C26: Golden Pearl Cosmetics (PVT) LTD | D26: HELLO HAIR COLOR | E26: 30 | F26: 130 | G26: Yes | H26: 245 | J26: =IF(I26="","",IFERROR(SUMPRODUCT((TableBOM[Product ID]=A26)*(TableBOM[Material Category]="SLUG")*TableBOM[Per 1000 Units]*(1+TableBOM[Scrap %]))*I26/1000,0)) | K26: =IF(I26="","",IFERROR(SUMPRODUCT((TableBOM[Product ID]=A26)*(TableBOM[Material Category]="BASE COAT")*TableBOM[Per 1000 Units]*(1+TableBOM[Scrap %]))*I26/1000,0)) | L26: =IF(I26="","",IFERROR(SUMPRODUCT((TableBOM[Product ID]=A26)*(TableBOM[Material Category]="LACQUER")*TableBOM[Per 1000 Units]*(1+TableBOM[Scrap %]))*I26/1000,0)) | M26: =IF(I26="","",IFERROR(SUMPRODUCT((TableBOM[Product ID]=A26)*(TableBOM[Material Category]="LATEX")*TableBOM[Per 1000 Units]*(1+TableBOM[Scrap %]))*I26/1000,0)) | N26: =IF(I26="","",IFERROR(SUMPRODUCT((TableBOM[Product ID]=A26)*(TableBOM[Material Category]="ZINC")*TableBOM[Per 1000 Units]*(1+TableBOM[Scrap %]))*I26/1000,0)) | O26: =IF(I26="","",IFERROR(SUMPRODUCT((TableBOM[Product ID]=A26)*(TableBOM[Material Category]="CAP")*TableBOM[Per 1000 Units]*(1+TableBOM[Scrap %]))*I26/1000,0)) | P26: =IF(I26="","",IFERROR(SUMPRODUCT((TableBOM[Product ID]=A26)*(TableBOM[Material Category]="CARTON")*TableBOM[Per 1000 Units]*(1+TableBOM[Scrap %]))*I26/1000,0))
A27: 5814 | B27: 95 | C27: Mablay Beauty PVT LTD. | D27: VINCE NURTURAL | E27: 30 | F27: 130 | G27: Yes | H27: 150 | J27: =IF(I27="","",IFERROR(SUMPRODUCT((TableBOM[Product ID]=A27)*(TableBOM[Material Category]="SLUG")*TableBOM[Per 1000 Units]*(1+TableBOM[Scrap %]))*I27/1000,0)) | K27: =IF(I27="","",IFERROR(SUMPRODUCT((TableBOM[Product ID]=A27)*(TableBOM[Material Category]="BASE COAT")*TableBOM[Per 1000 Units]*(1+TableBOM[Scrap %]))*I27/1000,0)) | L27: =IF(I27="","",IFERROR(SUMPRODUCT((TableBOM[Product ID]=A27)*(TableBOM[Material Category]="LACQUER")*TableBOM[Per 1000 Units]*(1+TableBOM[Scrap %]))*I27/1000,0)) | M27: =IF(I27="","",IFERROR(SUMPRODUCT((TableBOM[Product ID]=A27)*(TableBOM[Material Category]="LATEX")*TableBOM[Per 1000 Units]*(1+TableBOM[Scrap %]))*I27/1000,0)) | N27: =IF(I27="","",IFERROR(SUMPRODUCT((TableBOM[Product ID]=A27)*(TableBOM[Material Category]="ZINC")*TableBOM[Per 1000 Units]*(1+TableBOM[Scrap %]))*I27/1000,0)) | O27: =IF(I27="","",IFERROR(SUMPRODUCT((TableBOM[Product ID]=A27)*(TableBOM[Material Category]="CAP")*TableBOM[Per 1000 Units]*(1+TableBOM[Scrap %]))*I27/1000,0)) | P27: =IF(I27="","",IFERROR(SUMPRODUCT((TableBOM[Product ID]=A27)*(TableBOM[Material Category]="CARTON")*TableBOM[Per 1000 Units]*(1+TableBOM[Scrap %]))*I27/1000,0))
A28: 9002 | B28: 901 | C28: Mablay Beauty PVT LTD. | D28: VINCE NURTURAL (Varnish) | E28: 30 | F28: 130 | G28: No | H28: 245 | J28: =IF(I28="","",IFERROR(SUMPRODUCT((TableBOM[Product ID]=A28)*(TableBOM[Material Category]="SLUG")*TableBOM[Per 1000 Units]*(1+TableBOM[Scrap %]))*I28/1000,0)) | K28: =IF(I28="","",IFERROR(SUMPRODUCT((TableBOM[Product ID]=A28)*(TableBOM[Material Category]="BASE COAT")*TableBOM[Per 1000 Units]*(1+TableBOM[Scrap %]))*I28/1000,0)) | L28: =IF(I28="","",IFERROR(SUMPRODUCT((TableBOM[Product ID]=A28)*(TableBOM[Material Category]="LACQUER")*TableBOM[Per 1000 Units]*(1+TableBOM[Scrap %]))*I28/1000,0)) | M28: =IF(I28="","",IFERROR(SUMPRODUCT((TableBOM[Product ID]=A28)*(TableBOM[Material Category]="LATEX")*TableBOM[Per 1000 Units]*(1+TableBOM[Scrap %]))*I28/1000,0)) | N28: =IF(I28="","",IFERROR(SUMPRODUCT((TableBOM[Product ID]=A28)*(TableBOM[Material Category]="ZINC")*TableBOM[Per 1000 Units]*(1+TableBOM[Scrap %]))*I28/1000,0)) | O28: =IF(I28="","",IFERROR(SUMPRODUCT((TableBOM[Product ID]=A28)*(TableBOM[Material Category]="CAP")*TableBOM[Per 1000 Units]*(1+TableBOM[Scrap %]))*I28/1000,0)) | P28: =IF(I28="","",IFERROR(SUMPRODUCT((TableBOM[Product ID]=A28)*(TableBOM[Material Category]="CARTON")*TableBOM[Per 1000 Units]*(1+TableBOM[Scrap %]))*I28/1000,0))
A29: 4050 | B29: 19 | C29: Professional Beauty Solution (PVT) LTD.Pakistan | D29: EAZICOLOR PREMIUM HAIR COLOUR 60ML | E29: 30 | F29: 130 | G29: Yes | H29: 150 | J29: =IF(I29="","",IFERROR(SUMPRODUCT((TableBOM[Product ID]=A29)*(TableBOM[Material Category]="SLUG")*TableBOM[Per 1000 Units]*(1+TableBOM[Scrap %]))*I29/1000,0)) | K29: =IF(I29="","",IFERROR(SUMPRODUCT((TableBOM[Product ID]=A29)*(TableBOM[Material Category]="BASE COAT")*TableBOM[Per 1000 Units]*(1+TableBOM[Scrap %]))*I29/1000,0)) | L29: =IF(I29="","",IFERROR(SUMPRODUCT((TableBOM[Product ID]=A29)*(TableBOM[Material Category]="LACQUER")*TableBOM[Per 1000 Units]*(1+TableBOM[Scrap %]))*I29/1000,0)) | M29: =IF(I29="","",IFERROR(SUMPRODUCT((TableBOM[Product ID]=A29)*(TableBOM[Material Category]="LATEX")*TableBOM[Per 1000 Units]*(1+TableBOM[Scrap %]))*I29/1000,0)) | N29: =IF(I29="","",IFERROR(SUMPRODUCT((TableBOM[Product ID]=A29)*(TableBOM[Material Category]="ZINC")*TableBOM[Per 1000 Units]*(1+TableBOM[Scrap %]))*I29/1000,0)) | O29: =IF(I29="","",IFERROR(SUMPRODUCT((TableBOM[Product ID]=A29)*(TableBOM[Material Category]="CAP")*TableBOM[Per 1000 Units]*(1+TableBOM[Scrap %]))*I29/1000,0)) | P29: =IF(I29="","",IFERROR(SUMPRODUCT((TableBOM[Product ID]=A29)*(TableBOM[Material Category]="CARTON")*TableBOM[Per 1000 Units]*(1+TableBOM[Scrap %]))*I29/1000,0))
A30: 6312 | B30: 157 | C30: Professional Beauty Solution (PVT) LTD.Pakistan | D30: HIBA S HAIR COLOR 60ML | E30: 30 | F30: 130 | G30: No | H30: 150 | J30: =IF(I30="","",IFERROR(SUMPRODUCT((TableBOM[Product ID]=A30)*(TableBOM[Material Category]="SLUG")*TableBOM[Per 1000 Units]*(1+TableBOM[Scrap %]))*I30/1000,0)) | K30: =IF(I30="","",IFERROR(SUMPRODUCT((TableBOM[Product ID]=A30)*(TableBOM[Material Category]="BASE COAT")*TableBOM[Per 1000 Units]*(1+TableBOM[Scrap %]))*I30/1000,0)) | L30: =IF(I30="","",IFERROR(SUMPRODUCT((TableBOM[Product ID]=A30)*(TableBOM[Material Category]="LACQUER")*TableBOM[Per 1000 Units]*(1+TableBOM[Scrap %]))*I30/1000,0)) | M30: =IF(I30="","",IFERROR(SUMPRODUCT((TableBOM[Product ID]=A30)*(TableBOM[Material Category]="LATEX")*TableBOM[Per 1000 Units]*(1+TableBOM[Scrap %]))*I30/1000,0)) | N30: =IF(I30="","",IFERROR(SUMPRODUCT((TableBOM[Product ID]=A30)*(TableBOM[Material Category]="ZINC")*TableBOM[Per 1000 Units]*(1+TableBOM[Scrap %]))*I30/1000,0)) | O30: =IF(I30="","",IFERROR(SUMPRODUCT((TableBOM[Product ID]=A30)*(TableBOM[Material Category]="CAP")*TableBOM[Per 1000 Units]*(1+TableBOM[Scrap %]))*I30/1000,0)) | P30: =IF(I30="","",IFERROR(SUMPRODUCT((TableBOM[Product ID]=A30)*(TableBOM[Material Category]="CARTON")*TableBOM[Per 1000 Units]*(1+TableBOM[Scrap %]))*I30/1000,0))
A31: 6595 | B31: 191 | C31: Seatle (Private) Limited | D31: DOWFEN GEL 50G | E31: 30 | F31: 130 | G31: Yes | H31: 245 | J31: =IF(I31="","",IFERROR(SUMPRODUCT((TableBOM[Product ID]=A31)*(TableBOM[Material Category]="SLUG")*TableBOM[Per 1000 Units]*(1+TableBOM[Scrap %]))*I31/1000,0)) | K31: =IF(I31="","",IFERROR(SUMPRODUCT((TableBOM[Product ID]=A31)*(TableBOM[Material Category]="BASE COAT")*TableBOM[Per 1000 Units]*(1+TableBOM[Scrap %]))*I31/1000,0)) | L31: =IF(I31="","",IFERROR(SUMPRODUCT((TableBOM[Product ID]=A31)*(TableBOM[Material Category]="LACQUER")*TableBOM[Per 1000 Units]*(1+TableBOM[Scrap %]))*I31/1000,0)) | M31: =IF(I31="","",IFERROR(SUMPRODUCT((TableBOM[Product ID]=A31)*(TableBOM[Material Category]="LATEX")*TableBOM[Per 1000 Units]*(1+TableBOM[Scrap %]))*I31/1000,0)) | N31: =IF(I31="","",IFERROR(SUMPRODUCT((TableBOM[Product ID]=A31)*(TableBOM[Material Category]="ZINC")*TableBOM[Per 1000 Units]*(1+TableBOM[Scrap %]))*I31/1000,0)) | O31: =IF(I31="","",IFERROR(SUMPRODUCT((TableBOM[Product ID]=A31)*(TableBOM[Material Category]="CAP")*TableBOM[Per 1000 Units]*(1+TableBOM[Scrap %]))*I31/1000,0)) | P31: =IF(I31="","",IFERROR(SUMPRODUCT((TableBOM[Product ID]=A31)*(TableBOM[Material Category]="CARTON")*TableBOM[Per 1000 Units]*(1+TableBOM[Scrap %]))*I31/1000,0))
A32: 5782 | B32: 70 | C32: Mega Grey | D32: M.G | E32: 32 | F32: 155 | G32: Yes | H32: 230 | J32: =IF(I32="","",IFERROR(SUMPRODUCT((TableBOM[Product ID]=A32)*(TableBOM[Material Category]="SLUG")*TableBOM[Per 1000 Units]*(1+TableBOM[Scrap %]))*I32/1000,0)) | K32: =IF(I32="","",IFERROR(SUMPRODUCT((TableBOM[Product ID]=A32)*(TableBOM[Material Category]="BASE COAT")*TableBOM[Per 1000 Units]*(1+TableBOM[Scrap %]))*I32/1000,0)) | L32: =IF(I32="","",IFERROR(SUMPRODUCT((TableBOM[Product ID]=A32)*(TableBOM[Material Category]="LACQUER")*TableBOM[Per 1000 Units]*(1+TableBOM[Scrap %]))*I32/1000,0)) | M32: =IF(I32="","",IFERROR(SUMPRODUCT((TableBOM[Product ID]=A32)*(TableBOM[Material Category]="LATEX")*TableBOM[Per 1000 Units]*(1+TableBOM[Scrap %]))*I32/1000,0)) | N32: =IF(I32="","",IFERROR(SUMPRODUCT((TableBOM[Product ID]=A32)*(TableBOM[Material Category]="ZINC")*TableBOM[Per 1000 Units]*(1+TableBOM[Scrap %]))*I32/1000,0)) | O32: =IF(I32="","",IFERROR(SUMPRODUCT((TableBOM[Product ID]=A32)*(TableBOM[Material Category]="CAP")*TableBOM[Per 1000 Units]*(1+TableBOM[Scrap %]))*I32/1000,0)) | P32: =IF(I32="","",IFERROR(SUMPRODUCT((TableBOM[Product ID]=A32)*(TableBOM[Material Category]="CARTON")*TableBOM[Per 1000 Units]*(1+TableBOM[Scrap %]))*I32/1000,0))
A33: 6515 | B33: 180 | C33: Hola Hair | D33: H.H 100GM | E33: 32 | F33: 180 | G33: Yes | H33: 336 | J33: =IF(I33="","",IFERROR(SUMPRODUCT((TableBOM[Product ID]=A33)*(TableBOM[Material Category]="SLUG")*TableBOM[Per 1000 Units]*(1+TableBOM[Scrap %]))*I33/1000,0)) | K33: =IF(I33="","",IFERROR(SUMPRODUCT((TableBOM[Product ID]=A33)*(TableBOM[Material Category]="BASE COAT")*TableBOM[Per 1000 Units]*(1+TableBOM[Scrap %]))*I33/1000,0)) | L33: =IF(I33="","",IFERROR(SUMPRODUCT((TableBOM[Product ID]=A33)*(TableBOM[Material Category]="LACQUER")*TableBOM[Per 1000 Units]*(1+TableBOM[Scrap %]))*I33/1000,0)) | M33: =IF(I33="","",IFERROR(SUMPRODUCT((TableBOM[Product ID]=A33)*(TableBOM[Material Category]="LATEX")*TableBOM[Per 1000 Units]*(1+TableBOM[Scrap %]))*I33/1000,0)) | N33: =IF(I33="","",IFERROR(SUMPRODUCT((TableBOM[Product ID]=A33)*(TableBOM[Material Category]="ZINC")*TableBOM[Per 1000 Units]*(1+TableBOM[Scrap %]))*I33/1000,0)) | O33: =IF(I33="","",IFERROR(SUMPRODUCT((TableBOM[Product ID]=A33)*(TableBOM[Material Category]="CAP")*TableBOM[Per 1000 Units]*(1+TableBOM[Scrap %]))*I33/1000,0)) | P33: =IF(I33="","",IFERROR(SUMPRODUCT((TableBOM[Product ID]=A33)*(TableBOM[Material Category]="CARTON")*TableBOM[Per 1000 Units]*(1+TableBOM[Scrap %]))*I33/1000,0))
A34: 6020 | B34: 130 | C34: Adore | D34: ANVIL 43 | E34: 35 | F34: 165 | G34: Yes | H34: 180 | J34: =IF(I34="","",IFERROR(SUMPRODUCT((TableBOM[Product ID]=A34)*(TableBOM[Material Category]="SLUG")*TableBOM[Per 1000 Units]*(1+TableBOM[Scrap %]))*I34/1000,0)) | K34: =IF(I34="","",IFERROR(SUMPRODUCT((TableBOM[Product ID]=A34)*(TableBOM[Material Category]="BASE COAT")*TableBOM[Per 1000 Units]*(1+TableBOM[Scrap %]))*I34/1000,0)) | L34: =IF(I34="","",IFERROR(SUMPRODUCT((TableBOM[Product ID]=A34)*(TableBOM[Material Category]="LACQUER")*TableBOM[Per 1000 Units]*(1+TableBOM[Scrap %]))*I34/1000,0)) | M34: =IF(I34="","",IFERROR(SUMPRODUCT((TableBOM[Product ID]=A34)*(TableBOM[Material Category]="LATEX")*TableBOM[Per 1000 Units]*(1+TableBOM[Scrap %]))*I34/1000,0)) | N34: =IF(I34="","",IFERROR(SUMPRODUCT((TableBOM[Product ID]=A34)*(TableBOM[Material Category]="ZINC")*TableBOM[Per 1000 Units]*(1+TableBOM[Scrap %]))*I34/1000,0)) | O34: =IF(I34="","",IFERROR(SUMPRODUCT((TableBOM[Product ID]=A34)*(TableBOM[Material Category]="CAP")*TableBOM[Per 1000 Units]*(1+TableBOM[Scrap %]))*I34/1000,0)) | P34: =IF(I34="","",IFERROR(SUMPRODUCT((TableBOM[Product ID]=A34)*(TableBOM[Material Category]="CARTON")*TableBOM[Per 1000 Units]*(1+TableBOM[Scrap %]))*I34/1000,0))
... A36: 6530 | B36: 182 | C36: Adore | D36: V- HC BROWN | E36: 35 | F36: 170 | G36: Yes | H36: 336 | J36: =IF(I36="","",IFERROR(SUMPRODUCT((TableBOM[Product ID]=A36)*(TableBOM[Material Category]="SLUG")*TableBOM[Per 1000 Units]*(1+TableBOM[Scrap %]))*I36/1000,0)) | K36: =IF(I36="","",IFERROR(SUMPRODUCT((TableBOM[Product ID]=A36)*(TableBOM[Material Category]="BASE COAT")*TableBOM[Per 1000 Units]*(1+TableBOM[Scrap %]))*I36/1000,0)) | L36: =IF(I36="","",IFERROR(SUMPRODUCT((TableBOM[Product ID]=A36)*(TableBOM[Material Category]="LACQUER")*TableBOM[Per 1000 Units]*(1+TableBOM[Scrap %]))*I36/1000,0)) | M36: =IF(I36="","",IFERROR(SUMPRODUCT((TableBOM[Product ID]=A36)*(TableBOM[Material Category]="LATEX")*TableBOM[Per 1000 Units]*(1+TableBOM[Scrap %]))*I36/1000,0)) | N36: =IF(I36="","",IFERROR(SUMPRODUCT((TableBOM[Product ID]=A36)*(TableBOM[Material Category]="ZINC")*TableBOM[Per 1000 Units]*(1+TableBOM[Scrap %]))*I36/1000,0)) | O36: =IF(I36="","",IFERROR(SUMPRODUCT((TableBOM[Product ID]=A36)*(TableBOM[Material Category]="CAP")*TableBOM[Per 1000 Units]*(1+TableBOM[Scrap %]))*I36/1000,0)) | P36: =IF(I36="","",IFERROR(SUMPRODUCT((TableBOM[Product ID]=A36)*(TableBOM[Material Category]="CARTON")*TableBOM[Per 1000 Units]*(1+TableBOM[Scrap %]))*I36/1000,0))
A37: 6531 | B37: 183 | C37: Adore | D37: V-HC BLACK | E37: 35 | F37: 170 | G37: Yes | H37: 180 | I37: 22000 | J37: =IF(I37="","",IFERROR(SUMPRODUCT((TableBOM[Product ID]=A37)*(TableBOM[Material Category]="SLUG")*TableBOM[Per 1000 Units]*(1+TableBOM[Scrap %]))*I37/1000,0)) -> 310.244 | K37: =IF(I37="","",IFERROR(SUMPRODUCT((TableBOM[Product ID]=A37)*(TableBOM[Material Category]="BASE COAT")*TableBOM[Per 1000 Units]*(1+TableBOM[Scrap %]))*I37/1000,0)) -> 18.876 | L37: =IF(I37="","",IFERROR(SUMPRODUCT((TableBOM[Product ID]=A37)*(TableBOM[Material Category]="LACQUER")*TableBOM[Per 1000 Units]*(1+TableBOM[Scrap %]))*I37/1000,0)) -> 3.872 | M37: =IF(I37="","",IFERROR(SUMPRODUCT((TableBOM[Product ID]=A37)*(TableBOM[Material Category]="LATEX")*TableBOM[Per 1000 Units]*(1+TableBOM[Scrap %]))*I37/1000,0)) -> 0 | N37: =IF(I37="","",IFERROR(SUMPRODUCT((TableBOM[Product ID]=A37)*(TableBOM[Material Category]="ZINC")*TableBOM[Per 1000 Units]*(1+TableBOM[Scrap %]))*I37/1000,0)) -> 0 | O37: =IF(I37="","",IFERROR(SUMPRODUCT((TableBOM[Product ID]=A37)*(TableBOM[Material Category]="CAP")*TableBOM[Per 1000 Units]*(1+TableBOM[Scrap %]))*I37/1000,0)) -> 22440 | P37: =IF(I37="","",IFERROR(SUMPRODUCT((TableBOM[Product ID]=A37)*(TableBOM[Material Category]="CARTON")*TableBOM[Per 1000 Units]*(1+TableBOM[Scrap %]))*I37/1000,0)) -> 146.652
A38: 8005 | B38: 805 | C38: Samsol International Private Limited | D38: PET BOTTLE SMALL (120ML) YELLOW | E38: 120 ml | F38: 0 | G38: No | H38: 0 | J38: =IF(I38="","",IFERROR(SUMPRODUCT((TableBOM[Product ID]=A38)*(TableBOM[Material Category]="SLUG")*TableBOM[Per 1000 Units]*(1+TableBOM[Scrap %]))*I38/1000,0)) | K38: =IF(I38="","",IFERROR(SUMPRODUCT((TableBOM[Product ID]=A38)*(TableBOM[Material Category]="BASE COAT")*TableBOM[Per 1000 Units]*(1+TableBOM[Scrap %]))*I38/1000,0)) | L38: =IF(I38="","",IFERROR(SUMPRODUCT((TableBOM[Product ID]=A38)*(TableBOM[Material Category]="LACQUER")*TableBOM[Per 1000 Units]*(1+TableBOM[Scrap %]))*I38/1000,0)) | M38: =IF(I38="","",IFERROR(SUMPRODUCT((TableBOM[Product ID]=A38)*(TableBOM[Material Category]="LATEX")*TableBOM[Per 1000 Units]*(1+TableBOM[Scrap %]))*I38/1000,0)) | N38: =IF(I38="","",IFERROR(SUMPRODUCT((TableBOM[Product ID]=A38)*(TableBOM[Material Category]="ZINC")*TableBOM[Per 1000 Units]*(1+TableBOM[Scrap %]))*I38/1000,0)) | O38: =IF(I38="","",IFERROR(SUMPRODUCT((TableBOM[Product ID]=A38)*(TableBOM[Material Category]="CAP")*TableBOM[Per 1000 Units]*(1+TableBOM[Scrap %]))*I38/1000,0)) | P38: =IF(I38="","",IFERROR(SUMPRODUCT((TableBOM[Product ID]=A38)*(TableBOM[Material Category]="CARTON")*TableBOM[Per 1000 Units]*(1+TableBOM[Scrap %]))*I38/1000,0))
