Workbook

Sheet Tubex_Dashboard
B2: TUBEX — August 2026 Month to Date Report
B3: Report Date: | H3: =MAX(Production_Log!$A$3:$A$8961) -> 46256
B5: TUBE | C5: =MAX(Production_Log!$A$3:$A$8961) -> 46256 | D5: TUBE — MTD | G5: TUBE — REJECT % | J5: Dispatch — MTD | M5: Press & Printing Downtime – MTD (Tubes)
B6: =SUMPRODUCT((Production_Log!$A$3:$A$8961=MAX(Production_Log!$A$3:$A$8961))*(LEFT(Production_Log!$B$3:$B$8961,5)="Print")*(ISERROR(SEARCH("(Varnish)",Production_Log!$D$3:$D$8961)))*Production_Log!$H$3:$H$8961) -> 22134 | D6: =SUMIF($B$11:$B$66,"TUBE",$H$11:$H$66) -> 266310 | G6: {=IFERROR(SUMPRODUCT((Production_Log!$F$3:$F$8961<>0)*(LEFT(Production_Log!$B$3:$B$8961,5)="Print")*(ISERROR(SEARCH("(Varnish)",Production_Log!$D$3:$D$8961)))*Production_Log!$I$3:$I$8961)/SUMPRODUCT((Production_Log!$F$3:$F$8961<>0)*(LEFT(Production_Log!$B$3:$B$8961,5)="Print")*(ISERROR(SEARCH("(Varnish)",Production_Log!$D$3:$D$8961)))*(Production_Log!$H$3:$H$8961+Production_Log!$I$3:$I$8961)),"-")} -> 0.020162626 | J6: =SUMIF($B$11:$B$66,"TUBE",$K$11:$K$66) -> 224896 | M6: Category | N6: Hours (MTD) | O6: % Share
B7: PET | C7: =MAX(Production_Log!$A$3:$A$8961) -> 46256 | D7: PET — MTD | G7: PET — REJECT % | J7: Dispatch — MTD | M7: Material Shortage | N7: =SUMPRODUCT(((LEFT(Production_Log!$B$3:$B$1063,5)="Press")+(LEFT(Production_Log!$B$3:$B$1063,5)="Print")+(LEFT(Production_Log!$B$3:$B$1063,5)="PLINE"))*Production_Log!$M$3:$M$1063)/60 -> 80.166667 | O7: =IFERROR(N7/$N$11,"") -> 0.81663837
B8: =SUMPRODUCT((Production_Log!$A$3:$A$8961=MAX(Production_Log!$A$3:$A$8961))*(Production_Log!$B$3:$B$8961="PF Machine")*Production_Log!$H$3:$H$8961) -> 0 | D8: =SUMIF($B$11:$B$66,"PET",$H$11:$H$66) -> 90735 | G8: {=IFERROR(SUMPRODUCT((Production_Log!$B$3:$B$8961="PF Machine")*Production_Log!$I$3:$I$8961)/SUMPRODUCT((Production_Log!$B$3:$B$8961="PF Machine")*(Production_Log!$H$3:$H$8961+Production_Log!$I$3:$I$8961)),0)} -> 0.068907132 | J8: =SUMIF($B$11:$B$66,"PET",$K$11:$K$66) -> 92000 | M8: Operations | N8: =SUMPRODUCT(((LEFT(Production_Log!$B$3:$B$1063,5)="Press")+(LEFT(Production_Log!$B$3:$B$1063,5)="Print")+(LEFT(Production_Log!$B$3:$B$1063,5)="PLINE"))*Production_Log!$O$3:$O$1063)/60 -> 12 | O8: =IFERROR(N8/$N$11,"") -> 0.12224109
B9: Summary of Production & Dispatch - MTD | M9: Mechanical | N9: =SUMPRODUCT(((LEFT(Production_Log!$B$3:$B$1063,5)="Press")+(LEFT(Production_Log!$B$3:$B$1063,5)="Print")+(LEFT(Production_Log!$B$3:$B$1063,5)="PLINE"))*Production_Log!$K$3:$K$1063)/60 -> 5 | O9: =IFERROR(N9/$N$11,"") -> 0.050933786
B10: Type | C10: Customer | D10: Product Name | E10: Dia | F10: Prod ID | G10: Orders | H10: MTD Produced | I10: Remaining | J10: Compliance | K10: Dispatch | L10: Remarks | M10: Changeover | N10: =SUMPRODUCT(((LEFT(Production_Log!$B$3:$B$1063,5)="Press")+(LEFT(Production_Log!$B$3:$B$1063,5)="Print")+(LEFT(Production_Log!$B$3:$B$1063,5)="PLINE"))*Production_Log!$N$3:$N$1063)/60 -> 1 | O10: =IFERROR(N10/$N$11,"") -> 0.010186757
B11: TUBE | C11: Samsol International Private Limited | D11: S-45 | E11: 25 | F11: 5389 | G11: =IFERROR(INDEX(MRP!$F$3:$F$150,MATCH(F11,MRP!$D$3:$D$150,0)),0) -> 0 | H11: =SUMPRODUCT((Production_Log!$F$3:$F$1063=F11)*((LEFT(Production_Log!$B$3:$B$1063,5)="Print")+(LEFT(Production_Log!$B$3:$B$1063,5)="PLINE"))*(ISERROR(SEARCH("(Varnish)",Production_Log!$D$3:$D$1063)))*Production_Log!$H$3:$H$1063) -> 60144 | I11: =G11-H11 -> -60144 | J11: =IF(G11=0,"-",H11/G11) -> - | L11: Produced without Orders | M11: TOTAL | N11: =SUM(N7:N10) -> 98.166667 | O11: 100%
B12: TUBE | C12: Golden Pearl Cosmetics (PVT) LTD | D12: HELLO HAIR COLOR | E12: 30 | F12: 6206 | G12: =IFERROR(INDEX(MRP!$F$3:$F$150,MATCH(F12,MRP!$D$3:$D$150,0)),0) -> 259778 | H12: =SUMPRODUCT((Production_Log!$F$3:$F$1063=F12)*((LEFT(Production_Log!$B$3:$B$1063,5)="Print")+(LEFT(Production_Log!$B$3:$B$1063,5)="PLINE"))*(ISERROR(SEARCH("(Varnish)",Production_Log!$D$3:$D$1063)))*Production_Log!$H$3:$H$1063) -> 206166 | I12: =G12-H12 -> 53612 | J12: =IF(G12=0,"-",H12/G12) -> 0.79362379 | K12: 188496
B13: TUBE | C13: Mablay Beauty PVT LTD. | D13: VINCE NURTURAL | E13: 30 | F13: 5814 | G13: =IFERROR(INDEX(MRP!$F$3:$F$150,MATCH(F13,MRP!$D$3:$D$150,0)),0) -> 25000 | H13: =SUMPRODUCT((Production_Log!$F$3:$F$1063=F13)*((LEFT(Production_Log!$B$3:$B$1063,5)="Print")+(LEFT(Production_Log!$B$3:$B$1063,5)="PLINE"))*(ISERROR(SEARCH("(Varnish)",Production_Log!$D$3:$D$1063)))*Production_Log!$H$3:$H$1063) -> 0 | I13: =G13-H13 -> 25000 | J13: =IF(G13=0,"-",H13/G13) -> 0 | M13: PF Machine Downtime – MTD (PET)
B14: TUBE | C14: Hola Hair | D14: H.H 100GM | E14: 32 | F14: 6515 | G14: =IFERROR(INDEX(MRP!$F$3:$F$150,MATCH(F14,MRP!$D$3:$D$150,0)),0) -> 0 | H14: =SUMPRODUCT((Production_Log!$F$3:$F$1063=F14)*((LEFT(Production_Log!$B$3:$B$1063,5)="Print")+(LEFT(Production_Log!$B$3:$B$1063,5)="PLINE"))*(ISERROR(SEARCH("(Varnish)",Production_Log!$D$3:$D$1063)))*Production_Log!$H$3:$H$1063) -> 0 | I14: =G14-H14 -> 0 | J14: =IF(G14=0,"-",H14/G14) -> - | K14: 36400 | M14: Category | N14: Hours (MTD) | O14: % Share
D15: TOTAL | G15: =SUM(G11:G14) -> 284778 | H15: =SUM(H11:H14) -> 266310 | I15: =SUMIF(I11:I14,">"&0) -> 78612 | K15: =SUM(K11:K14) -> 224896 | M15: Mechanical | N15: =SUMPRODUCT(((LEFT(Production_Log!$B$3:$B$1063,2)="PF")+(LEFT(Production_Log!$B$3:$B$1063,3)="PET"))*Production_Log!$K$3:$K$1063)/60 -> 154 | O15: =IFERROR(N15/$N$19,"") -> 0.7883959
B16: PET | C16: Samsol International Private Limited | D16: Samsol Yellow 120ml | E16: 120 ml | F16: 8005 | G16: =SUMIF(MRP!$D$94:$D$99,F16,MRP!$F$94:$F$99) -> 72160 | H16: =SUMPRODUCT((Production_Log!$F$3:$F$1063=F16)*Production_Log!$H$3:$H$1063) -> 0 | I16: =G16-H16 -> 72160 | J16: =IF(G16=0,"-",H16/G16) -> 0 | M16: Electrical | N16: =SUMPRODUCT(((LEFT(Production_Log!$B$3:$B$1063,2)="PF")+(LEFT(Production_Log!$B$3:$B$1063,3)="PET"))*Production_Log!$L$3:$L$1063)/60 -> 32.5 | O16: =IFERROR(N16/$N$19,"") -> 0.16638225
B17: PET | C17: Mablay Beauty PVT LTD. | D17: Mablay 130ml White | E17: 130 ml | F17: 8015 | G17: 15000 | H17: =SUMPRODUCT((Production_Log!$F$3:$F$1063=F17)*Production_Log!$H$3:$H$1063) -> 0 | I17: =G17-H17 -> 15000 | J17: =IF(G17=0,"-",H17/G17) -> 0 | M17: Operations | N17: =SUMPRODUCT(((LEFT(Production_Log!$B$3:$B$1063,2)="PF")+(LEFT(Production_Log!$B$3:$B$1063,3)="PET"))*Production_Log!$O$3:$O$1063)/60 -> 7.5 | O17: =IFERROR(N17/$N$19,"") -> 0.038395904
B18: PET | C18: Mablay Beauty PVT LTD. | D18: Mablay 130ml TRP | E18: 130 ml | F18: 8010 | G18: =IFERROR(INDEX(MRP!$F$3:$F$150,MATCH(F18,MRP!$D$3:$D$150,0)),0) -> 25000 | H18: =SUMPRODUCT((Production_Log!$F$3:$F$1063=F18)*Production_Log!$H$3:$H$1063) -> 0 | I18: =G18-H18 -> 25000 | J18: =IF(G18=0,"-",H18/G18) -> 0 | M18: Power Shutdown | N18: =SUMPRODUCT(((LEFT(Production_Log!$B$3:$B$1063,2)="PF")+(LEFT(Production_Log!$B$3:$B$1063,3)="PET"))*Production_Log!$P$3:$P$1063)/60 -> 1.3333333 | O18: =IFERROR(N18/$N$19,"") -> 0.0068259386
B19: PET | C19: Alpha Labs PVT LTD | D19: Alpha 150ml TRP | E19: 150 ml | F19: 8001 | G19: 701257 | H19: =SUMPRODUCT((Production_Log!$F$3:$F$1063=F19)*Production_Log!$H$3:$H$1063) -> 90735 | I19: =G19-H19 -> 610522 | J19: =IF(G19=0,"-",H19/G19) -> 0.12938908 | K19: 78200 | L19: 15k pieces rejected | M19: TOTAL | N19: =SUM(N15:N18) -> 195.33333 | O19: 100%
B20: PET | C20: Horizon Chem | D20: Horizon 150ml TRP | E20: 150 ml | F20: 8017 | G20: 13960 | H20: =SUMPRODUCT((Production_Log!$F$3:$F$1063=F20)*Production_Log!$H$3:$H$1063) -> 0 | I20: =G20-H20 -> 13960 | J20: =IF(G20=0,"-",H20/G20) -> 0 | K20: 13800
B21: PET | C21: Samsol International Private Limited | D21: Samsol Yellow 200ml | E21: 200 ml | F21: 8006 | G21: =IFERROR(INDEX(MRP!$F$3:$F$150,MATCH(F21,MRP!$D$3:$D$150,0)),0) -> 47000 | H21: =SUMPRODUCT((Production_Log!$F$3:$F$1063=F21)*Production_Log!$H$3:$H$1063) -> 0 | I21: =G21-H21 -> 47000 | J21: =IF(G21=0,"-",H21/G21) -> 0
D22: TOTAL | G22: =SUM(G16:G21) -> 874377 | H22: =SUM(H16:H21) -> 90735 | I22: =SUMIF(I16:I21,">"&0) -> 783642 | K22: =SUM(K16:K21) -> 92000
B23: TUBE | C23: Bahadur | D23: BAHADUR TUBE 12.5MM | E23: 12.5 | F23: 9004 | G23: =IFERROR(INDEX(MRP!$F$3:$F$150,MATCH(F23,MRP!$D$3:$D$150,0)),0) -> 0 | H23: =SUMPRODUCT((Production_Log!$F$3:$F$1063=F23)*((LEFT(Production_Log!$B$3:$B$1063,5)="Print")+(LEFT(Production_Log!$B$3:$B$1063,5)="PLINE"))*(ISERROR(SEARCH("(Varnish)",Production_Log!$D$3:$D$1063)))*Production_Log!$H$3:$H$1063) -> 0 | I23: =G23-H23 -> 0 | J23: =IF(G23=0,"-",H23/G23) -> -
B24: TUBE | C24: Brookes Pharma Private Limited | D24: ECZEMUS OINTMENT 0.03% 10G | E24: 16 | F24: 6561 | G24: =IFERROR(INDEX(MRP!$F$3:$F$150,MATCH(F24,MRP!$D$3:$D$150,0)),0) -> 0 | H24: =SUMPRODUCT((Production_Log!$F$3:$F$1063=F24)*((LEFT(Production_Log!$B$3:$B$1063,5)="Print")+(LEFT(Production_Log!$B$3:$B$1063,5)="PLINE"))*(ISERROR(SEARCH("(Varnish)",Production_Log!$D$3:$D$1063)))*Production_Log!$H$3:$H$1063) -> 0 | I24: =G24-H24 -> 0 | J24: =IF(G24=0,"-",H24/G24) -> -
B25: TUBE | C25: Samsol International Private Limited | D25: S-45 DIA 19MM | E25: 19 | F25: 6624 | G25: =IFERROR(INDEX(MRP!$F$3:$F$150,MATCH(F25,MRP!$D$3:$D$150,0)),0) -> 0 | H25: =SUMPRODUCT((Production_Log!$F$3:$F$1063=F25)*((LEFT(Production_Log!$B$3:$B$1063,5)="Print")+(LEFT(Production_Log!$B$3:$B$1063,5)="PLINE"))*(ISERROR(SEARCH("(Varnish)",Production_Log!$D$3:$D$1063)))*Production_Log!$H$3:$H$1063) -> 0 | I25: =G25-H25 -> 0 | J25: =IF(G25=0,"-",H25/G25) -> -
B26: TUBE | C26: Samsol International Private Limited | D26: S-43 DIA 19MM | E26: 19 | F26: 6623 | G26: =IFERROR(INDEX(MRP!$F$3:$F$150,MATCH(F26,MRP!$D$3:$D$150,0)),0) -> 0 | H26: =SUMPRODUCT((Production_Log!$F$3:$F$1063=F26)*((LEFT(Production_Log!$B$3:$B$1063,5)="Print")+(LEFT(Production_Log!$B$3:$B$1063,5)="PLINE"))*(ISERROR(SEARCH("(Varnish)",Production_Log!$D$3:$D$1063)))*Production_Log!$H$3:$H$1063) -> 0 | I26: =G26-H26 -> 0 | J26: =IF(G26=0,"-",H26/G26) -> -
B27: TUBE | C27: Brookes Pharma Private Limited | D27: S-43 DIA 19MM | E27: 19 | F27: 6559 | G27: =IFERROR(INDEX(MRP!$F$3:$F$150,MATCH(F27,MRP!$D$3:$D$150,0)),0) -> 0 | H27: =SUMPRODUCT((Production_Log!$F$3:$F$1063=F27)*((LEFT(Production_Log!$B$3:$B$1063,5)="Print")+(LEFT(Production_Log!$B$3:$B$1063,5)="PLINE"))*(ISERROR(SEARCH("(Varnish)",Production_Log!$D$3:$D$1063)))*Production_Log!$H$3:$H$1063) -> 0 | I27: =G27-H27 -> 0 | J27: =IF(G27=0,"-",H27/G27) -> -
B28: TUBE | C28: Brookes Pharma Private Limited | D28: PYODINE GEL 20GM | E28: 19 | F28: 1085 | G28: =IFERROR(INDEX(MRP!$F$3:$F$150,MATCH(F28,MRP!$D$3:$D$150,0)),0) -> 0 | H28: =SUMPRODUCT((Production_Log!$F$3:$F$1063=F28)*((LEFT(Production_Log!$B$3:$B$1063,5)="Print")+(LEFT(Production_Log!$B$3:$B$1063,5)="PLINE"))*(ISERROR(SEARCH("(Varnish)",Production_Log!$D$3:$D$1063)))*Production_Log!$H$3:$H$1063) -> 0 | I28: =G28-H28 -> 0 | J28: =IF(G28=0,"-",H28/G28) -> -
B29: TUBE | C29: Brookes Pharma Private Limited | D29: CONTRATUBEX GEL 20G | E29: 19 | F29: 6560 | G29: =IFERROR(INDEX(MRP!$F$3:$F$150,MATCH(F29,MRP!$D$3:$D$150,0)),0) -> 0 | H29: =SUMPRODUCT((Production_Log!$F$3:$F$1063=F29)*((LEFT(Production_Log!$B$3:$B$1063,5)="Print")+(LEFT(Production_Log!$B$3:$B$1063,5)="PLINE"))*(ISERROR(SEARCH("(Varnish)",Production_Log!$D$3:$D$1063)))*Production_Log!$H$3:$H$1063) -> 0 | I29: =G29-H29 -> 0 | J29: =IF(G29=0,"-",H29/G29) -> -
B30: TUBE | C30: Samsol International Private Limited | D30: S-43 DIA 20.5 | E30: 20.5 | F30: 5699 | G30: =IFERROR(INDEX(MRP!$F$3:$F$150,MATCH(F30,MRP!$D$3:$D$150,0)),0) -> 0 | H30: =SUMPRODUCT((Production_Log!$F$3:$F$1063=F30)*((LEFT(Production_Log!$B$3:$B$1063,5)="Print")+(LEFT(Production_Log!$B$3:$B$1063,5)="PLINE"))*(ISERROR(SEARCH("(Varnish)",Production_Log!$D$3:$D$1063)))*Production_Log!$H$3:$H$1063) -> 0 | I30: =G30-H30 -> 0 | J30: =IF(G30=0,"-",H30/G30) -> -
B31: TUBE | C31: Mablay Beauty PVT LTD. | D31: VINCE HIS ONLY BEARD & MUSTACHE COLOR CREAM | E31: 20.5 | F31: 6077 | G31: =IFERROR(INDEX(MRP!$F$3:$F$150,MATCH(F31,MRP!$D$3:$D$150,0)),0) -> 0 | H31: =SUMPRODUCT((Production_Log!$F$3:$F$1063=F31)*((LEFT(Production_Log!$B$3:$B$1063,5)="Print")+(LEFT(Production_Log!$B$3:$B$1063,5)="PLINE"))*(ISERROR(SEARCH("(Varnish)",Production_Log!$D$3:$D$1063)))*Production_Log!$H$3:$H$1063) -> 0 | I31: =G31-H31 -> 0 | J31: =IF(G31=0,"-",H31/G31) -> -
B32: TUBE | C32: Samsol International Private Limited | D32: SAMSOL HAIR COLOR 45 DIA 20.5 MM | E32: 20.5 | F32: 5731 | G32: =IFERROR(INDEX(MRP!$F$3:$F$150,MATCH(F32,MRP!$D$3:$D$150,0)),0) -> 0 | H32: =SUMPRODUCT((Production_Log!$F$3:$F$1063=F32)*((LEFT(Production_Log!$B$3:$B$1063,5)="Print")+(LEFT(Production_Log!$B$3:$B$1063,5)="PLINE"))*(ISERROR(SEARCH("(Varnish)",Production_Log!$D$3:$D$1063)))*Production_Log!$H$3:$H$1063) -> 0 | I32: =G32-H32 -> 0 | J32: =IF(G32=0,"-",H32/G32) -> -
B33: TUBE | C33: Samsol International Private Limited | D33: S-45 DIA 20.5 | E33: 20.5 | F33: 5698 | G33: =IFERROR(INDEX(MRP!$F$3:$F$150,MATCH(F33,MRP!$D$3:$D$150,0)),0) -> 0 | H33: =SUMPRODUCT((Production_Log!$F$3:$F$1063=F33)*((LEFT(Production_Log!$B$3:$B$1063,5)="Print")+(LEFT(Production_Log!$B$3:$B$1063,5)="PLINE"))*(ISERROR(SEARCH("(Varnish)",Production_Log!$D$3:$D$1063)))*Production_Log!$H$3:$H$1063) -> 0 | I33: =G33-H33 -> 0 | J33: =IF(G33=0,"-",H33/G33) -> -
B34: TUBE | C34: Samsol International Private Limited | D34: SAMSOL HAIR COLOR 43 DIA 20.5 MM | E34: 20.5 | F34: 5732 | G34: =IFERROR(INDEX(MRP!$F$3:$F$150,MATCH(F34,MRP!$D$3:$D$150,0)),0) -> 0 | H34: =SUMPRODUCT((Production_Log!$F$3:$F$1063=F34)*((LEFT(Production_Log!$B$3:$B$1063,5)="Print")+(LEFT(Production_Log!$B$3:$B$1063,5)="PLINE"))*(ISERROR(SEARCH("(Varnish)",Production_Log!$D$3:$D$1063)))*Production_Log!$H$3:$H$1063) -> 0 | I34: =G34-H34 -> 0 | J34: =IF(G34=0,"-",H34/G34) -> -
... B58: TUBE | C58: Adore | D58: ANVIL 45 | E58: 35 | F58: 6021 | G58: =IFERROR(INDEX(MRP!$F$3:$F$150,MATCH(F58,MRP!$D$3:$D$150,0)),0) -> 0 | H58: =SUMPRODUCT((Production_Log!$F$3:$F$1063=F58)*((LEFT(Production_Log!$B$3:$B$1063,5)="Print")+(LEFT(Production_Log!$B$3:$B$1063,5)="PLINE"))*(ISERROR(SEARCH("(Varnish)",Production_Log!$D$3:$D$1063)))*Production_Log!$H$3:$H$1063) -> 0 | I58: =G58-H58 -> 0 | J58: =IF(G58=0,"-",H58/G58) -> -
B59: PET | C59: Samsol International Private Limited | D59: Samsol Black 120ml | E59: 120 ml | F59: 8011 | G59: =IFERROR(INDEX(MRP!$F$3:$F$150,MATCH(F59,MRP!$D$3:$D$150,0)),0) -> 0 | H59: =SUMPRODUCT((Production_Log!$F$3:$F$1063=F59)*Production_Log!$H$3:$H$1063) -> 0 | I59: =G59-H59 -> 0 | J59: =IF(G59=0,"-",H59/G59) -> -
B60: PET | C60: Samsol International Private Limited | D60: Samsol White 120ml | E60: 120 ml | F60: 8012 | G60: =IFERROR(INDEX(MRP!$F$3:$F$150,MATCH(F60,MRP!$D$3:$D$150,0)),0) -> 0 | H60: =SUMPRODUCT((Production_Log!$F$3:$F$1063=F60)*Production_Log!$H$3:$H$1063) -> 0 | I60: =G60-H60 -> 0 | J60: =IF(G60=0,"-",H60/G60) -> -
B61: PET | C61: Samsol International Private Limited | D61: Samsol White 200ml | E61: 200 ml | F61: 8007 | G61: =IFERROR(INDEX(MRP!$F$3:$F$150,MATCH(F61,MRP!$D$3:$D$150,0)),0) -> 0 | H61: =SUMPRODUCT((Production_Log!$F$3:$F$1063=F61)*Production_Log!$H$3:$H$1063) -> 0 | I61: =G61-H61 -> 0 | J61: =IF(G61=0,"-",H61/G61) -> -
B62: PET | C62: Samsol International Private Limited | D62: Samsol Mustard Oil 200ml TRP | E62: 200 ml | F62: 8014 | G62: =IFERROR(INDEX(MRP!$F$3:$F$150,MATCH(F62,MRP!$D$3:$D$150,0)),0) -> 0 | H62: =SUMPRODUCT((Production_Log!$F$3:$F$1063=F62)*Production_Log!$H$3:$H$1063) -> 0 | I62: =G62-H62 -> 0 | J62: =IF(G62=0,"-",H62/G62) -> -
B63: PET | C63: Samsol International Private Limited | D63: Samsol Coconut Oil 200ml White | E63: 200 ml | F63: 8016 | G63: =IFERROR(INDEX(MRP!$F$3:$F$150,MATCH(F63,MRP!$D$3:$D$150,0)),0) -> 0 | H63: =SUMPRODUCT((Production_Log!$F$3:$F$1063=F63)*Production_Log!$H$3:$H$1063) -> 0 | I63: =G63-H63 -> 0 | J63: =IF(G63=0,"-",H63/G63) -> -
B64: PET | C64: Samsol International Private Limited | D64: Samsol Black 200ml | E64: 200 ml | F64: 8008 | G64: =IFERROR(INDEX(MRP!$F$3:$F$150,MATCH(F64,MRP!$D$3:$D$150,0)),0) -> 0 | H64: =SUMPRODUCT((Production_Log!$F$3:$F$1063=F64)*Production_Log!$H$3:$H$1063) -> 0 | I64: =G64-H64 -> 0 | J64: =IF(G64=0,"-",H64/G64) -> -
B65: PET | C65: Mablay Beauty PVT LTD. | D65: Mablay 300ml TRP | E65: 300 ml | F65: 8009 | G65: =IFERROR(INDEX(MRP!$F$3:$F$150,MATCH(F65,MRP!$D$3:$D$150,0)),0) -> 0 | H65: =SUMPRODUCT((Production_Log!$F$3:$F$1063=F65)*Production_Log!$H$3:$H$1063) -> 0 | I65: =G65-H65 -> 0 | J65: =IF(G65=0,"-",H65/G65) -> -
B66: PET | C66: Mablay Beauty PVT LTD. | D66: Mablay 500ml Jar TRP | E66: 500 ml | F66: 8013 | G66: =IFERROR(INDEX(MRP!$F$3:$F$150,MATCH(F66,MRP!$D$3:$D$150,0)),0) -> 0 | H66: =SUMPRODUCT((Production_Log!$F$3:$F$1063=F66)*Production_Log!$H$3:$H$1063) -> 0 | I66: =G66-H66 -> 0 | J66: =IF(G66=0,"-",H66/G66) -> -

Sheet MRP
A1: AUGUST 2026 Tube Required Orders | G1: Date: | H1: =TODAY() -> 46258
A2: Dia | B2: Customer | C2: Product Name | D2: Product ID | E2: Job Order # | F2: Required Qty | G2: Produced | H2: Remaining Balance | I2: Remarks
A3: 30 | B3: Golden Pearl Cosmetics (PVT) LTD | C3: HELLO HAIR COLOR | D3: 6206 | E3: 6900 | F3: 259778 | G3: =INDEX(Tubex_Dashboard!$H$11:$H$100,MATCH(MRP!D3,Tubex_Dashboard!$F$11:$F$100,0)) -> 206166 | H3: =F3-G3 -> 53612 | I3: Cap Shortage
A4: 30 | B4: Mablay Beauty PVT LTD. | C4: VINCE NURTURAL | D4: 5814 | E4: 6901 | F4: 25000 | G4: =INDEX(Tubex_Dashboard!$H$11:$H$100,MATCH(MRP!D4,Tubex_Dashboard!$F$11:$F$100,0)) -> 0 | H4: =F4-G4 -> 25000 | I4: Cap Shortage
E5: TOTAL: | F5: =SUM(F3:F4) -> 284778 | G5: =SUM(G3:G4) -> 206166 | H5: =SUMIF(H3:H4, ">0") -> 78612
A6: JULY TUBES MATERIAL REQUIREMENT PLAN
A7: Item ID | B7: Category | C7: Item Name | D7: UOM | E7: Required Qty | F7: Current Stock (Store + WIP) | G7: Surplus / (Deficit) | H7: Current Stock Pieces Can Produce | I7: Status | J7: Product Name(s)
A8: 33 | B8: SLUG | C8: 12.5X4.5X4.8 | D8: kg | E8: =SUMPRODUCT((TableBOM[Item ID]=A8)*TableBOM[Per 1000 Units]*(1+TableBOM[Scrap %])*SUMIF($D$3:$D$4,TableBOM[Product ID],$H$3:$H$4)/1000) -> 0 | F8: =IFERROR(INDEX(TableInventory[Store Balance],MATCH(A8,TableInventory[Item ID],0)),0)+IFERROR(INDEX(TableInventory[Work In Process],MATCH(A8,TableInventory[Item ID],0)),0) -> 0 | G8: =F8-E8 -> 0 | H8: =IFERROR(IF(SUMPRODUCT((TableBOM[Item ID]=A8)*((TableBOM[Product ID]=$D$3)*($H$3>0)+(TableBOM[Product ID]=$D$4)*($H$4>0)))=0,"-",ROUND(F8/((SUMPRODUCT((TableBOM[Item ID]=A8)*TableBOM[Per 1000 Units]*((TableBOM[Product ID]=$D$3)*($H$3>0)+(TableBOM[Product ID]=$D$4)*($H$4>0)))/SUMPRODUCT((TableBOM[Item ID]=A8)*((TableBOM[Product ID]=$D$3)*($H$3>0)+(TableBOM[Product ID]=$D$4)*($H$4>0))))/1000),0)),"-") -> - | I8: =IF(E8=0,"Not needed",IF(G8<0,"SHORTAGE",IF(G8<F8*0.1,"LOW","OK"))) -> Not needed | J8: =IF(LEN(IF((COUNTIFS(TableBOM[Product ID],$D$3,TableBOM[Item ID],$A8)>0)*($H$3>0),$C$3&", ","") & IF((COUNTIFS(TableBOM[Product ID],$D$4,TableBOM[Item ID],$A8)>0)*($H$4>0),$C$4&", ",""))>1,LEFT(IF((COUNTIFS(TableBOM[Product ID],$D$3,TableBOM[Item ID],$A8)>0)*($H$3>0),$C$3&", ","") & IF((COUNTIFS(TableBOM[Product ID],$D$4,TableBOM[Item ID],$A8)>0)*($H$4>0),$C$4&", ",""),LEN(IF((COUNTIFS(TableBOM[Product ID],$D$3,TableBOM[Item ID],$A8)>0)*($H$3>0),$C$3&", ","") & IF((COUNTIFS(TableBOM[Product ID],$D$4,TableBOM[Item ID],$A8)>0)*($H$4>0),$C$4&", ",""))-2),"")
A9: 31 | B9: SLUG | C9: 13.5X4.2 | D9: kg | E9: =SUMPRODUCT((TableBOM[Item ID]=A9)*TableBOM[Per 1000 Units]*(1+TableBOM[Scrap %])*SUMIF($D$3:$D$4,TableBOM[Product ID],$H$3:$H$4)/1000) -> 0 | F9: =IFERROR(INDEX(TableInventory[Store Balance],MATCH(A9,TableInventory[Item ID],0)),0)+IFERROR(INDEX(TableInventory[Work In Process],MATCH(A9,TableInventory[Item ID],0)),0) -> 71.5 | G9: =F9-E9 -> 71.5 | H9: =IFERROR(IF(SUMPRODUCT((TableBOM[Item ID]=A9)*((TableBOM[Product ID]=$D$3)*($H$3>0)+(TableBOM[Product ID]=$D$4)*($H$4>0)))=0,"-",ROUND(F9/((SUMPRODUCT((TableBOM[Item ID]=A9)*TableBOM[Per 1000 Units]*((TableBOM[Product ID]=$D$3)*($H$3>0)+(TableBOM[Product ID]=$D$4)*($H$4>0)))/SUMPRODUCT((TableBOM[Item ID]=A9)*((TableBOM[Product ID]=$D$3)*($H$3>0)+(TableBOM[Product ID]=$D$4)*($H$4>0))))/1000),0)),"-") -> - | I9: =IF(E9=0,"Not needed",IF(G9<0,"SHORTAGE",IF(G9<F9*0.1,"LOW","OK"))) -> Not needed | J9: =IF(LEN(IF((COUNTIFS(TableBOM[Product ID],$D$3,TableBOM[Item ID],$A9)>0)*($H$3>0),$C$3&", ","") & IF((COUNTIFS(TableBOM[Product ID],$D$4,TableBOM[Item ID],$A9)>0)*($H$4>0),$C$4&", ",""))>1,LEFT(IF((COUNTIFS(TableBOM[Product ID],$D$3,TableBOM[Item ID],$A9)>0)*($H$3>0),$C$3&", ","") & IF((COUNTIFS(TableBOM[Product ID],$D$4,TableBOM[Item ID],$A9)>0)*($H$4>0),$C$4&", ",""),LEN(IF((COUNTIFS(TableBOM[Product ID],$D$3,TableBOM[Item ID],$A9)>0)*($H$3>0),$C$3&", ","") & IF((COUNTIFS(TableBOM[Product ID],$D$4,TableBOM[Item ID],$A9)>0)*($H$4>0),$C$4&", ",""))-2),"")
A10: 2799 | B10: SLUG | C10: 16x4.5 | D10: kg | E10: =SUMPRODUCT((TableBOM[Item ID]=A10)*TableBOM[Per 1000 Units]*(1+TableBOM[Scrap %])*SUMIF($D$3:$D$4,TableBOM[Product ID],$H$3:$H$4)/1000) -> 0 | F10: =IFERROR(INDEX(TableInventory[Store Balance],MATCH(A10,TableInventory[Item ID],0)),0)+IFERROR(INDEX(TableInventory[Work In Process],MATCH(A10,TableInventory[Item ID],0)),0) -> 88 | G10: =F10-E10 -> 88 | H10: =IFERROR(IF(SUMPRODUCT((TableBOM[Item ID]=A10)*((TableBOM[Product ID]=$D$3)*($H$3>0)+(TableBOM[Product ID]=$D$4)*($H$4>0)))=0,"-",ROUND(F10/((SUMPRODUCT((TableBOM[Item ID]=A10)*TableBOM[Per 1000 Units]*((TableBOM[Product ID]=$D$3)*($H$3>0)+(TableBOM[Product ID]=$D$4)*($H$4>0)))/SUMPRODUCT((TableBOM[Item ID]=A10)*((TableBOM[Product ID]=$D$3)*($H$3>0)+(TableBOM[Product ID]=$D$4)*($H$4>0))))/1000),0)),"-") -> - | I10: =IF(E10=0,"Not needed",IF(G10<0,"SHORTAGE",IF(G10<F10*0.1,"LOW","OK"))) -> Not needed | J10: =IF(LEN(IF((COUNTIFS(TableBOM[Product ID],$D$3,TableBOM[Item ID],$A10)>0)*($H$3>0),$C$3&", ","") & IF((COUNTIFS(TableBOM[Product ID],$D$4,TableBOM[Item ID],$A10)>0)*($H$4>0),$C$4&", ",""))>1,LEFT(IF((COUNTIFS(TableBOM[Product ID],$D$3,TableBOM[Item ID],$A10)>0)*($H$3>0),$C$3&", ","") & IF((COUNTIFS(TableBOM[Product ID],$D$4,TableBOM[Item ID],$A10)>0)*($H$4>0),$C$4&", ",""),LEN(IF((COUNTIFS(TableBOM[Product ID],$D$3,TableBOM[Item ID],$A10)>0)*($H$3>0),$C$3&", ","") & IF((COUNTIFS(TableBOM[Product ID],$D$4,TableBOM[Item ID],$A10)>0)*($H$4>0),$C$4&", ",""))-2),"")
A11: 25 | B11: SLUG | C11: 16X4.8 S/M | D11: kg | E11: =SUMPRODUCT((TableBOM[Item ID]=A11)*TableBOM[Per 1000 Units]*(1+TableBOM[Scrap %])*SUMIF($D$3:$D$4,TableBOM[Product ID],$H$3:$H$4)/1000) -> 0 | F11: =IFERROR(INDEX(TableInventory[Store Balance],MATCH(A11,TableInventory[Item ID],0)),0)+IFERROR(INDEX(TableInventory[Work In Process],MATCH(A11,TableInventory[Item ID],0)),0) -> 0 | G11: =F11-E11 -> 0 | H11: =IFERROR(IF(SUMPRODUCT((TableBOM[Item ID]=A11)*((TableBOM[Product ID]=$D$3)*($H$3>0)+(TableBOM[Product ID]=$D$4)*($H$4>0)))=0,"-",ROUND(F11/((SUMPRODUCT((TableBOM[Item ID]=A11)*TableBOM[Per 1000 Units]*((TableBOM[Product ID]=$D$3)*($H$3>0)+(TableBOM[Product ID]=$D$4)*($H$4>0)))/SUMPRODUCT((TableBOM[Item ID]=A11)*((TableBOM[Product ID]=$D$3)*($H$3>0)+(TableBOM[Product ID]=$D$4)*($H$4>0))))/1000),0)),"-") -> - | I11: =IF(E11=0,"Not needed",IF(G11<0,"SHORTAGE",IF(G11<F11*0.1,"LOW","OK"))) -> Not needed | J11: =IF(LEN(IF((COUNTIFS(TableBOM[Product ID],$D$3,TableBOM[Item ID],$A11)>0)*($H$3>0),$C$3&", ","") & IF((COUNTIFS(TableBOM[Product ID],$D$4,TableBOM[Item ID],$A11)>0)*($H$4>0),$C$4&", ",""))>1,LEFT(IF((COUNTIFS(TableBOM[Product ID],$D$3,TableBOM[Item ID],$A11)>0)*($H$3>0),$C$3&", ","") & IF((COUNTIFS(TableBOM[Product ID],$D$4,TableBOM[Item ID],$A11)>0)*($H$4>0),$C$4&", ",""),LEN(IF((COUNTIFS(TableBOM[Product ID],$D$3,TableBOM[Item ID],$A11)>0)*($H$3>0),$C$3&", ","") & IF((COUNTIFS(TableBOM[Product ID],$D$4,TableBOM[Item ID],$A11)>0)*($H$4>0),$C$4&", ",""))-2),"")
A12: 22 | B12: SLUG | C12: 19X4.2 | D12: kg | E12: =SUMPRODUCT((TableBOM[Item ID]=A12)*TableBOM[Per 1000 Units]*(1+TableBOM[Scrap %])*SUMIF($D$3:$D$4,TableBOM[Product ID],$H$3:$H$4)/1000) -> 0 | F12: =IFERROR(INDEX(TableInventory[Store Balance],MATCH(A12,TableInventory[Item ID],0)),0)+IFERROR(INDEX(TableInventory[Work In Process],MATCH(A12,TableInventory[Item ID],0)),0) -> 0 | G12: =F12-E12 -> 0 | H12: =IFERROR(IF(SUMPRODUCT((TableBOM[Item ID]=A12)*((TableBOM[Product ID]=$D$3)*($H$3>0)+(TableBOM[Product ID]=$D$4)*($H$4>0)))=0,"-",ROUND(F12/((SUMPRODUCT((TableBOM[Item ID]=A12)*TableBOM[Per 1000 Units]*((TableBOM[Product ID]=$D$3)*($H$3>0)+(TableBOM[Product ID]=$D$4)*($H$4>0)))/SUMPRODUCT((TableBOM[Item ID]=A12)*((TableBOM[Product ID]=$D$3)*($H$3>0)+(TableBOM[Product ID]=$D$4)*($H$4>0))))/1000),0)),"-") -> - | I12: =IF(E12=0,"Not needed",IF(G12<0,"SHORTAGE",IF(G12<F12*0.1,"LOW","OK"))) -> Not needed | J12: =IF(LEN(IF((COUNTIFS(TableBOM[Product ID],$D$3,TableBOM[Item ID],$A12)>0)*($H$3>0),$C$3&", ","") & IF((COUNTIFS(TableBOM[Product ID],$D$4,TableBOM[Item ID],$A12)>0)*($H$4>0),$C$4&", ",""))>1,LEFT(IF((COUNTIFS(TableBOM[Product ID],$D$3,TableBOM[Item ID],$A12)>0)*($H$3>0),$C$3&", ","") & IF((COUNTIFS(TableBOM[Product ID],$D$4,TableBOM[Item ID],$A12)>0)*($H$4>0),$C$4&", ",""),LEN(IF((COUNTIFS(TableBOM[Product ID],$D$3,TableBOM[Item ID],$A12)>0)*($H$3>0),$C$3&", ","") & IF((COUNTIFS(TableBOM[Product ID],$D$4,TableBOM[Item ID],$A12)>0)*($H$4>0),$C$4&", ",""))-2),"")
A13: 19 | B13: SLUG | C13: 19X4.5 S/M | D13: kg | E13: =SUMPRODUCT((TableBOM[Item ID]=A13)*TableBOM[Per 1000 Units]*(1+TableBOM[Scrap %])*SUMIF($D$3:$D$4,TableBOM[Product ID],$H$3:$H$4)/1000) -> 0 | F13: =IFERROR(INDEX(TableInventory[Store Balance],MATCH(A13,TableInventory[Item ID],0)),0)+IFERROR(INDEX(TableInventory[Work In Process],MATCH(A13,TableInventory[Item ID],0)),0) -> 425 | G13: =F13-E13 -> 425 | H13: =IFERROR(IF(SUMPRODUCT((TableBOM[Item ID]=A13)*((TableBOM[Product ID]=$D$3)*($H$3>0)+(TableBOM[Product ID]=$D$4)*($H$4>0)))=0,"-",ROUND(F13/((SUMPRODUCT((TableBOM[Item ID]=A13)*TableBOM[Per 1000 Units]*((TableBOM[Product ID]=$D$3)*($H$3>0)+(TableBOM[Product ID]=$D$4)*($H$4>0)))/SUMPRODUCT((TableBOM[Item ID]=A13)*((TableBOM[Product ID]=$D$3)*($H$3>0)+(TableBOM[Product ID]=$D$4)*($H$4>0))))/1000),0)),"-") -> - | I13: =IF(E13=0,"Not needed",IF(G13<0,"SHORTAGE",IF(G13<F13*0.1,"LOW","OK"))) -> Not needed | J13: =IF(LEN(IF((COUNTIFS(TableBOM[Product ID],$D$3,TableBOM[Item ID],$A13)>0)*($H$3>0),$C$3&", ","") & IF((COUNTIFS(TableBOM[Product ID],$D$4,TableBOM[Item ID],$A13)>0)*($H$4>0),$C$4&", ",""))>1,LEFT(IF((COUNTIFS(TableBOM[Product ID],$D$3,TableBOM[Item ID],$A13)>0)*($H$3>0),$C$3&", ","") & IF((COUNTIFS(TableBOM[Product ID],$D$4,TableBOM[Item ID],$A13)>0)*($H$4>0),$C$4&", ",""),LEN(IF((COUNTIFS(TableBOM[Product ID],$D$3,TableBOM[Item ID],$A13)>0)*($H$3>0),$C$3&", ","") & IF((COUNTIFS(TableBOM[Product ID],$D$4,TableBOM[Item ID],$A13)>0)*($H$4>0),$C$4&", ",""))-2),"")
A14: 4179 | B14: SLUG | C14: 20.5x4.5 | D14: kg | E14: =SUMPRODUCT((TableBOM[Item ID]=A14)*TableBOM[Per 1000 Units]*(1+TableBOM[Scrap %])*SUMIF($D$3:$D$4,TableBOM[Product ID],$H$3:$H$4)/1000) -> 0 | F14: =IFERROR(INDEX(TableInventory[Store Balance],MATCH(A14,TableInventory[Item ID],0)),0)+IFERROR(INDEX(TableInventory[Work In Process],MATCH(A14,TableInventory[Item ID],0)),0) -> 132 | G14: =F14-E14 -> 132 | H14: =IFERROR(IF(SUMPRODUCT((TableBOM[Item ID]=A14)*((TableBOM[Product ID]=$D$3)*($H$3>0)+(TableBOM[Product ID]=$D$4)*($H$4>0)))=0,"-",ROUND(F14/((SUMPRODUCT((TableBOM[Item ID]=A14)*TableBOM[Per 1000 Units]*((TableBOM[Product ID]=$D$3)*($H$3>0)+(TableBOM[Product ID]=$D$4)*($H$4>0)))/SUMPRODUCT((TableBOM[Item ID]=A14)*((TableBOM[Product ID]=$D$3)*($H$3>0)+(TableBOM[Product ID]=$D$4)*($H$4>0))))/1000),0)),"-") -> - | I14: =IF(E14=0,"Not needed",IF(G14<0,"SHORTAGE",IF(G14<F14*0.1,"LOW","OK"))) -> Not needed | J14: =IF(LEN(IF((COUNTIFS(TableBOM[Product ID],$D$3,TableBOM[Item ID],$A14)>0)*($H$3>0),$C$3&", ","") & IF((COUNTIFS(TableBOM[Product ID],$D$4,TableBOM[Item ID],$A14)>0)*($H$4>0),$C$4&", ",""))>1,LEFT(IF((COUNTIFS(TableBOM[Product ID],$D$3,TableBOM[Item ID],$A14)>0)*($H$3>0),$C$3&", ","") & IF((COUNTIFS(TableBOM[Product ID],$D$4,TableBOM[Item ID],$A14)>0)*($H$4>0),$C$4&", ",""),LEN(IF((COUNTIFS(TableBOM[Product ID],$D$3,TableBOM[Item ID],$A14)>0)*($H$3>0),$C$3&", ","") & IF((COUNTIFS(TableBOM[Product ID],$D$4,TableBOM[Item ID],$A14)>0)*($H$4>0),$C$4&", ",""))-2),"")
A15: 6 | B15: SLUG | C15: 25X4.5 S/M | D15: kg | E15: =SUMPRODUCT((TableBOM[Item ID]=A15)*TableBOM[Per 1000 Units]*(1+TableBOM[Scrap %])*SUMIF($D$3:$D$4,TableBOM[Product ID],$H$3:$H$4)/1000) -> 0 | F15: =IFERROR(INDEX(TableInventory[Store Balance],MATCH(A15,TableInventory[Item ID],0)),0)+IFERROR(INDEX(TableInventory[Work In Process],MATCH(A15,TableInventory[Item ID],0)),0) -> 25 | G15: =F15-E15 -> 25 | H15: =IFERROR(IF(SUMPRODUCT((TableBOM[Item ID]=A15)*((TableBOM[Product ID]=$D$3)*($H$3>0)+(TableBOM[Product ID]=$D$4)*($H$4>0)))=0,"-",ROUND(F15/((SUMPRODUCT((TableBOM[Item ID]=A15)*TableBOM[Per 1000 Units]*((TableBOM[Product ID]=$D$3)*($H$3>0)+(TableBOM[Product ID]=$D$4)*($H$4>0)))/SUMPRODUCT((TableBOM[Item ID]=A15)*((TableBOM[Product ID]=$D$3)*($H$3>0)+(TableBOM[Product ID]=$D$4)*($H$4>0))))/1000),0)),"-") -> - | I15: =IF(E15=0,"Not needed",IF(G15<0,"SHORTAGE",IF(G15<F15*0.1,"LOW","OK"))) -> Not needed | J15: =IF(LEN(IF((COUNTIFS(TableBOM[Product ID],$D$3,TableBOM[Item ID],$A15)>0)*($H$3>0),$C$3&", ","") & IF((COUNTIFS(TableBOM[Product ID],$D$4,TableBOM[Item ID],$A15)>0)*($H$4>0),$C$4&", ",""))>1,LEFT(IF((COUNTIFS(TableBOM[Product ID],$D$3,TableBOM[Item ID],$A15)>0)*($H$3>0),$C$3&", ","") & IF((COUNTIFS(TableBOM[Product ID],$D$4,TableBOM[Item ID],$A15)>0)*($H$4>0),$C$4&", ",""),LEN(IF((COUNTIFS(TableBOM[Product ID],$D$3,TableBOM[Item ID],$A15)>0)*($H$3>0),$C$3&", ","") & IF((COUNTIFS(TableBOM[Product ID],$D$4,TableBOM[Item ID],$A15)>0)*($H$4>0),$C$4&", ",""))-2),"")
A16: 10 | B16: SLUG | C16: 25X4.8 S/M | D16: kg | E16: =SUMPRODUCT((TableBOM[Item ID]=A16)*TableBOM[Per 1000 Units]*(1+TableBOM[Scrap %])*SUMIF($D$3:$D$4,TableBOM[Product ID],$H$3:$H$4)/1000) -> 0 | F16: =IFERROR(INDEX(TableInventory[Store Balance],MATCH(A16,TableInventory[Item ID],0)),0)+IFERROR(INDEX(TableInventory[Work In Process],MATCH(A16,TableInventory[Item ID],0)),0) -> 0 | G16: =F16-E16 -> 0 | H16: =IFERROR(IF(SUMPRODUCT((TableBOM[Item ID]=A16)*((TableBOM[Product ID]=$D$3)*($H$3>0)+(TableBOM[Product ID]=$D$4)*($H$4>0)))=0,"-",ROUND(F16/((SUMPRODUCT((TableBOM[Item ID]=A16)*TableBOM[Per 1000 Units]*((TableBOM[Product ID]=$D$3)*($H$3>0)+(TableBOM[Product ID]=$D$4)*($H$4>0)))/SUMPRODUCT((TableBOM[Item ID]=A16)*((TableBOM[Product ID]=$D$3)*($H$3>0)+(TableBOM[Product ID]=$D$4)*($H$4>0))))/1000),0)),"-") -> - | I16: =IF(E16=0,"Not needed",IF(G16<0,"SHORTAGE",IF(G16<F16*0.1,"LOW","OK"))) -> Not needed | J16: =IF(LEN(IF((COUNTIFS(TableBOM[Product ID],$D$3,TableBOM[Item ID],$A16)>0)*($H$3>0),$C$3&", ","") & IF((COUNTIFS(TableBOM[Product ID],$D$4,TableBOM[Item ID],$A16)>0)*($H$4>0),$C$4&", ",""))>1,LEFT(IF((COUNTIFS(TableBOM[Product ID],$D$3,TableBOM[Item ID],$A16)>0)*($H$3>0),$C$3&", ","") & IF((COUNTIFS(TableBOM[Product ID],$D$4,TableBOM[Item ID],$A16)>0)*($H$4>0),$C$4&", ",""),LEN(IF((COUNTIFS(TableBOM[Product ID],$D$3,TableBOM[Item ID],$A16)>0)*($H$3>0),$C$3&", ","") & IF((COUNTIFS(TableBOM[Product ID],$D$4,TableBOM[Item ID],$A16)>0)*($H$4>0),$C$4&", ",""))-2),"")
A17: 2 | B17: SLUG | C17: 30X4.3 | D17: kg | E17: =SUMPRODUCT((TableBOM[Item ID]=A17)*TableBOM[Per 1000 Units]*(1+TableBOM[Scrap %])*SUMIF($D$3:$D$4,TableBOM[Product ID],$H$3:$H$4)/1000) -> 0 | F17: =IFERROR(INDEX(TableInventory[Store Balance],MATCH(A17,TableInventory[Item ID],0)),0)+IFERROR(INDEX(TableInventory[Work In Process],MATCH(A17,TableInventory[Item ID],0)),0) -> 0 | G17: =F17-E17 -> 0 | H17: =IFERROR(IF(SUMPRODUCT((TableBOM[Item ID]=A17)*((TableBOM[Product ID]=$D$3)*($H$3>0)+(TableBOM[Product ID]=$D$4)*($H$4>0)))=0,"-",ROUND(F17/((SUMPRODUCT((TableBOM[Item ID]=A17)*TableBOM[Per 1000 Units]*((TableBOM[Product ID]=$D$3)*($H$3>0)+(TableBOM[Product ID]=$D$4)*($H$4>0)))/SUMPRODUCT((TableBOM[Item ID]=A17)*((TableBOM[Product ID]=$D$3)*($H$3>0)+(TableBOM[Product ID]=$D$4)*($H$4>0))))/1000),0)),"-") -> - | I17: =IF(E17=0,"Not needed",IF(G17<0,"SHORTAGE",IF(G17<F17*0.1,"LOW","OK"))) -> Not needed | J17: =IF(LEN(IF((COUNTIFS(TableBOM[Product ID],$D$3,TableBOM[Item ID],$A17)>0)*($H$3>0),$C$3&", ","") & IF((COUNTIFS(TableBOM[Product ID],$D$4,TableBOM[Item ID],$A17)>0)*($H$4>0),$C$4&", ",""))>1,LEFT(IF((COUNTIFS(TableBOM[Product ID],$D$3,TableBOM[Item ID],$A17)>0)*($H$3>0),$C$3&", ","") & IF((COUNTIFS(TableBOM[Product ID],$D$4,TableBOM[Item ID],$A17)>0)*($H$4>0),$C$4&", ",""),LEN(IF((COUNTIFS(TableBOM[Product ID],$D$3,TableBOM[Item ID],$A17)>0)*($H$3>0),$C$3&", ","") & IF((COUNTIFS(TableBOM[Product ID],$D$4,TableBOM[Item ID],$A17)>0)*($H$4>0),$C$4&", ",""))-2),"")
A18: 406 | B18: SLUG | C18: 30X4.5 S/M | D18: kg | E18: =SUMPRODUCT((TableBOM[Item ID]=A18)*TableBOM[Per 1000 Units]*(1+TableBOM[Scrap %])*SUMIF($D$3:$D$4,TableBOM[Product ID],$H$3:$H$4)/1000) -> 691.7856 | F18: =IFERROR(INDEX(TableInventory[Store Balance],MATCH(A18,TableInventory[Item ID],0)),0)+IFERROR(INDEX(TableInventory[Work In Process],MATCH(A18,TableInventory[Item ID],0)),0) -> 105 | G18: =F18-E18 -> -586.7856 | H18: =IFERROR(IF(SUMPRODUCT((TableBOM[Item ID]=A18)*((TableBOM[Product ID]=$D$3)*($H$3>0)+(TableBOM[Product ID]=$D$4)*($H$4>0)))=0,"-",ROUND(F18/((SUMPRODUCT((TableBOM[Item ID]=A18)*TableBOM[Per 1000 Units]*((TableBOM[Product ID]=$D$3)*($H$3>0)+(TableBOM[Product ID]=$D$4)*($H$4>0)))/SUMPRODUCT((TableBOM[Item ID]=A18)*((TableBOM[Product ID]=$D$3)*($H$3>0)+(TableBOM[Product ID]=$D$4)*($H$4>0))))/1000),0)),"-") -> 13125 | I18: =IF(E18=0,"Not needed",IF(G18<0,"SHORTAGE",IF(G18<F18*0.1,"LOW","OK"))) -> SHORTAGE | J18: =IF(LEN(IF((COUNTIFS(TableBOM[Product ID],$D$3,TableBOM[Item ID],$A18)>0)*($H$3>0),$C$3&", ","") & IF((COUNTIFS(TableBOM[Product ID],$D$4,TableBOM[Item ID],$A18)>0)*($H$4>0),$C$4&", ",""))>1,LEFT(IF((COUNTIFS(TableBOM[Product ID],$D$3,TableBOM[Item ID],$A18)>0)*($H$3>0),$C$3&", ","") & IF((COUNTIFS(TableBOM[Product ID],$D$4,TableBOM[Item ID],$A18)>0)*($H$4>0),$C$4&", ",""),LEN(IF((COUNTIFS(TableBOM[Product ID],$D$3,TableBOM[Item ID],$A18)>0)*($H$3>0),$C$3&", ","") & IF((COUNTIFS(TableBOM[Product ID],$D$4,TableBOM[Item ID],$A18)>0)*($H$4>0),$C$4&", ",""))-2),"") -> HELLO HAIR COLOR, VINCE NURTURAL
A19: 6961 | B19: SLUG | C19: 32X5.2 | D19: kg | E19: =SUMPRODUCT((TableBOM[Item ID]=A19)*TableBOM[Per 1000 Units]*(1+TableBOM[Scrap %])*SUMIF($D$3:$D$4,TableBOM[Product ID],$H$3:$H$4)/1000) -> 0 | F19: =IFERROR(INDEX(TableInventory[Store Balance],MATCH(A19,TableInventory[Item ID],0)),0)+IFERROR(INDEX(TableInventory[Work In Process],MATCH(A19,TableInventory[Item ID],0)),0) -> 0 | G19: =F19-E19 -> 0 | H19: =IFERROR(IF(SUMPRODUCT((TableBOM[Item ID]=A19)*((TableBOM[Product ID]=$D$3)*($H$3>0)+(TableBOM[Product ID]=$D$4)*($H$4>0)))=0,"-",ROUND(F19/((SUMPRODUCT((TableBOM[Item ID]=A19)*TableBOM[Per 1000 Units]*((TableBOM[Product ID]=$D$3)*($H$3>0)+(TableBOM[Product ID]=$D$4)*($H$4>0)))/SUMPRODUCT((TableBOM[Item ID]=A19)*((TableBOM[Product ID]=$D$3)*($H$3>0)+(TableBOM[Product ID]=$D$4)*($H$4>0))))/1000),0)),"-") -> - | I19: =IF(E19=0,"Not needed",IF(G19<0,"SHORTAGE",IF(G19<F19*0.1,"LOW","OK"))) -> Not needed | J19: =IF(LEN(IF((COUNTIFS(TableBOM[Product ID],$D$3,TableBOM[Item ID],$A19)>0)*($H$3>0),$C$3&", ","") & IF((COUNTIFS(TableBOM[Product ID],$D$4,TableBOM[Item ID],$A19)>0)*($H$4>0),$C$4&", ",""))>1,LEFT(IF((COUNTIFS(TableBOM[Product ID],$D$3,TableBOM[Item ID],$A19)>0)*($H$3>0),$C$3&", ","") & IF((COUNTIFS(TableBOM[Product ID],$D$4,TableBOM[Item ID],$A19)>0)*($H$4>0),$C$4&", ",""),LEN(IF((COUNTIFS(TableBOM[Product ID],$D$3,TableBOM[Item ID],$A19)>0)*($H$3>0),$C$3&", ","") & IF((COUNTIFS(TableBOM[Product ID],$D$4,TableBOM[Item ID],$A19)>0)*($H$4>0),$C$4&", ",""))-2),"")
... A89: 3043 | B89: PACKING | C89: PLASTIC DOORI | D89: ROLL | E89: =SUMPRODUCT((TableBOM[Item ID]=A89)*TableBOM[Per 1000 Units]*(1+TableBOM[Scrap %])*SUMIF($D$3:$D$4,TableBOM[Product ID],$H$3:$H$4)/1000) -> 0 | F89: =IFERROR(INDEX(TableInventory[Store Balance],MATCH(A89,TableInventory[Item ID],0)),0)+IFERROR(INDEX(TableInventory[Work In Process],MATCH(A89,TableInventory[Item ID],0)),0) -> 0 | G89: =F89-E89 -> 0 | H89: =IFERROR(IF(SUMPRODUCT((TableBOM[Item ID]=A89)*((TableBOM[Product ID]=$D$3)*($H$3>0)+(TableBOM[Product ID]=$D$4)*($H$4>0)))=0,"-",ROUND(F89/((SUMPRODUCT((TableBOM[Item ID]=A89)*TableBOM[Per 1000 Units]*((TableBOM[Product ID]=$D$3)*($H$3>0)+(TableBOM[Product ID]=$D$4)*($H$4>0)))/SUMPRODUCT((TableBOM[Item ID]=A89)*((TableBOM[Product ID]=$D$3)*($H$3>0)+(TableBOM[Product ID]=$D$4)*($H$4>0))))/1000),0)),"-") -> - | I89: =IF(E89=0,"Not needed",IF(G89<0,"SHORTAGE",IF(G89<F89*0.1,"LOW","OK"))) -> Not needed | J89: =IF(LEN(IF((COUNTIFS(TableBOM[Product ID],$D$3,TableBOM[Item ID],$A89)>0)*($H$3>0),$C$3&", ","") & IF((COUNTIFS(TableBOM[Product ID],$D$4,TableBOM[Item ID],$A89)>0)*($H$4>0),$C$4&", ",""))>1,LEFT(IF((COUNTIFS(TableBOM[Product ID],$D$3,TableBOM[Item ID],$A89)>0)*($H$3>0),$C$3&", ","") & IF((COUNTIFS(TableBOM[Product ID],$D$4,TableBOM[Item ID],$A89)>0)*($H$4>0),$C$4&", ",""),LEN(IF((COUNTIFS(TableBOM[Product ID],$D$3,TableBOM[Item ID],$A89)>0)*($H$3>0),$C$3&", ","") & IF((COUNTIFS(TableBOM[Product ID],$D$4,TableBOM[Item ID],$A89)>0)*($H$4>0),$C$4&", ",""))-2),"")
A92: AUGUST 2026 PET Required Pet Orders
A93: Dia | B93: Customer | C93: Product Name | D93: Product ID | E93: Job Order # | F93: Required Qty | G93: Produced | H93: Remaining Balance | I93: Remarks
A94: 120 ml | B94: Samsol International Private Limited | C94: Samsol Yellow 120ml | D94: 8005 | E94: 337, 345 & 350 | F94: =7160+30000+35000 -> 72160 | G94: =INDEX(Tubex_Dashboard!$H$11:$H$100,MATCH(MRP!D94,Tubex_Dashboard!$F$11:$F$100,0)) -> 0 | H94: =F94-G94 -> 72160
A95: 130 ml | B95: Mablay Beauty PVT LTD. | C95: Mablay 130ml White | D95: 8015 | E95: 344 | F95: 15000 | G95: =INDEX(Tubex_Dashboard!$H$11:$H$100,MATCH(MRP!D95,Tubex_Dashboard!$F$11:$F$100,0)) -> 0 | H95: =F95-G95 -> 15000
A96: 130 ml | B96: Mablay Beauty PVT LTD. | C96: Mablay 130ml TRP | D96: 8010 | E96: 349 | F96: 25000 | G96: =INDEX(Tubex_Dashboard!$H$11:$H$100,MATCH(MRP!D96,Tubex_Dashboard!$F$11:$F$100,0)) -> 0 | H96: =F96-G96 -> 25000
A97: 150 ml | B97: Alpha Labs PVT LTD | C97: Alpha 150ml TRP | D97: 8001 | E97: 341 & 347 | F97: =100000+116667-15410+500000 -> 701257 | G97: =INDEX(Tubex_Dashboard!$H$11:$H$100,MATCH(MRP!D97,Tubex_Dashboard!$F$11:$F$100,0)) -> 90735 | H97: =F97-G97 -> 610522 | I97: 15k Rejected
A98: 150 ml | B98: Horizon Chem | C98: Horizon 150ml TRP | D98: 8017 | E98: 346 | F98: 13960 | G98: =INDEX(Tubex_Dashboard!$H$11:$H$100,MATCH(MRP!D98,Tubex_Dashboard!$F$11:$F$100,0)) -> 0 | H98: =F98-G98 -> 13960
A99: 200 ml | B99: Samsol International Private Limited | C99: Samsol Yellow 200ml | D99: 8006 | E99: 351 | F99: 47000 | G99: =INDEX(Tubex_Dashboard!$H$11:$H$100,MATCH(MRP!D99,Tubex_Dashboard!$F$11:$F$100,0)) -> 0 | H99: =F99-G99 -> 47000
E100: TOTAL: | F100: =SUM(F94:F99) -> 874377 | G100: =SUM(G94:G99) -> 90735 | H100: =SUMIF(H94:H99, ">0") -> 783642
A101: AUGUST PET MATERIAL REQUIREMENT PLAN
A102: Item ID | B102: Category | C102: Item Name | D102: UOM | E102: Required Qty | F102: Current Stock (Store + WIP) | G102: Surplus / (Deficit) | H102: Current Stock Pieces Can Produce | I102: Status | J102: Product Name(s)
A103: 2680 | B103: PET RESIN | C103: PET RESIN A-84 | D103: kg | E103: =SUMPRODUCT((TableBOM[Item ID]=A103)*TableBOM[Per 1000 Units]*(1+TableBOM[Scrap %])*SUMIF($D$94:$D$99,TableBOM[Product ID],$H$94:$H$99)/1000) -> 19314.583 | F103: =IFERROR(INDEX(TableInventory[Store Balance],MATCH(A103,TableInventory[Item ID],0)),0)+IFERROR(INDEX(TableInventory[Work In Process],MATCH(A103,TableInventory[Item ID],0)),0) -> 1500 | G103: =F103-E103 -> -17814.583 | H103: =IFERROR(IF(SUMPRODUCT((TableBOM[Item ID]=A103)*((SUMIF($D$94:$D$99,TableBOM[Product ID],$H$94:$H$99))>0)*(SUMIF($D$94:$D$99,TableBOM[Product ID],$H$94:$H$99))*TableBOM[Per 1000 Units])=0,"-",ROUND(F103*1000*SUMPRODUCT((TableBOM[Item ID]=A103)*((SUMIF($D$94:$D$99,TableBOM[Product ID],$H$94:$H$99))>0)*(SUMIF($D$94:$D$99,TableBOM[Product ID],$H$94:$H$99)))/SUMPRODUCT((TableBOM[Item ID]=A103)*((SUMIF($D$94:$D$99,TableBOM[Product ID],$H$94:$H$99))>0)*(SUMIF($D$94:$D$99,TableBOM[Product ID],$H$94:$H$99))*TableBOM[Per 1000 Units]),0)),"-") -> 69988 | I103: =IF(E103=0,"Not needed",IF(G103<0,"SHORTAGE",IF(G103<F103*0.1,"LOW","OK"))) -> SHORTAGE | J103: =IF(LEN(IF((COUNTIFS(TableBOM[Product ID],$D$94,TableBOM[Item ID],$A103)>0)*($H$94>0),$C$94&", ","") & IF((COUNTIFS(TableBOM[Product ID],$D$95,TableBOM[Item ID],$A103)>0)*($H$95>0),$C$95&", ","") & IF((COUNTIFS(TableBOM[Product ID],$D$96,TableBOM[Item ID],$A103)>0)*($H$96>0),$C$96&", ","") & IF((COUNTIFS(TableBOM[Product ID],$D$97,TableBOM[Item ID],$A103)>0)*($H$97>0),$C$97&", ","") & IF((COUNTIFS(TableBOM[Product ID],$D$98,TableBOM[Item ID],$A103)>0)*($H$98>0),$C$98&", ","") & IF((COUNTIFS(TableBOM[Product ID],$D$99,TableBOM[Item ID],$A103)>0)*($H$99>0),$C$99&", ",""))>1,LEFT(IF((COUNTIFS(TableBOM[Product ID],$D$94,TableBOM[Item ID],$A103)>0)*($H$94>0),$C$94&", ","") & IF((COUNTIFS(TableBOM[Product ID],$D$95,TableBOM[Item ID],$A103)>0)*($H$95>0),$C$95&", ","") & IF((COUNTIFS(TableBOM[Product ID],$D$96,TableBOM[Item ID],$A103)>0)*($H$96>0),$C$96&", ","") & IF((COUNTIFS(TableBOM[Product ID],$D$97,TableBOM[Item ID],$A103)>0)*($H$97>0),$C$97&", ","") & IF((COUNTIFS(TableBOM[Product ID],$D$98,TableBOM[Item ID],$A103)>0)*($H$98>0),$C$98&", ","") & IF((COUNTIFS(TableBOM[Product ID],$D$99,TableBOM[Item ID],$A103)>0)*($H$99>0),$C$99&", ",""),LEN(IF((COUNTIFS(TableBOM[Product ID],$D$94,TableBOM[Item ID],$A103)>0)*($H$94>0),$C$94&", ","") & IF((COUNTIFS(TableBOM[Product ID],$D$95,TableBOM[Item ID],$A103)>0)*($H$95>0),$C$95&", ","") & IF((COUNTIFS(TableBOM[Product ID],$D$96,TableBOM[Item ID],$A103)>0)*($H$96>0),$C$96&", ","") & IF((COUNTIFS(TableBOM[Product ID],$D$97,TableBOM[Item ID],$A103)>0)*($H$97>0),$C$97&", ","") & IF((COUNTIFS(TableBOM[Product ID],$D$98,TableBOM[Item ID],$A103)>0)*($H$98>0),$C$98&", ","") & IF((COUNTIFS(TableBOM[Product ID],$D$99,TableBOM[Item ID],$A103)>0)*($H$99>0),$C$99&", ",""))-2),"") -> Samsol Yellow 120ml, Mablay 130ml White, Mablay 130ml TRP, Alpha 150ml TRP, Horizon 150ml TRP, Samsol Yellow 200ml
A104: 4002 | B104: MASTER BATCH | C104: MASTER BATCH YELLOW CMN# 3087 | D104: kg | E104: =SUMPRODUCT((TableBOM[Item ID]=A104)*TableBOM[Per 1000 Units]*(1+TableBOM[Scrap %])*SUMIF($D$94:$D$99,TableBOM[Product ID],$H$94:$H$99)/1000) -> 142.2481 | F104: =IFERROR(INDEX(TableInventory[Store Balance],MATCH(A104,TableInventory[Item ID],0)),0)+IFERROR(INDEX(TableInventory[Work In Process],MATCH(A104,TableInventory[Item ID],0)),0) -> 125 | G104: =F104-E104 -> -17.2481 | H104: =IFERROR(IF(SUMPRODUCT((TableBOM[Item ID]=A104)*((SUMIF($D$94:$D$99,TableBOM[Product ID],$H$94:$H$99))>0)*(SUMIF($D$94:$D$99,TableBOM[Product ID],$H$94:$H$99))*TableBOM[Per 1000 Units])=0,"-",ROUND(F104*1000*SUMPRODUCT((TableBOM[Item ID]=A104)*((SUMIF($D$94:$D$99,TableBOM[Product ID],$H$94:$H$99))>0)*(SUMIF($D$94:$D$99,TableBOM[Product ID],$H$94:$H$99)))/SUMPRODUCT((TableBOM[Item ID]=A104)*((SUMIF($D$94:$D$99,TableBOM[Product ID],$H$94:$H$99))>0)*(SUMIF($D$94:$D$99,TableBOM[Product ID],$H$94:$H$99))*TableBOM[Per 1000 Units]),0)),"-") -> 120418 | I104: =IF(E104=0,"Not needed",IF(G104<0,"SHORTAGE",IF(G104<F104*0.1,"LOW","OK"))) -> SHORTAGE | J104: =IF(LEN(IF((COUNTIFS(TableBOM[Product ID],$D$94,TableBOM[Item ID],$A104)>0)*($H$94>0),$C$94&", ","") & IF((COUNTIFS(TableBOM[Product ID],$D$95,TableBOM[Item ID],$A104)>0)*($H$95>0),$C$95&", ","") & IF((COUNTIFS(TableBOM[Product ID],$D$96,TableBOM[Item ID],$A104)>0)*($H$96>0),$C$96&", ","") & IF((COUNTIFS(TableBOM[Product ID],$D$97,TableBOM[Item ID],$A104)>0)*($H$97>0),$C$97&", ","") & IF((COUNTIFS(TableBOM[Product ID],$D$98,TableBOM[Item ID],$A104)>0)*($H$98>0),$C$98&", ","") & IF((COUNTIFS(TableBOM[Product ID],$D$99,TableBOM[Item ID],$A104)>0)*($H$99>0),$C$99&", ",""))>1,LEFT(IF((COUNTIFS(TableBOM[Product ID],$D$94,TableBOM[Item ID],$A104)>0)*($H$94>0),$C$94&", ","") & IF((COUNTIFS(TableBOM[Product ID],$D$95,TableBOM[Item ID],$A104)>0)*($H$95>0),$C$95&", ","") & IF((COUNTIFS(TableBOM[Product ID],$D$96,TableBOM[Item ID],$A104)>0)*($H$96>0),$C$96&", ","") & IF((COUNTIFS(TableBOM[Product ID],$D$97,TableBOM[Item ID],$A104)>0)*($H$97>0),$C$97&", ","") & IF((COUNTIFS(TableBOM[Product ID],$D$98,TableBOM[Item ID],$A104)>0)*($H$98>0),$C$98&", ","") & IF((COUNTIFS(TableBOM[Product ID],$D$99,TableBOM[Item ID],$A104)>0)*($H$99>0),$C$99&", ",""),LEN(IF((COUNTIFS(TableBOM[Product ID],$D$94,TableBOM[Item ID],$A104)>0)*($H$94>0),$C$94&", ","") & IF((COUNTIFS(TableBOM[Product ID],$D$95,TableBOM[Item ID],$A104)>0)*($H$95>0),$C$95&", ","") & IF((COUNTIFS(TableBOM[Product ID],$D$96,TableBOM[Item ID],$A104)>0)*($H$96>0),$C$96&", ","") & IF((COUNTIFS(TableBOM[Product ID],$D$97,TableBOM[Item ID],$A104)>0)*($H$97>0),$C$97&", ","") & IF((COUNTIFS(TableBOM[Product ID],$D$98,TableBOM[Item ID],$A104)>0)*($H$98>0),$C$98&", ","") & IF((COUNTIFS(TableBOM[Product ID],$D$99,TableBOM[Item ID],$A104)>0)*($H$99>0),$C$99&", ",""))-2),"") -> Samsol Yellow 120ml, Samsol Yellow 200ml
A105: 5816 | B105: MASTER BATCH | C105: MASTER BATCH WHITE PRC-MC ET02340000 | D105: kg | E105: =SUMPRODUCT((TableBOM[Item ID]=A105)*TableBOM[Per 1000 Units]*(1+TableBOM[Scrap %])*SUMIF($D$94:$D$99,TableBOM[Product ID],$H$94:$H$99)/1000) -> 15.525 | F105: =IFERROR(INDEX(TableInventory[Store Balance],MATCH(A105,TableInventory[Item ID],0)),0)+IFERROR(INDEX(TableInventory[Work In Process],MATCH(A105,TableInventory[Item ID],0)),0) -> 25 | G105: =F105-E105 -> 9.475 | H105: =IFERROR(IF(SUMPRODUCT((TableBOM[Item ID]=A105)*((SUMIF($D$94:$D$99,TableBOM[Product ID],$H$94:$H$99))>0)*(SUMIF($D$94:$D$99,TableBOM[Product ID],$H$94:$H$99))*TableBOM[Per 1000 Units])=0,"-",ROUND(F105*1000*SUMPRODUCT((TableBOM[Item ID]=A105)*((SUMIF($D$94:$D$99,TableBOM[Product ID],$H$94:$H$99))>0)*(SUMIF($D$94:$D$99,TableBOM[Product ID],$H$94:$H$99)))/SUMPRODUCT((TableBOM[Item ID]=A105)*((SUMIF($D$94:$D$99,TableBOM[Product ID],$H$94:$H$99))>0)*(SUMIF($D$94:$D$99,TableBOM[Product ID],$H$94:$H$99))*TableBOM[Per 1000 Units]),0)),"-") -> 27778 | I105: =IF(E105=0,"Not needed",IF(G105<0,"SHORTAGE",IF(G105<F105*0.1,"LOW","OK"))) -> OK | J105: =IF(LEN(IF((COUNTIFS(TableBOM[Product ID],$D$94,TableBOM[Item ID],$A105)>0)*($H$94>0),$C$94&", ","") & IF((COUNTIFS(TableBOM[Product ID],$D$95,TableBOM[Item ID],$A105)>0)*($H$95>0),$C$95&", ","") & IF((COUNTIFS(TableBOM[Product ID],$D$96,TableBOM[Item ID],$A105)>0)*($H$96>0),$C$96&", ","") & IF((COUNTIFS(TableBOM[Product ID],$D$97,TableBOM[Item ID],$A105)>0)*($H$97>0),$C$97&", ","") & IF((COUNTIFS(TableBOM[Product ID],$D$98,TableBOM[Item ID],$A105)>0)*($H$98>0),$C$98&", ","") & IF((COUNTIFS(TableBOM[Product ID],$D$99,TableBOM[Item ID],$A105)>0)*($H$99>0),$C$99&", ",""))>1,LEFT(IF((COUNTIFS(TableBOM[Product ID],$D$94,TableBOM[Item ID],$A105)>0)*($H$94>0),$C$94&", ","") & IF((COUNTIFS(TableBOM[Product ID],$D$95,TableBOM[Item ID],$A105)>0)*($H$95>0),$C$95&", ","") & IF((COUNTIFS(TableBOM[Product ID],$D$96,TableBOM[Item ID],$A105)>0)*($H$96>0),$C$96&", ","") & IF((COUNTIFS(TableBOM[Product ID],$D$97,TableBOM[Item ID],$A105)>0)*($H$97>0),$C$97&", ","") & IF((COUNTIFS(TableBOM[Product ID],$D$98,TableBOM[Item ID],$A105)>0)*($H$98>0),$C$98&", ","") & IF((COUNTIFS(TableBOM[Product ID],$D$99,TableBOM[Item ID],$A105)>0)*($H$99>0),$C$99&", ",""),LEN(IF((COUNTIFS(TableBOM[Product ID],$D$94,TableBOM[Item ID],$A105)>0)*($H$94>0),$C$94&", ","") & IF((COUNTIFS(TableBOM[Product ID],$D$95,TableBOM[Item ID],$A105)>0)*($H$95>0),$C$95&", ","") & IF((COUNTIFS(TableBOM[Product ID],$D$96,TableBOM[Item ID],$A105)>0)*($H$96>0),$C$96&", ","") & IF((COUNTIFS(TableBOM[Product ID],$D$97,TableBOM[Item ID],$A105)>0)*($H$97>0),$C$97&", ","") & IF((COUNTIFS(TableBOM[Product ID],$D$98,TableBOM[Item ID],$A105)>0)*($H$98>0),$C$98&", ","") & IF((COUNTIFS(TableBOM[Product ID],$D$99,TableBOM[Item ID],$A105)>0)*($H$99>0),$C$99&", ",""))-2),"") -> Mablay 130ml White
A106: 5977 | B106: Carton | C106: MASTER CARTON 38"X24"X15.5" | D106: PCS | E106: =SUMPRODUCT((TableBOM[Item ID]=A106)*TableBOM[Per 1000 Units]*(1+TableBOM[Scrap %])*SUMIF($D$94:$D$99,TableBOM[Product ID],$H$94:$H$99)/1000) -> 857.31572 | F106: =IFERROR(INDEX(TableInventory[Store Balance],MATCH(A106,TableInventory[Item ID],0)),0)+IFERROR(INDEX(TableInventory[Work In Process],MATCH(A106,TableInventory[Item ID],0)),0) -> 212 | G106: =F106-E106 -> -645.31572 | H106: =IFERROR(IF(SUMPRODUCT((TableBOM[Item ID]=A106)*((SUMIF($D$94:$D$99,TableBOM[Product ID],$H$94:$H$99))>0)*(SUMIF($D$94:$D$99,TableBOM[Product ID],$H$94:$H$99))*TableBOM[Per 1000 Units])=0,"-",ROUND(F106*1000*SUMPRODUCT((TableBOM[Item ID]=A106)*((SUMIF($D$94:$D$99,TableBOM[Product ID],$H$94:$H$99))>0)*(SUMIF($D$94:$D$99,TableBOM[Product ID],$H$94:$H$99)))/SUMPRODUCT((TableBOM[Item ID]=A106)*((SUMIF($D$94:$D$99,TableBOM[Product ID],$H$94:$H$99))>0)*(SUMIF($D$94:$D$99,TableBOM[Product ID],$H$94:$H$99))*TableBOM[Per 1000 Units]),0)),"-") -> 188963 | I106: =IF(E106=0,"Not needed",IF(G106<0,"SHORTAGE",IF(G106<F106*0.1,"LOW","OK"))) -> SHORTAGE | J106: =IF(LEN(IF((COUNTIFS(TableBOM[Product ID],$D$94,TableBOM[Item ID],$A106)>0)*($H$94>0),$C$94&", ","") & IF((COUNTIFS(TableBOM[Product ID],$D$95,TableBOM[Item ID],$A106)>0)*($H$95>0),$C$95&", ","") & IF((COUNTIFS(TableBOM[Product ID],$D$96,TableBOM[Item ID],$A106)>0)*($H$96>0),$C$96&", ","") & IF((COUNTIFS(TableBOM[Product ID],$D$97,TableBOM[Item ID],$A106)>0)*($H$97>0),$C$97&", ","") & IF((COUNTIFS(TableBOM[Product ID],$D$98,TableBOM[Item ID],$A106)>0)*($H$98>0),$C$98&", ","") & IF((COUNTIFS(TableBOM[Product ID],$D$99,TableBOM[Item ID],$A106)>0)*($H$99>0),$C$99&", ",""))>1,LEFT(IF((COUNTIFS(TableBOM[Product ID],$D$94,TableBOM[Item ID],$A106)>0)*($H$94>0),$C$94&", ","") & IF((COUNTIFS(TableBOM[Product ID],$D$95,TableBOM[Item ID],$A106)>0)*($H$95>0),$C$95&", ","") & IF((COUNTIFS(TableBOM[Product ID],$D$96,TableBOM[Item ID],$A106)>0)*($H$96>0),$C$96&", ","") & IF((COUNTIFS(TableBOM[Product ID],$D$97,TableBOM[Item ID],$A106)>0)*($H$97>0),$C$97&", ","") & IF((COUNTIFS(TableBOM[Product ID],$D$98,TableBOM[Item ID],$A106)>0)*($H$98>0),$C$98&", ","") & IF((COUNTIFS(TableBOM[Product ID],$D$99,TableBOM[Item ID],$A106)>0)*($H$99>0),$C$99&", ",""),LEN(IF((COUNTIFS(TableBOM[Product ID],$D$94,TableBOM[Item ID],$A106)>0)*($H$94>0),$C$94&", ","") & IF((COUNTIFS(TableBOM[Product ID],$D$95,TableBOM[Item ID],$A106)>0)*($H$95>0),$C$95&", ","") & IF((COUNTIFS(TableBOM[Product ID],$D$96,TableBOM[Item ID],$A106)>0)*($H$96>0),$C$96&", ","") & IF((COUNTIFS(TableBOM[Product ID],$D$97,TableBOM[Item ID],$A106)>0)*($H$97>0),$C$97&", ","") & IF((COUNTIFS(TableBOM[Product ID],$D$98,TableBOM[Item ID],$A106)>0)*($H$98>0),$C$98&", ","") & IF((COUNTIFS(TableBOM[Product ID],$D$99,TableBOM[Item ID],$A106)>0)*($H$99>0),$C$99&", ",""))-2),"") -> Mablay 130ml White, Mablay 130ml TRP, Alpha 150ml TRP, Horizon 150ml TRP
A107: 2267 | B107: Poly Bag | C107: POLY BAG 20X30 (LDPE) | D107: PCS | E107: =SUMPRODUCT((TableBOM[Item ID]=A107)*TableBOM[Per 1000 Units]*(1+TableBOM[Scrap %])*SUMIF($D$94:$D$99,TableBOM[Product ID],$H$94:$H$99)/1000) -> 7396.5755 | F107: =IFERROR(INDEX(TableInventory[Store Balance],MATCH(A107,TableInventory[Item ID],0)),0)+IFERROR(INDEX(TableInventory[Work In Process],MATCH(A107,TableInventory[Item ID],0)),0) -> 182 | G107: =F107-E107 -> -7214.5755 | H107: =IFERROR(IF(SUMPRODUCT((TableBOM[Item ID]=A107)*((SUMIF($D$94:$D$99,TableBOM[Product ID],$H$94:$H$99))>0)*(SUMIF($D$94:$D$99,TableBOM[Product ID],$H$94:$H$99))*TableBOM[Per 1000 Units])=0,"-",ROUND(F107*1000*SUMPRODUCT((TableBOM[Item ID]=A107)*((SUMIF($D$94:$D$99,TableBOM[Product ID],$H$94:$H$99))>0)*(SUMIF($D$94:$D$99,TableBOM[Product ID],$H$94:$H$99)))/SUMPRODUCT((TableBOM[Item ID]=A107)*((SUMIF($D$94:$D$99,TableBOM[Product ID],$H$94:$H$99))>0)*(SUMIF($D$94:$D$99,TableBOM[Product ID],$H$94:$H$99))*TableBOM[Per 1000 Units]),0)),"-") -> 20845 | I107: =IF(E107=0,"Not needed",IF(G107<0,"SHORTAGE",IF(G107<F107*0.1,"LOW","OK"))) -> SHORTAGE | J107: =IF(LEN(IF((COUNTIFS(TableBOM[Product ID],$D$94,TableBOM[Item ID],$A107)>0)*($H$94>0),$C$94&", ","") & IF((COUNTIFS(TableBOM[Product ID],$D$95,TableBOM[Item ID],$A107)>0)*($H$95>0),$C$95&", ","") & IF((COUNTIFS(TableBOM[Product ID],$D$96,TableBOM[Item ID],$A107)>0)*($H$96>0),$C$96&", ","") & IF((COUNTIFS(TableBOM[Product ID],$D$97,TableBOM[Item ID],$A107)>0)*($H$97>0),$C$97&", ","") & IF((COUNTIFS(TableBOM[Product ID],$D$98,TableBOM[Item ID],$A107)>0)*($H$98>0),$C$98&", ","") & IF((COUNTIFS(TableBOM[Product ID],$D$99,TableBOM[Item ID],$A107)>0)*($H$99>0),$C$99&", ",""))>1,LEFT(IF((COUNTIFS(TableBOM[Product ID],$D$94,TableBOM[Item ID],$A107)>0)*($H$94>0),$C$94&", ","") & IF((COUNTIFS(TableBOM[Product ID],$D$95,TableBOM[Item ID],$A107)>0)*($H$95>0),$C$95&", ","") & IF((COUNTIFS(TableBOM[Product ID],$D$96,TableBOM[Item ID],$A107)>0)*($H$96>0),$C$96&", ","") & IF((COUNTIFS(TableBOM[Product ID],$D$97,TableBOM[Item ID],$A107)>0)*($H$97>0),$C$97&", ","") & IF((COUNTIFS(TableBOM[Product ID],$D$98,TableBOM[Item ID],$A107)>0)*($H$98>0),$C$98&", ","") & IF((COUNTIFS(TableBOM[Product ID],$D$99,TableBOM[Item ID],$A107)>0)*($H$99>0),$C$99&", ",""),LEN(IF((COUNTIFS(TableBOM[Product ID],$D$94,TableBOM[Item ID],$A107)>0)*($H$94>0),$C$94&", ","") & IF((COUNTIFS(TableBOM[Product ID],$D$95,TableBOM[Item ID],$A107)>0)*($H$95>0),$C$95&", ","") & IF((COUNTIFS(TableBOM[Product ID],$D$96,TableBOM[Item ID],$A107)>0)*($H$96>0),$C$96&", ","") & IF((COUNTIFS(TableBOM[Product ID],$D$97,TableBOM[Item ID],$A107)>0)*($H$97>0),$C$97&", ","") & IF((COUNTIFS(TableBOM[Product ID],$D$98,TableBOM[Item ID],$A107)>0)*($H$98>0),$C$98&", ","") & IF((COUNTIFS(TableBOM[Product ID],$D$99,TableBOM[Item ID],$A107)>0)*($H$99>0),$C$99&", ",""))-2),"") -> Samsol Yellow 120ml, Mablay 130ml White, Mablay 130ml TRP, Alpha 150ml TRP, Horizon 150ml TRP
A108: 3006 | B108: Poly Bag | C108: POLY BAG 24X36 (LDPE) | D108: PCS | E108: =SUMPRODUCT((TableBOM[Item ID]=A108)*TableBOM[Per 1000 Units]*(1+TableBOM[Scrap %])*SUMIF($D$94:$D$99,TableBOM[Product ID],$H$94:$H$99)/1000) -> 450.39865 | F108: =IFERROR(INDEX(TableInventory[Store Balance],MATCH(A108,TableInventory[Item ID],0)),0)+IFERROR(INDEX(TableInventory[Work In Process],MATCH(A108,TableInventory[Item ID],0)),0) -> 232 | G108: =F108-E108 -> -218.39865 | H108: =IFERROR(IF(SUMPRODUCT((TableBOM[Item ID]=A108)*((SUMIF($D$94:$D$99,TableBOM[Product ID],$H$94:$H$99))>0)*(SUMIF($D$94:$D$99,TableBOM[Product ID],$H$94:$H$99))*TableBOM[Per 1000 Units])=0,"-",ROUND(F108*1000*SUMPRODUCT((TableBOM[Item ID]=A108)*((SUMIF($D$94:$D$99,TableBOM[Product ID],$H$94:$H$99))>0)*(SUMIF($D$94:$D$99,TableBOM[Product ID],$H$94:$H$99)))/SUMPRODUCT((TableBOM[Item ID]=A108)*((SUMIF($D$94:$D$99,TableBOM[Product ID],$H$94:$H$99))>0)*(SUMIF($D$94:$D$99,TableBOM[Product ID],$H$94:$H$99))*TableBOM[Per 1000 Units]),0)),"-") -> 27841 | I108: =IF(E108=0,"Not needed",IF(G108<0,"SHORTAGE",IF(G108<F108*0.1,"LOW","OK"))) -> SHORTAGE | J108: =IF(LEN(IF((COUNTIFS(TableBOM[Product ID],$D$94,TableBOM[Item ID],$A108)>0)*($H$94>0),$C$94&", ","") & IF((COUNTIFS(TableBOM[Product ID],$D$95,TableBOM[Item ID],$A108)>0)*($H$95>0),$C$95&", ","") & IF((COUNTIFS(TableBOM[Product ID],$D$96,TableBOM[Item ID],$A108)>0)*($H$96>0),$C$96&", ","") & IF((COUNTIFS(TableBOM[Product ID],$D$97,TableBOM[Item ID],$A108)>0)*($H$97>0),$C$97&", ","") & IF((COUNTIFS(TableBOM[Product ID],$D$98,TableBOM[Item ID],$A108)>0)*($H$98>0),$C$98&", ","") & IF((COUNTIFS(TableBOM[Product ID],$D$99,TableBOM[Item ID],$A108)>0)*($H$99>0),$C$99&", ",""))>1,LEFT(IF((COUNTIFS(TableBOM[Product ID],$D$94,TableBOM[Item ID],$A108)>0)*($H$94>0),$C$94&", ","") & IF((COUNTIFS(TableBOM[Product ID],$D$95,TableBOM[Item ID],$A108)>0)*($H$95>0),$C$95&", ","") & IF((COUNTIFS(TableBOM[Product ID],$D$96,TableBOM[Item ID],$A108)>0)*($H$96>0),$C$96&", ","") & IF((COUNTIFS(TableBOM[Product ID],$D$97,TableBOM[Item ID],$A108)>0)*($H$97>0),$C$97&", ","") & IF((COUNTIFS(TableBOM[Product ID],$D$98,TableBOM[Item ID],$A108)>0)*($H$98>0),$C$98&", ","") & IF((COUNTIFS(TableBOM[Product ID],$D$99,TableBOM[Item ID],$A108)>0)*($H$99>0),$C$99&", ",""),LEN(IF((COUNTIFS(TableBOM[Product ID],$D$94,TableBOM[Item ID],$A108)>0)*($H$94>0),$C$94&", ","") & IF((COUNTIFS(TableBOM[Product ID],$D$95,TableBOM[Item ID],$A108)>0)*($H$95>0),$C$95&", ","") & IF((COUNTIFS(TableBOM[Product ID],$D$96,TableBOM[Item ID],$A108)>0)*($H$96>0),$C$96&", ","") & IF((COUNTIFS(TableBOM[Product ID],$D$97,TableBOM[Item ID],$A108)>0)*($H$97>0),$C$97&", ","") & IF((COUNTIFS(TableBOM[Product ID],$D$98,TableBOM[Item ID],$A108)>0)*($H$98>0),$C$98&", ","") & IF((COUNTIFS(TableBOM[Product ID],$D$99,TableBOM[Item ID],$A108)>0)*($H$99>0),$C$99&", ",""))-2),"") -> Samsol Yellow 200ml
A109: 3043 | B109: PACKING | C109: PLASTIC DOORI | D109: ROLL | E109: =SUMPRODUCT((TableBOM[Item ID]=A109)*TableBOM[Per 1000 Units]*(1+TableBOM[Scrap %])*SUMIF($D$94:$D$99,TableBOM[Product ID],$H$94:$H$99)/1000) -> 4.5059415 | F109: =IFERROR(INDEX(TableInventory[Store Balance],MATCH(A109,TableInventory[Item ID],0)),0)+IFERROR(INDEX(TableInventory[Work In Process],MATCH(A109,TableInventory[Item ID],0)),0) -> 0 | G109: =F109-E109 -> -4.5059415 | H109: =IFERROR(IF(SUMPRODUCT((TableBOM[Item ID]=A109)*((SUMIF($D$94:$D$99,TableBOM[Product ID],$H$94:$H$99))>0)*(SUMIF($D$94:$D$99,TableBOM[Product ID],$H$94:$H$99))*TableBOM[Per 1000 Units])=0,"-",ROUND(F109*1000*SUMPRODUCT((TableBOM[Item ID]=A109)*((SUMIF($D$94:$D$99,TableBOM[Product ID],$H$94:$H$99))>0)*(SUMIF($D$94:$D$99,TableBOM[Product ID],$H$94:$H$99)))/SUMPRODUCT((TableBOM[Item ID]=A109)*((SUMIF($D$94:$D$99,TableBOM[Product ID],$H$94:$H$99))>0)*(SUMIF($D$94:$D$99,TableBOM[Product ID],$H$94:$H$99))*TableBOM[Per 1000 Units]),0)),"-") -> 0 | I109: =IF(E109=0,"Not needed",IF(G109<0,"SHORTAGE",IF(G109<F109*0.1,"LOW","OK"))) -> SHORTAGE | J109: =IF(LEN(IF((COUNTIFS(TableBOM[Product ID],$D$94,TableBOM[Item ID],$A109)>0)*($H$94>0),$C$94&", ","") & IF((COUNTIFS(TableBOM[Product ID],$D$95,TableBOM[Item ID],$A109)>0)*($H$95>0),$C$95&", ","") & IF((COUNTIFS(TableBOM[Product ID],$D$96,TableBOM[Item ID],$A109)>0)*($H$96>0),$C$96&", ","") & IF((COUNTIFS(TableBOM[Product ID],$D$97,TableBOM[Item ID],$A109)>0)*($H$97>0),$C$97&", ","") & IF((COUNTIFS(TableBOM[Product ID],$D$98,TableBOM[Item ID],$A109)>0)*($H$98>0),$C$98&", ","") & IF((COUNTIFS(TableBOM[Product ID],$D$99,TableBOM[Item ID],$A109)>0)*($H$99>0),$C$99&", ",""))>1,LEFT(IF((COUNTIFS(TableBOM[Product ID],$D$94,TableBOM[Item ID],$A109)>0)*($H$94>0),$C$94&", ","") & IF((COUNTIFS(TableBOM[Product ID],$D$95,TableBOM[Item ID],$A109)>0)*($H$95>0),$C$95&", ","") & IF((COUNTIFS(TableBOM[Product ID],$D$96,TableBOM[Item ID],$A109)>0)*($H$96>0),$C$96&", ","") & IF((COUNTIFS(TableBOM[Product ID],$D$97,TableBOM[Item ID],$A109)>0)*($H$97>0),$C$97&", ","") & IF((COUNTIFS(TableBOM[Product ID],$D$98,TableBOM[Item ID],$A109)>0)*($H$98>0),$C$98&", ","") & IF((COUNTIFS(TableBOM[Product ID],$D$99,TableBOM[Item ID],$A109)>0)*($H$99>0),$C$99&", ",""),LEN(IF((COUNTIFS(TableBOM[Product ID],$D$94,TableBOM[Item ID],$A109)>0)*($H$94>0),$C$94&", ","") & IF((COUNTIFS(TableBOM[Product ID],$D$95,TableBOM[Item ID],$A109)>0)*($H$95>0),$C$95&", ","") & IF((COUNTIFS(TableBOM[Product ID],$D$96,TableBOM[Item ID],$A109)>0)*($H$96>0),$C$96&", ","") & IF((COUNTIFS(TableBOM[Product ID],$D$97,TableBOM[Item ID],$A109)>0)*($H$97>0),$C$97&", ","") & IF((COUNTIFS(TableBOM[Product ID],$D$98,TableBOM[Item ID],$A109)>0)*($H$98>0),$C$98&", ","") & IF((COUNTIFS(TableBOM[Product ID],$D$99,TableBOM[Item ID],$A109)>0)*($H$99>0),$C$99&", ",""))-2),"") -> Samsol Yellow 120ml, Mablay 130ml White, Mablay 130ml TRP, Alpha 150ml TRP, Horizon 150ml TRP, Samsol Yellow 200ml

Sheet Production_Log
A1: PRODUCTION LOG — One row per machine per product per day.
A2: Date | B2: Machine | C2: Customer | D2: Product Name | E2: Dia / Volume | F2: Product ID | G2: Target Quantity | H2: Good Quantity Produced | I2: Reject/Scrap Quantity | J2: Waste% | K2: Mechanical DT | L2: Electrical DT | M2: Material Shortage DT | N2: Changeover DT | O2: Operations DT | P2: Power Shutdown DT | Q2: Gas Shutdown DT | R2: Workers Shortage DT
A3: 46235 | B3: Lacquer-03 | C3: Golden Pearl Cosmetics (PVT) LTD | D3: HELLO HAIR COLOR | E3: 30 | F3: 6206 | G3: 25000 | H3: 24590 | I3: 410 | J3: =IFERROR(I3/(H3+I3),"") -> 0.0164
A4: 46235 | B4: Latex-01 | C4: Golden Pearl Cosmetics (PVT) LTD | D4: HELLO HAIR COLOR | E4: 30 | F4: 6206 | G4: 27132 | H4: 27112 | I4: 20 | J4: =IFERROR(I4/(H4+I4),"") -> 0.00073713696
A5: 46235 | B5: PF Machine | C5: Alpha Labs PVT LTD | D5: TRANSPARENT BOTTLE 150ML | E5: 150 ml | F5: 8001 | G5: 9650 | H5: 9200 | I5: 450 | J5: =IFERROR(I5/(H5+I5),"") -> 0.046632124 | K5: 120
A6: 46235 | B6: Press-04 | C6: Golden Pearl Cosmetics (PVT) LTD | D6: HELLO HAIR COLOR | E6: 30 | F6: 6206 | G6: 21000 | H6: 20850 | I6: 150 | J6: =IFERROR(I6/(H6+I6),"") -> 0.0071428571
A7: 46235 | B7: Printing-04 | C7: Golden Pearl Cosmetics (PVT) LTD | D7: HELLO HAIR COLOR | E7: 30 | F7: 6206 | G7: 24498 | H7: 24038 | I7: 460 | J7: =IFERROR(I7/(H7+I7),"") -> 0.018777043
A8: 46237 | B8: Lacquer-03 | C8: Golden Pearl Cosmetics (PVT) LTD | D8: HELLO HAIR COLOR | E8: 30 | F8: 6206 | G8: 5000 | H8: 4890 | I8: 110 | J8: =IFERROR(I8/(H8+I8),"") -> 0.022 | M8: 240
A9: 46237 | B9: Lacquer-04 | C9: Samsol International Private Limited | D9: S-45 | E9: 25 | F9: 5389 | G9: 2000 | H9: 1965 | I9: 35 | J9: =IFERROR(I9/(H9+I9),"") -> 0.0175
A10: 46237 | B10: Latex-01 | C10: Golden Pearl Cosmetics (PVT) LTD | D10: HELLO HAIR COLOR | E10: 30 | F10: 6206 | G10: 4760 | H10: 4755 | I10: 5 | J10: =IFERROR(I10/(H10+I10),"") -> 0.0010504202 | O10: 300
A11: 46237 | B11: PF Machine | C11: Alpha Labs PVT LTD | D11: TRANSPARENT BOTTLE 150ML | E11: 150 ml | F11: 8001 | G11: 0 | H11: 0 | I11: 0 | J11: =IFERROR(I11/(H11+I11),"") | K11: 960
A12: 46237 | B12: Press-04 | C12: Golden Pearl Cosmetics (PVT) LTD | D12: HELLO HAIR COLOR | E12: 30 | F12: 6206 | G12: 3000 | H12: 2950 | I12: 50 | J12: =IFERROR(I12/(H12+I12),"") -> 0.016666667
A13: 46237 | B13: Press-06 | C13: Samsol International Private Limited | D13: S-45 | E13: 25 | F13: 5389 | G13: 5000 | H13: 4900 | I13: 100 | J13: =IFERROR(I13/(H13+I13),"") -> 0.02 | M13: 300
A14: 46237 | B14: Printing-03 | C14: Samsol International Private Limited | D14: S-45 | E14: 25 | F14: 5389 | G14: 5872 | H14: 5712 | I14: 160 | J14: =IFERROR(I14/(H14+I14),"") -> 0.027247956 | M14: 210
A15: 46237 | B15: Printing-04 | C15: Golden Pearl Cosmetics (PVT) LTD | D15: HELLO HAIR COLOR | E15: 30 | F15: 6206 | G15: 3943 | H15: 3808 | I15: 135 | J15: =IFERROR(I15/(H15+I15),"") -> 0.03423789
A16: 46238 | B16: Lacquer-03 | C16: Golden Pearl Cosmetics (PVT) LTD | D16: HELLO HAIR COLOR | E16: 30 | F16: 6206 | G16: 15000 | H16: 14790 | I16: 210 | J16: =IFERROR(I16/(H16+I16),"") -> 0.014 | M16: 60
A17: 46238 | B17: Lacquer-04 | C17: Samsol International Private Limited | D17: S-45 | E17: 25 | F17: 5389 | G17: 2000 | H17: 1950 | I17: 50 | J17: =IFERROR(I17/(H17+I17),"") -> 0.025
A18: 46238 | B18: Latex-01 | C18: Golden Pearl Cosmetics (PVT) LTD | D18: HELLO HAIR COLOR | E18: 30 | F18: 6206 | G18: 2856 | H18: 2851 | I18: 5 | J18: =IFERROR(I18/(H18+I18),"") -> 0.0017507003 | O18: 240
A19: 46238 | B19: Latex-01 | C19: Adore | D19: V- HC BROWN | E19: 35 | F19: 6530 | G19: 3850 | H19: 3845 | I19: 5 | J19: =IFERROR(I19/(H19+I19),"") -> 0.0012987013
A20: 46238 | B20: PF Machine | C20: Alpha Labs PVT LTD | D20: TRANSPARENT BOTTLE 150ML | E20: 150 ml | F20: 8001 | G20: 11030 | H20: 10350 | I20: 680 | J20: =IFERROR(I20/(H20+I20),"") -> 0.061650045 | K20: 280
A21: 46238 | B21: Press-06 | C21: Samsol International Private Limited | D21: S-45 | E21: 25 | F21: 5389 | G21: 27000 | H21: 26840 | I21: 160 | J21: =IFERROR(I21/(H21+I21),"") -> 0.0059259259
A22: 46238 | B22: Printing-03 | C22: Samsol International Private Limited | D22: S-45 | E22: 25 | F22: 5389 | G22: 13053 | H22: 12768 | I22: 285 | J22: =IFERROR(I22/(H22+I22),"") -> 0.021834061 | M22: 120
A23: 46238 | B23: Printing-04 | C23: Golden Pearl Cosmetics (PVT) LTD | D23: HELLO HAIR COLOR | E23: 30 | F23: 6206 | G23: 2956 | H23: 2856 | I23: 100 | J23: =IFERROR(I23/(H23+I23),"") -> 0.033829499
A24: 46239 | B24: Lacquer-03 | C24: Golden Pearl Cosmetics (PVT) LTD | D24: HELLO HAIR COLOR | E24: 30 | F24: 6206 | G24: 5000 | H24: 4900 | I24: 100 | J24: =IFERROR(I24/(H24+I24),"") -> 0.02
A25: 46239 | B25: Lacquer-04 | C25: Samsol International Private Limited | D25: S-45 | E25: 25 | F25: 5389 | G25: 20000 | H25: 19650 | I25: 350 | J25: =IFERROR(I25/(H25+I25),"") -> 0.0175
A26: 46239 | B26: PF Machine | C26: Alpha Labs PVT LTD | D26: TRANSPARENT BOTTLE 150ML | E26: 150 ml | F26: 8001 | G26: 11475 | H26: 10925 | I26: 550 | J26: =IFERROR(I26/(H26+I26),"") -> 0.047930283 | L26: 30 | O26: 120
A27: 46239 | B27: Press-04 | C27: Golden Pearl Cosmetics (PVT) LTD | D27: HELLO HAIR COLOR | E27: 30 | F27: 6206 | G27: 10800 | H27: 10690 | I27: 110 | J27: =IFERROR(I27/(H27+I27),"") -> 0.010185185 | O27: 240
A28: 46239 | B28: Press-06 | C28: Samsol International Private Limited | D28: S-45 | E28: 25 | F28: 5389 | G28: 23000 | H28: 22850 | I28: 150 | J28: =IFERROR(I28/(H28+I28),"") -> 0.0065217391
A29: 46239 | B29: Printing-03 | C29: Samsol International Private Limited | D29: S-45 | E29: 25 | F29: 5389 | G29: 20234 | H29: 19824 | I29: 410 | J29: =IFERROR(I29/(H29+I29),"") -> 0.020262924
A30: 46240 | B30: Lacquer-03 | C30: Golden Pearl Cosmetics (PVT) LTD | D30: HELLO HAIR COLOR | E30: 30 | F30: 6206 | G30: 24000 | H30: 23605 | I30: 395 | J30: =IFERROR(I30/(H30+I30),"") -> 0.016458333
A31: 46240 | B31: Latex-01 | C31: Golden Pearl Cosmetics (PVT) LTD | D31: HELLO HAIR COLOR | E31: 30 | F31: 6206 | G31: 13804 | H31: 13784 | I31: 20 | J31: =IFERROR(I31/(H31+I31),"") -> 0.0014488554 | O31: 240
A32: 46240 | B32: PF Machine | C32: Alpha Labs PVT LTD | D32: TRANSPARENT BOTTLE 150ML | E32: 150 ml | F32: 8001 | G32: 16120 | H32: 15640 | I32: 480 | J32: =IFERROR(I32/(H32+I32),"") -> 0.029776675 | P32: 80
A33: 46240 | B33: Press-04 | C33: Golden Pearl Cosmetics (PVT) LTD | D33: HELLO HAIR COLOR | E33: 30 | F33: 6206 | G33: 23500 | H33: 23350 | I33: 150 | J33: =IFERROR(I33/(H33+I33),"") -> 0.0063829787
A34: 46240 | B34: Press-06 | C34: Samsol International Private Limited | D34: S-45 | E34: 25 | F34: 5389 | G34: 4900 | H34: 4850 | I34: 50 | J34: =IFERROR(I34/(H34+I34),"") -> 0.010204082
A35: 46240 | B35: Printing-04 | C35: Golden Pearl Cosmetics (PVT) LTD | D35: HELLO HAIR COLOR | E35: 30 | F35: 6206 | G35: 24503 | H35: 24038 | I35: 465 | J35: =IFERROR(I35/(H35+I35),"") -> 0.018977268
A36: 46241 | B36: Lacquer-03 | C36: Golden Pearl Cosmetics (PVT) LTD | D36: HELLO HAIR COLOR | E36: 30 | F36: 6206 | G36: 22000 | H36: 21630 | I36: 370 | J36: =IFERROR(I36/(H36+I36),"") -> 0.016818182
A37: 46241 | B37: Latex-01 | C37: Golden Pearl Cosmetics (PVT) LTD | D37: HELLO HAIR COLOR | E37: 30 | F37: 6206 | G37: 24076 | H37: 24056 | I37: 20 | J37: =IFERROR(I37/(H37+I37),"") -> 0.00083070277
A38: 46241 | B38: PF Machine | C38: Alpha Labs PVT LTD | D38: TRANSPARENT BOTTLE 150ML | E38: 150 ml | F38: 8001 | G38: 6220 | H38: 5520 | I38: 700 | J38: =IFERROR(I38/(H38+I38),"") -> 0.11254019 | K38: 120 | O38: 330
A39: 46241 | B39: Press-04 | C39: Golden Pearl Cosmetics (PVT) LTD | D39: HELLO HAIR COLOR | E39: 30 | F39: 6206 | G39: 24000 | H39: 23850 | I39: 150 | J39: =IFERROR(I39/(H39+I39),"") -> 0.00625
A40: 46241 | B40: Printing-04 | C40: Golden Pearl Cosmetics (PVT) LTD | D40: HELLO HAIR COLOR | E40: 30 | F40: 6206 | G40: 19911 | H40: 19516 | I40: 395 | J40: =IFERROR(I40/(H40+I40),"") -> 0.01983828 | M40: 60
A41: 46242 | B41: Lacquer-03 | C41: Golden Pearl Cosmetics (PVT) LTD | D41: HELLO HAIR COLOR | E41: 30 | F41: 6206 | G41: 14000 | H41: 13750 | I41: 250 | J41: =IFERROR(I41/(H41+I41),"") -> 0.017857143
A42: 46242 | B42: Lacquer-04 | C42: Samsol International Private Limited | D42: S-45 | E42: 25 | F42: 5389 | G42: 8000 | H42: 7880 | I42: 120 | J42: =IFERROR(I42/(H42+I42),"") -> 0.015
A43: 46242 | B43: Latex-01 | C43: Golden Pearl Cosmetics (PVT) LTD | D43: HELLO HAIR COLOR | E43: 30 | F43: 6206 | G43: 24276 | H43: 24256 | I43: 20 | J43: =IFERROR(I43/(H43+I43),"") -> 0.00082385896
A44: 46242 | B44: PF Machine | C44: Alpha Labs PVT LTD | D44: TRANSPARENT BOTTLE 150ML | E44: 150 ml | F44: 8001 | G44: 0 | H44: 0 | I44: 0 | J44: =IFERROR(I44/(H44+I44),"") | K44: 960
A45: 46242 | B45: Press-04 | C45: Golden Pearl Cosmetics (PVT) LTD | D45: HELLO HAIR COLOR | E45: 30 | F45: 6206 | G45: 6800 | H45: 6720 | I45: 80 | J45: =IFERROR(I45/(H45+I45),"") -> 0.011764706
A46: 46242 | B46: Press-06 | C46: Samsol International Private Limited | D46: S-45 | E46: 25 | F46: 5389 | G46: 9200 | H46: 9105 | I46: 95 | J46: =IFERROR(I46/(H46+I46),"") -> 0.010326087 | K46: 120
A47: 46242 | B47: Printing-03 | C47: Samsol International Private Limited | D47: S-45 | E47: 25 | F47: 5389 | G47: 5200 | H47: 5040 | I47: 160 | J47: =IFERROR(I47/(H47+I47),"") -> 0.030769231
A48: 46242 | B48: Printing-04 | C48: Golden Pearl Cosmetics (PVT) LTD | D48: HELLO HAIR COLOR | E48: 30 | F48: 6206 | G48: 18438 | H48: 18088 | I48: 350 | J48: =IFERROR(I48/(H48+I48),"") -> 0.018982536
A49: 46244 | B49: Lacquer-04 | C49: Samsol International Private Limited | D49: S-45 | E49: 25 | F49: 5389 | G49: 18000 | H49: 17720 | I49: 280 | J49: =IFERROR(I49/(H49+I49),"") -> 0.015555556 | M49: 60
A50: 46244 | B50: PF Machine | C50: Alpha Labs PVT LTD | D50: TRANSPARENT BOTTLE 150ML | E50: 150 ml | F50: 8001 | G50: 0 | H50: 0 | I50: 0 | J50: =IFERROR(I50/(H50+I50),"") | K50: 960
A51: 46244 | B51: Press-04 | C51: Golden Pearl Cosmetics (PVT) LTD | D51: HELLO HAIR COLOR | E51: 30 | F51: 6206 | G51: 8000 | H51: 7900 | I51: 100 | J51: =IFERROR(I51/(H51+I51),"") -> 0.0125 | M51: 180
A52: 46244 | B52: Press-06 | C52: Samsol International Private Limited | D52: S-45 | E52: 25 | F52: 5389 | G52: 2000 | H52: 1970 | I52: 30 | J52: =IFERROR(I52/(H52+I52),"") -> 0.015
A53: 46244 | B53: Printing-03 | C53: Samsol International Private Limited | D53: S-45 | E53: 25 | F53: 5389 | G53: 17110 | H53: 16800 | I53: 310 | J53: =IFERROR(I53/(H53+I53),"") -> 0.01811806 | M53: 120
A54: 46245 | B54: Lacquer-03 | C54: Golden Pearl Cosmetics (PVT) LTD | D54: HELLO HAIR COLOR | E54: 30 | F54: 6206 | G54: 27000 | H54: 26550 | I54: 450 | J54: =IFERROR(I54/(H54+I54),"") -> 0.016666667
A55: 46245 | B55: Latex-01 | C55: Golden Pearl Cosmetics (PVT) LTD | D55: HELLO HAIR COLOR | E55: 30 | F55: 6206 | G55: 11000 | H55: 10995 | I55: 5 | J55: =IFERROR(I55/(H55+I55),"") -> 0.00045454545 | O55: 180
A56: 46245 | B56: PF Machine | C56: Alpha Labs PVT LTD | D56: TRANSPARENT BOTTLE 150ML | E56: 150 ml | F56: 8001 | G56: 0 | H56: 0 | I56: 0 | J56: =IFERROR(I56/(H56+I56),"") | K56: 960
A57: 46245 | B57: Press-04 | C57: Golden Pearl Cosmetics (PVT) LTD | D57: HELLO HAIR COLOR | E57: 30 | F57: 6206 | G57: 29000 | H57: 28815 | I57: 185 | J57: =IFERROR(I57/(H57+I57),"") -> 0.0063793103
A58: 46245 | B58: Printing-04 | C58: Golden Pearl Cosmetics (PVT) LTD | D58: HELLO HAIR COLOR | E58: 30 | F58: 6206 | G58: 22594 | H58: 22134 | I58: 460 | J58: =IFERROR(I58/(H58+I58),"") -> 0.020359387
A59: 46246 | B59: Lacquer-03 | C59: Golden Pearl Cosmetics (PVT) LTD | D59: HELLO HAIR COLOR | E59: 30 | F59: 6206 | G59: 24000 | H59: 23605 | I59: 395 | J59: =IFERROR(I59/(H59+I59),"") -> 0.016458333
A60: 46246 | B60: Latex-01 | C60: Golden Pearl Cosmetics (PVT) LTD | D60: HELLO HAIR COLOR | E60: 30 | F60: 6206 | G60: 27370 | H60: 27350 | I60: 20 | J60: =IFERROR(I60/(H60+I60),"") -> 0.00073072707
A61: 46246 | B61: PF Machine | C61: Alpha Labs PVT LTD | D61: TRANSPARENT BOTTLE 150ML | E61: 150 ml | F61: 8001 | G61: 0 | H61: 0 | I61: 0 | J61: =IFERROR(I61/(H61+I61),"") | L61: 960
A62: 46246 | B62: Press-04 | C62: Golden Pearl Cosmetics (PVT) LTD | D62: HELLO HAIR COLOR | E62: 30 | F62: 6206 | G62: 17600 | H62: 17485 | I62: 115 | J62: =IFERROR(I62/(H62+I62),"") -> 0.0065340909 | K62: 60
A63: 46246 | B63: Printing-04 | C63: Golden Pearl Cosmetics (PVT) LTD | D63: HELLO HAIR COLOR | E63: 30 | F63: 6206 | G63: 25460 | H63: 24990 | I63: 470 | J63: =IFERROR(I63/(H63+I63),"") -> 0.01846033
A64: 46247 | B64: Lacquer-03 | C64: Golden Pearl Cosmetics (PVT) LTD | D64: HELLO HAIR COLOR | E64: 30 | F64: 6206 | G64: 10000 | H64: 9820 | I64: 180 | J64: =IFERROR(I64/(H64+I64),"") -> 0.018 | M64: 240
A65: 46247 | B65: Latex-01 | C65: Golden Pearl Cosmetics (PVT) LTD | D65: HELLO HAIR COLOR | E65: 30 | F65: 6206 | G65: 23024 | H65: 23004 | I65: 20 | J65: =IFERROR(I65/(H65+I65),"") -> 0.00086865879
A66: 46247 | B66: PF Machine | C66: Alpha Labs PVT LTD | D66: TRANSPARENT BOTTLE 150ML | E66: 150 ml | F66: 8001 | G66: 0 | H66: 0 | I66: 0 | J66: =IFERROR(I66/(H66+I66),"") | L66: 960
A67: 46247 | B67: Press-04 | C67: Golden Pearl Cosmetics (PVT) LTD | D67: HELLO HAIR COLOR | E67: 30 | F67: 6206 | G67: 6950 | H67: 6900 | I67: 50 | J67: =IFERROR(I67/(H67+I67),"") -> 0.0071942446 | M67: 180
A68: 46247 | B68: Printing-04 | C68: Golden Pearl Cosmetics (PVT) LTD | D68: HELLO HAIR COLOR | E68: 30 | F68: 6206 | G68: 13162 | H68: 12852 | I68: 310 | J68: =IFERROR(I68/(H68+I68),"") -> 0.023552652 | M68: 280
A69: 46249 | B69: Lacquer-03 | C69: Golden Pearl Cosmetics (PVT) LTD | D69: HELLO HAIR COLOR | E69: 30 | F69: 6206 | G69: 0 | H69: 0 | I69: 0 | J69: =IFERROR(I69/(H69+I69),"") | M69: 480
A70: 46249 | B70: Latex-01 | C70: Golden Pearl Cosmetics (PVT) LTD | D70: HELLO HAIR COLOR | E70: 30 | F70: 6206 | G70: 0 | H70: 0 | I70: 0 | J70: =IFERROR(I70/(H70+I70),"") | M70: 480
A71: 46249 | B71: PF Machine | C71: Alpha Labs PVT LTD | D71: TRANSPARENT BOTTLE 150ML | E71: 150 ml | F71: 8001 | G71: 0 | H71: 0 | I71: 0 | J71: =IFERROR(I71/(H71+I71),"") | K71: 960
A72: 46249 | B72: Press-04 | C72: Golden Pearl Cosmetics (PVT) LTD | D72: HELLO HAIR COLOR | E72: 30 | F72: 6206 | G72: 0 | H72: 0 | I72: 0 | J72: =IFERROR(I72/(H72+I72),"") | M72: 480
A73: 46249 | B73: Printing-04 | C73: Golden Pearl Cosmetics (PVT) LTD | D73: HELLO HAIR COLOR | E73: 30 | F73: 6206 | G73: 0 | H73: 0 | I73: 0 | J73: =IFERROR(I73/(H73+I73),"") | M73: 480
A74: 46251 | B74: Lacquer-03 | C74: Golden Pearl Cosmetics (PVT) LTD | D74: HELLO HAIR COLOR | E74: 30 | F74: 6206 | G74: 0 | H74: 0 | I74: 0 | J74: =IFERROR(I74/(H74+I74),"") | M74: 480
A75: 46251 | B75: Latex-01 | C75: Golden Pearl Cosmetics (PVT) LTD | D75: HELLO HAIR COLOR | E75: 30 | F75: 6206 | G75: 0 | H75: 0 | I75: 0 | J75: =IFERROR(I75/(H75+I75),"") | M75: 480
A76: 46251 | B76: PF Machine | C76: Alpha Labs PVT LTD | D76: TRANSPARENT BOTTLE 150ML | E76: 150 ml | F76: 8001 | G76: 0 | H76: 0 | I76: 0 | J76: =IFERROR(I76/(H76+I76),"") | K76: 960
A77: 46251 | B77: Press-04 | C77: Golden Pearl Cosmetics (PVT) LTD | D77: HELLO HAIR COLOR | E77: 30 | F77: 6206 | G77: 0 | H77: 0 | I77: 0 | J77: =IFERROR(I77/(H77+I77),"") | M77: 480
A78: 46251 | B78: Printing-04 | C78: Golden Pearl Cosmetics (PVT) LTD | D78: HELLO HAIR COLOR | E78: 30 | F78: 6206 | G78: 0 | H78: 0 | I78: 0 | J78: =IFERROR(I78/(H78+I78),"") | M78: 480
A79: 46252 | B79: Lacquer-03 | C79: Golden Pearl Cosmetics (PVT) LTD | D79: HELLO HAIR COLOR | E79: 30 | F79: 6206 | G79: 0 | H79: 0 | I79: 0 | J79: =IFERROR(I79/(H79+I79),"") | M79: 480
A80: 46252 | B80: Latex-01 | C80: Golden Pearl Cosmetics (PVT) LTD | D80: HELLO HAIR COLOR | E80: 30 | F80: 6206 | G80: 0 | H80: 0 | I80: 0 | J80: =IFERROR(I80/(H80+I80),"") | M80: 480
A81: 46252 | B81: PF Machine | C81: Alpha Labs PVT LTD | D81: TRANSPARENT BOTTLE 150ML | E81: 150 ml | F81: 8001 | G81: 0 | H81: 0 | I81: 0 | J81: =IFERROR(I81/(H81+I81),"") | K81: 960
A82: 46252 | B82: Press-04 | C82: Golden Pearl Cosmetics (PVT) LTD | D82: HELLO HAIR COLOR | E82: 30 | F82: 6206 | G82: 0 | H82: 0 | I82: 0 | J82: =IFERROR(I82/(H82+I82),"") | M82: 480
A83: 46252 | B83: Printing-04 | C83: Golden Pearl Cosmetics (PVT) LTD | D83: HELLO HAIR COLOR | E83: 30 | F83: 6206 | G83: 0 | H83: 0 | I83: 0 | J83: =IFERROR(I83/(H83+I83),"") | M83: 480
A84: 46253 | B84: Lacquer-03 | C84: Golden Pearl Cosmetics (PVT) LTD | D84: HELLO HAIR COLOR | E84: 30 | F84: 6206 | G84: 0 | H84: 0 | I84: 0 | J84: =IFERROR(I84/(H84+I84),"") | M84: 480
A85: 46253 | B85: Latex-01 | C85: Golden Pearl Cosmetics (PVT) LTD | D85: HELLO HAIR COLOR | E85: 30 | F85: 6206 | G85: 0 | H85: 0 | I85: 0 | J85: =IFERROR(I85/(H85+I85),"") | O85: 480
A86: 46253 | B86: PF Machine | C86: Alpha Labs PVT LTD | D86: TRANSPARENT BOTTLE 150ML | E86: 150 ml | F86: 8001 | G86: 10805 | H86: 10005 | I86: 800 | J86: =IFERROR(I86/(H86+I86),"") -> 0.074039796 | K86: 240
A87: 46253 | B87: Press-04 | C87: Golden Pearl Cosmetics (PVT) LTD | D87: HELLO HAIR COLOR | E87: 30 | F87: 6206 | G87: 9000 | H87: 8890 | I87: 110 | J87: =IFERROR(I87/(H87+I87),"") -> 0.012222222 | O87: 240
A88: 46253 | B88: Printing-04 | C88: Golden Pearl Cosmetics (PVT) LTD | D88: HELLO HAIR COLOR | E88: 30 | F88: 6206 | G88: 0 | H88: 0 | I88: 0 | J88: =IFERROR(I88/(H88+I88),"") | M88: 480
A89: 46254 | B89: Lacquer-03 | C89: Golden Pearl Cosmetics (PVT) LTD | D89: HELLO HAIR COLOR | E89: 30 | F89: 6206 | G89: 12000 | H89: 11850 | I89: 150 | J89: =IFERROR(I89/(H89+I89),"") -> 0.0125 | M89: 180
A90: 46254 | B90: Latex-01 | C90: Golden Pearl Cosmetics (PVT) LTD | D90: HELLO HAIR COLOR | E90: 30 | F90: 6206 | G90: 0 | H90: 0 | I90: 0 | J90: =IFERROR(I90/(H90+I90),"") | O90: 480
A91: 46254 | B91: PF Machine | C91: Alpha Labs PVT LTD | D91: TRANSPARENT BOTTLE 150ML | E91: 150 ml | F91: 8001 | G91: 18370 | H91: 17020 | I91: 1350 | J91: =IFERROR(I91/(H91+I91),"") -> 0.073489385 | K91: 300
A92: 46254 | B92: Press-04 | C92: Golden Pearl Cosmetics (PVT) LTD | D92: HELLO HAIR COLOR | E92: 30 | F92: 6206 | G92: 14000 | H92: 13880 | I92: 120 | J92: =IFERROR(I92/(H92+I92),"") -> 0.0085714286 | K92: 120
A93: 46254 | B93: Printing-04 | C93: Golden Pearl Cosmetics (PVT) LTD | D93: HELLO HAIR COLOR | E93: 30 | F93: 6206 | G93: 6902 | H93: 6722 | I93: 180 | J93: =IFERROR(I93/(H93+I93),"") -> 0.026079397 | N93: 60 | O93: 240
A94: 46255 | B94: Lacquer-03 | C94: Golden Pearl Cosmetics (PVT) LTD | D94: HELLO HAIR COLOR | E94: 30 | F94: 6206 | G94: 24000 | H94: 23590 | I94: 410 | J94: =IFERROR(I94/(H94+I94),"") -> 0.017083333
A95: 46255 | B95: Latex-01 | C95: Golden Pearl Cosmetics (PVT) LTD | D95: HELLO HAIR COLOR | E95: 30 | F95: 6206 | G95: 23086 | H95: 23066 | I95: 20 | J95: =IFERROR(I95/(H95+I95),"") -> 0.00086632591
A96: 46255 | B96: PF Machine | C96: Alpha Labs PVT LTD | D96: TRANSPARENT BOTTLE 150ML | E96: 150 ml | F96: 8001 | G96: 13780 | H96: 12075 | I96: 1705 | J96: =IFERROR(I96/(H96+I96),"") -> 0.12373004 | K96: 500
A97: 46255 | B97: Press-04 | C97: Golden Pearl Cosmetics (PVT) LTD | D97: HELLO HAIR COLOR | E97: 30 | F97: 6206 | G97: 22500 | H97: 22375 | I97: 125 | J97: =IFERROR(I97/(H97+I97),"") -> 0.0055555556
A98: 46255 | B98: Printing-04 | C98: Golden Pearl Cosmetics (PVT) LTD | D98: HELLO HAIR COLOR | E98: 30 | F98: 6206 | G98: 25370 | H98: 24990 | I98: 380 | J98: =IFERROR(I98/(H98+I98),"") -> 0.014978321
A99: 46256 | B99: Lacquer-03 | C99: Golden Pearl Cosmetics (PVT) LTD | D99: HELLO HAIR COLOR | E99: 30 | F99: 6206 | G99: 21000 | H99: 20620 | I99: 380 | J99: =IFERROR(I99/(H99+I99),"") -> 0.018095238
A100: 46256 | B100: Latex-01 | C100: Golden Pearl Cosmetics (PVT) LTD | D100: HELLO HAIR COLOR | E100: 30 | F100: 6206 | G100: 25000 | H100: 24975 | I100: 25 | J100: =IFERROR(I100/(H100+I100),"") -> 0.001
...

Sheet BOM
A1: BILL OF MATERIALS — Customer-Specific
A2: Product ID | B2: BOM ID | C2: Customer | D2: Product Name | E2: Dia | F2: Material Category | G2: Item ID | H2: Item Name | I2: UOM | J2: Per 1000 Units | K2: Material Group | L2: Scrap % | M2: Change Note
A3: 6561 | B3: 190 | C3: Brookes Pharma Private Limited | D3: ECZEMUS OINTMENT 0.03% 10G | E3: 16 | F3: SLUG | G3: 2799 | H3: 16x4.5 | I3: kg | J3: 2.51889 | K3: Aluminum Slugs | L3: 0.1
A4: 6561 | B4: 190 | C4: Brookes Pharma Private Limited | D4: ECZEMUS OINTMENT 0.03% 10G | E4: 16 | F4: BASE COAT | G4: 3595 | H4: POLYSTER BASE COAT WHITE 234 | I4: kg | J4: 0.29 | K4: Base Coat | L4: 0.1
A5: 6561 | B5: 190 | C5: Brookes Pharma Private Limited | D5: ECZEMUS OINTMENT 0.03% 10G | E5: 16 | F5: CAP | G5: 69 | H5: M-7 S/M F/P (S) WHITE | I5: PCS | J5: 1000 | K5: Caps | L5: 0.02
A6: 6561 | B6: 190 | C6: Brookes Pharma Private Limited | D6: ECZEMUS OINTMENT 0.03% 10G | E6: 16 | F6: CARTON | G6: 36 | H6: 16X200 3Ply | I6: PCS | J6: 5 | K6: Cartons | L6: 0.1
A7: 6561 | B7: 190 | C7: Brookes Pharma Private Limited | D7: ECZEMUS OINTMENT 0.03% 10G | E7: 16 | F7: ZINC POWDER | G7: 194 | H7: ZINC STEARATE | I7: kg | J7: 0.00261964 | K7: Zinc Stearate | L7: 0.1
A8: 6561 | B8: 190 | C8: Brookes Pharma Private Limited | D8: ECZEMUS OINTMENT 0.03% 10G | E8: 16 | F8: LACQUER | G8: 4155 | H8: E/P LACQUER 4000 A/R | I8: L | J8: 0.17 | K8: Lacquer | L8: 0.1
A9: 6561 | B9: 190 | C9: Brookes Pharma Private Limited | D9: ECZEMUS OINTMENT 0.03% 10G | E9: 16 | F9: THINNER | G9: 190 | H9: THINNER FOR LACQUER SOL R/C | I9: L | J9: 0.06 | K9: Thinner | L9: 0.1
A10: 6561 | B10: 190 | C10: Brookes Pharma Private Limited | D10: ECZEMUS OINTMENT 0.03% 10G | E10: 16 | F10: TAPE | G10: 3635 | H10: PACKING TAPE 2" OF 60 YARDS | I10: PCS | J10: 0.119 | K10: Packing Tape | L10: 0.1
A11: 6561 | B11: 190 | C11: Brookes Pharma Private Limited | D11: ECZEMUS OINTMENT 0.03% 10G | E11: 16 | F11: CARTON | G11: 200 | H11: DIA 16 5Ply | I11: PCS | J11: 0.55 | K11: Cartons | L11: 0.1
A12: 1085 | B12: 187 | C12: Brookes Pharma Private Limited | D12: PYODINE GEL 20GM | E12: 19 | F12: Slug | G12: 19 | H12: 19X4.5 S/M | I12: kg | J12: 3.367 | K12: Aluminum Slugs | L12: 0.1
A13: 1085 | B13: 187 | C13: Brookes Pharma Private Limited | D13: PYODINE GEL 20GM | E13: 19 | F13: BASE COAT | G13: 3595 | H13: POLYSTER BASE COAT WHITE 234 | I13: kg | J13: 0.31 | K13: Base Coat | L13: 0.1
A14: 1085 | B14: 187 | C14: Brookes Pharma Private Limited | D14: PYODINE GEL 20GM | E14: 19 | F14: CAP | G14: 81 | H14: M-9 S/M F/P WHITE (S) | I14: PCS | J14: 1000 | K14: Caps | L14: 0.02
... A205: 6020 | B205: 130 | C205: Adore | D205: ANVIL 43 | E205: 35 | F205: BASE COAT | G205: 4156 | H205: BEIGE 5711200007 | I205: kg | J205: 1.2 | K205: Base Coat | L205: 0.1
A206: 6020 | B206: 130 | C206: Adore | D206: ANVIL 43 | E206: 35 | F206: BASE COAT | H206: YELLOW BASE COAT (Item ID unknown — confirm with ERP) | I206: kg | J206: 0.78 | K206: Base Coat | L206: 0.1
A207: 6020 | B207: 130 | C207: Adore | D207: ANVIL 43 | E207: 35 | F207: CAP | G207: 1073 | H207: M-11 S/M F/P BLACK | I207: PCS | J207: 1000 | K207: Caps | L207: 0.02
A208: 6020 | B208: 130 | C208: Adore | D208: ANVIL 43 | E208: 35 | F208: CARTON | G208: 3988 | H208: 35x180 5ply | I208: PCS | J208: 6.06 | K208: Cartons | L208: 0.1
A209: 6020 | B209: 130 | C209: Adore | D209: ANVIL 43 | E209: 35 | F209: ZINC POWDER | G209: 194 | H209: ZINC STEARATE | I209: kg | J209: 0.01333 | K209: Zinc Stearate | L209: 0.1
A210: 6020 | B210: 130 | C210: Adore | D210: ANVIL 43 | E210: 35 | F210: TAPE | G210: 3635 | H210: PACKING TAPE 2" OF 60 YARDS | I210: PCS | J210: 0.168 | K210: Packing Tape | L210: 0.1
A211: 6020 | B211: 130 | C211: Adore | D211: ANVIL 43 | E211: 35 | F211: LACQUER | G211: 4155 | H211: E/P LACQUER 4000 A/R | I211: kg | J211: 0.5 | K211: Lacquer | L211: 0.1
A212: 6020 | B212: 130 | C212: Adore | D212: ANVIL 43 | E212: 35 | F212: LATEX | G212: 186 | H212: LATEX IMP 574010002 | I212: kg | J212: 0.7 | K212: Latex | L212: 0.1
A213: 6021 | B213: 131 | C213: Adore | D213: ANVIL 45 | E213: 35 | F213: SLUG | G213: 3503 | H213: 35X5.0 | I213: kg | J213: 12.82 | K213: Aluminum Slugs | L213: 0.1
A214: 6021 | B214: 131 | C214: Adore | D214: ANVIL 45 | E214: 35 | F214: BASE COAT | G214: 4156 | H214: BEIGE 5711200007 | I214: kg | J214: 1.2 | K214: Base Coat | L214: 0.1
A215: 6021 | B215: 131 | C215: Adore | D215: ANVIL 45 | E215: 35 | F215: BASE COAT | H215: YELLOW BASE COAT (Item ID unknown — confirm with ERP) | I215: kg | J215: 0.78 | K215: Base Coat | L215: 0.1
A216: 6021 | B216: 131 | C216: Adore | D216: ANVIL 45 | E216: 35 | F216: CAP | G216: 1073 | H216: M-11 S/M F/P BLACK | I216: PCS | J216: 1000 | K216: Caps | L216: 0.02
A217: 6021 | B217: 131 | C217: Adore | D217: ANVIL 45 | E217: 35 | F217: CARTON | G217: 3988 | H217: 35x180 5ply | I217: PCS | J217: 6.06 | K217: Cartons | L217: 0.1
A218: 6021 | B218: 131 | C218: Adore | D218: ANVIL 45 | E218: 35 | F218: ZINC POWDER | G218: 194 | H218: ZINC STEARATE | I218: kg | J218: 0.01333 | K218: Zinc Stearate | L218: 0.1
A219: 6021 | B219: 131 | C219: Adore | D219: ANVIL 45 | E219: 35 | F219: TAPE | G219: 3635 | H219: PACKING TAPE 2" OF 60 YARDS | I219: PCS | J219: 0.168 | K219: Packing Tape | L219: 0.1
A220: 6021 | B220: 131 | C220: Adore | D220: ANVIL 45 | E220: 35 | F220: LACQUER | G220: 4155 | H220: E/P LACQUER 4000 A/R | I220: kg | J220: 0.5 | K220: Lacquer | L220: 0.1
A221: 6021 | B221: 131 | C221: Adore | D221: ANVIL 45 | E221: 35 | F221: LATEX | G221: 186 | H221: LATEX IMP 574010002 | I221: kg | J221: 0.7 | K221: Latex | L221: 0.1
A222: 6530 | B222: 182 | C222: Adore | D222: V- HC BROWN | E222: 35 | F222: SLUG | G222: 3503 | H222: 35X5.0 | I222: kg | J222: 12.82 | K222: Aluminum Slugs | L222: 0.1
A223: 6530 | B223: 182 | C223: Adore | D223: V- HC BROWN | E223: 35 | F223: BASE COAT | G223: 3595 | H223: POLYSTER BASE COAT WHITE 234 | I223: kg | J223: 0.78 | K223: Base Coat | L223: 0.1
A224: 6530 | B224: 182 | C224: Adore | D224: V- HC BROWN | E224: 35 | F224: CAP | G224: 578 | H224: M-12 S/M SPR WHITE DIA 30 | I224: PCS | J224: 1000 | K224: Caps | L224: 0.02
A225: 6530 | B225: 182 | C225: Adore | D225: V- HC BROWN | E225: 35 | F225: CARTON | G225: 3988 | H225: 35x180 5ply | I225: PCS | J225: 6.06 | K225: Cartons | L225: 0.1
A226: 6530 | B226: 182 | C226: Adore | D226: V- HC BROWN | E226: 35 | F226: ZINC POWDER | G226: 194 | H226: ZINC STEARATE | I226: kg | J226: 0.0133 | K226: Zinc Stearate | L226: 0.1
A227: 6530 | B227: 182 | C227: Adore | D227: V- HC BROWN | E227: 35 | F227: LACQUER | G227: 4155 | H227: E/P LACQUER 4000 A/R | I227: kg | J227: 0.16 | K227: Lacquer | L227: 0.1
... A235: 6531 | B235: 183 | C235: Adore | D235: V-HC BLACK | E235: 35 | F235: TAPE | G235: 3635 | H235: PACKING TAPE 2" OF 60 YARDS | I235: PCS | J235: 0.168 | K235: Packing Tape | L235: 0.1
A236: 8001 | B236: 800 | C236: Alpha Labs PVT LTD | D236: TRANSPARENT BOTTLE 150ML | E236: 150 ml | F236: PET RESIN | G236: 2680 | H236: PET RESIN A-84 | I236: kg | J236: 22 | K236: PET Resin | L236: 0.15
A237: 8001 | B237: 800 | C237: Alpha Labs PVT LTD | D237: TRANSPARENT BOTTLE 150ML | E237: 150 ml | F237: MASTER CARTON | G237: 5977 | H237: MASTER CARTON 38"X24"X15.5" | I237: PCS | J237: 1.087 | K237: Master Carton | L237: 0.15
A238: 8001 | B238: 800 | C238: Alpha Labs PVT LTD | D238: TRANSPARENT BOTTLE 150ML | E238: 150 ml | F238: POLY BAG | G238: 2267 | H238: POLY BAG 20X30 (LDPE) | I238: PCS | J238: 8.696 | K238: Poly Bag | L238: 0.15
A239: 8001 | B239: 800 | C239: Alpha Labs PVT LTD | D239: TRANSPARENT BOTTLE 150ML | E239: 150 ml | F239: TAPE | G239: 3635 | H239: PACKING TAPE 2" OF 60 YARDS | I239: PCS | J239: 0.027 | K239: Packing Tape | L239: 0.15
A240: 8001 | B240: 800 | C240: Alpha Labs PVT LTD | D240: TRANSPARENT BOTTLE 150ML | E240: 150 ml | F240: PLASTIC DOORI | G240: 3043 | H240: PLASTIC DOORI | I240: ROLL | J240: 0.005 | K240: Packing | L240: 0.15
A241: 8005 | B241: 805 | C241: Samsol International Private Limited | D241: PET BOTTLE SMALL (120ML) YELLOW | E241: 120 ml | F241: PET RESIN | G241: 2680 | H241: PET RESIN A-84 | I241: kg | J241: 17.1 | K241: PET Resin | L241: 0.15
A242: 8005 | B242: 805 | C242: Samsol International Private Limited | D242: PET BOTTLE SMALL (120ML) YELLOW | E242: 120 ml | F242: MASTERBATCH | G242: 4002 | H242: MASTER BATCH YELLOW CMN# 3087 | I242: kg | J242: 0.9 | K242: Masterbatch | L242: 0.15
A243: 8005 | B243: 805 | C243: Samsol International Private Limited | D243: PET BOTTLE SMALL (120ML) YELLOW | E243: 120 ml | F243: POLY BAG | G243: 2267 | H243: POLY BAG 20X30 (LDPE) | I243: PCS | J243: 8.333 | K243: Poly Bag | L243: 0.15
A244: 8005 | B244: 805 | C244: Samsol International Private Limited | D244: PET BOTTLE SMALL (120ML) YELLOW | E244: 120 ml | F244: PLASTIC DOORI | G244: 3043 | H244: PLASTIC DOORI | I244: ROLL | J244: 0.005 | K244: Packing | L244: 0.15
A245: 8011 | B245: 811 | C245: Samsol International Private Limited | D245: BLACK SMALL BOTTLE 120ML | E245: 120 ml | F245: PET RESIN | G245: 2680 | H245: PET RESIN A-84 | I245: kg | J245: 17.46 | K245: PET Resin | L245: 0.15
A246: 8011 | B246: 811 | C246: Samsol International Private Limited | D246: BLACK SMALL BOTTLE 120ML | E246: 120 ml | F246: MASTERBATCH | G246: 7412 | H246: MASTER BATCH BLACK DP# 6411 | I246: kg | J246: 0.54 | K246: Masterbatch | L246: 0.15
A247: 8011 | B247: 811 | C247: Samsol International Private Limited | D247: BLACK SMALL BOTTLE 120ML | E247: 120 ml | F247: POLY BAG | G247: 2267 | H247: POLY BAG 20X30 (LDPE) | I247: PCS | J247: 8.333 | K247: Poly Bag | L247: 0.15
... A286: 8014 | B286: 814 | C286: Samsol International Private Limited | D286: PET BOTTLE MUSTARD OIL (200ML) TRANSPARENT | E286: 200 ml | F286: PLASTIC DOORI | G286: 3043 | H286: PLASTIC DOORI | I286: ROLL | J286: 0.005 | K286: Packing | L286: 0.15
A287: 2909 | B287: 56 | C287: Professional Beauty Solution (Pvt) Ltd.Pakistan | D287: EAZI COLOR PERMANENT HAIR COLOUR 60ML | E287: 30 | F287: Slug | G287: 406 | H287: 30X4.5 S/M | I287: kg | J287: 8 | K287: SLUG | L287: 0.1
A288: 2909 | B288: 56 | C288: Professional Beauty Solution (Pvt) Ltd.Pakistan | D288: EAZI COLOR PERMANENT HAIR COLOUR 60ML | E288: 30 | F288: BASE COAT | G288: 3595 | H288: POLYSTER BASE COAT WHITE 234 | I288: kg | J288: 0.67 | K288: BASE COAT | L288: 0.1
A289: 2909 | B289: 56 | C289: Professional Beauty Solution (Pvt) Ltd.Pakistan | D289: EAZI COLOR PERMANENT HAIR COLOUR 60ML | E289: 30 | F289: CARTON | G289: 45 | H289: 30X150 3Ply L18.75" W12.5" H6.5" | I289: pcs | J289: 6.6666 | K289: CARTON | L289: 0.1
A290: 2909 | B290: 56 | C290: Professional Beauty Solution (Pvt) Ltd.Pakistan | D290: EAZI COLOR PERMANENT HAIR COLOUR 60ML | E290: 30 | F290: Zinc Powder | G290: 194 | H290: ZINC STEARATE | I290: kg | J290: 0.00832 | K290: kg | L290: 0.1
A291: 2909 | B291: 56 | C291: Professional Beauty Solution (Pvt) Ltd.Pakistan | D291: EAZI COLOR PERMANENT HAIR COLOUR 60ML | E291: 30 | F291: LACQUER | G291: 4155 | H291: E/P LACQUER 4000 A/R | I291: kg | J291: 0.28 | K291: LACQUER | L291: 0.1
A292: 2909 | B292: 56 | C292: Professional Beauty Solution (Pvt) Ltd.Pakistan | D292: EAZI COLOR PERMANENT HAIR COLOUR 60ML | E292: 30 | F292: TAPE | G292: 3635 | H292: PACKING TAPE 2" OF 60 YARDS | I292: PCS | J292: 0.156 | K292: TAPE | L292: 0.1
A293: 4227 | B293: 20 | C293: Professional Beauty Solution (Pvt) Ltd | D293: BELINI HAIR COLOR 50ML | E293: 25 | F293: SLUG | G293: 6 | H293: 25X4.5 S/M | I293: kg | J293: 5.9171 | K293: SLUG | L293: 0.1
A294: 4227 | B294: 20 | C294: Professional Beauty Solution (Pvt) Ltd | D294: BELINI HAIR COLOR 50ML | E294: 25 | F294: LATEX | G294: 186 | H294: LATEX IMP 574010002 | I294: kg | J294: 0.09 | K294: LATEX | L294: 0.1
A295: 4227 | B295: 20 | C295: Professional Beauty Solution (Pvt) Ltd | D295: BELINI HAIR COLOR 50ML | E295: 25 | F295: CAP | G295: 3522 | H295: M-11 S/M SPR DARK BLUE DIA 25MM | I295: PCS | J295: 1000 | K295: CAP | L295: 0.02
A296: 4227 | B296: 20 | C296: Professional Beauty Solution (Pvt) Ltd | D296: BELINI HAIR COLOR 50ML | E296: 25 | F296: CARTON | G296: 3598 | H296: 25x336 5Ply L21.5" W14.5" H7 " | I296: PCS | J296: 2.9761 | K296: CARTON | L296: 0.1
A297: 4227 | B297: 20 | C297: Professional Beauty Solution (Pvt) Ltd | D297: BELINI HAIR COLOR 50ML | E297: 25 | F297: ZINC POWDER | G297: 194 | H297: ZINC STEARATE | I297: kg | J297: 0.00832 | K297: ZINC POWDER | L297: 0.1
A298: 4227 | B298: 20 | C298: Professional Beauty Solution (Pvt) Ltd | D298: BELINI HAIR COLOR 50ML | E298: 25 | F298: LACQUER | G298: 4155 | H298: E/P LACQUER 4000 A/R | I298: kg | J298: 0.4202 | K298: LACQUER | L298: 0.1
... A329: 6624 | B329: 192 | C329: Samsol International Private Limited | D329: S-45 DIA 19MM | E329: 19 | F329: TAPE | G329: 3635 | H329: PACKING TAPE 2" OF 60 YARDS | I329: PCS | J329: 0.059 | K329: TAPE | L329: 0.1
A330: 8015 | C330: Mablay Beauty PVT LTD. | D330: PET BOTTLE 130ML WHITE | E330: 130 ml | F330: PET RESIN | G330: 2680 | H330: PET RESIN A-84 | I330: kg | J330: 17.1 | K330: PET Resin | L330: 0.15
A331: 8015 | C331: Mablay Beauty PVT LTD. | D331: PET BOTTLE 130ML WHITE | E331: 130 ml | F331: MASTERBATCH | G331: 5816 | H331: MASTER BATCH WHITE PRC-MC ET02340000 | I331: kg | J331: 0.9 | K331: Master Batch | L331: 0.15
A332: 8015 | C332: Mablay Beauty PVT LTD. | D332: PET BOTTLE 130ML WHITE | E332: 130 ml | F332: MASTER CARTON | G332: 5977 | H332: MASTER CARTON 38"X24"X15.5" | I332: PCS | J332: 1.667 | K332: Master Carton | L332: 0.15
A333: 8015 | C333: Mablay Beauty PVT LTD. | D333: PET BOTTLE 130ML WHITE | E333: 130 ml | F333: POLY BAG | G333: 2267 | H333: POLY BAG 20X30 (LDPE) | I333: PCS | J333: 10 | K333: Poly Bag | L333: 0.15
A334: 8015 | C334: Mablay Beauty PVT LTD. | D334: PET BOTTLE 130ML WHITE | E334: 130 ml | F334: TAPE | G334: 3635 | H334: PACKING TAPE 2" OF 60 YARDS | I334: PCS | J334: 0.042 | K334: Packing Tape | L334: 0.15
A335: 8015 | C335: Mablay Beauty PVT LTD. | D335: PET BOTTLE 130ML WHITE | E335: 130 ml | F335: PLASTIC DOORI | G335: 3043 | H335: PLASTIC DOORI | I335: ROLL | J335: 0.005 | K335: Packing | L335: 0.15
A336: 8017 | B336: 817 | C336: Horizon Chem | D336: PET BOTTLE (150ML)TRANSPARENT BODY MIST | E336: 150 ml | F336: PET RESIN | G336: 2680 | H336: PET RESIN A-84 | I336: kg | J336: 22 | K336: PET Resin | L336: 0.15
A337: 8017 | B337: 817 | C337: Horizon Chem | D337: PET BOTTLE (150ML)TRANSPARENT BODY MIST | E337: 150 ml | F337: MASTER CARTON | G337: 5977 | H337: MASTER CARTON 38"X24"X15.5" | I337: PCS | J337: 1.087 | K337: Master Carton | L337: 0.15
A338: 8017 | B338: 817 | C338: Horizon Chem | D338: PET BOTTLE (150ML)TRANSPARENT BODY MIST | E338: 150 ml | F338: POLY BAG | G338: 2267 | H338: POLY BAG 20X30 (LDPE) | I338: PCS | J338: 8.696 | K338: Poly Bag | L338: 0.15
A339: 8017 | B339: 817 | C339: Horizon Chem | D339: PET BOTTLE (150ML)TRANSPARENT BODY MIST | E339: 150 ml | F339: TAPE | G339: 3635 | H339: PACKING TAPE 2" OF 60 YARDS | I339: PCS | J339: 0.027 | K339: Packing Tape | L339: 0.15
A340: 8017 | B340: 817 | C340: Horizon Chem | D340: PET BOTTLE (150ML)TRANSPARENT BODY MIST | E340: 150 ml | F340: PLASTIC DOORI | G340: 3043 | H340: PLASTIC DOORI | I340: ROLL | J340: 0.005 | K340: Packing | L340: 0.15

Sheet Inventory
A1: Slugs Inventory — August 2026 MONTH TO DATE | I1: Date: | J1: =TODAY() -> 46258
A2: Item ID | B2: Category | C2: Item Name (ERP) | D2: UOM | E2: Opening | F2: Received from Vendor | G2: Issued to Production | H2: Store Balance | I2: Work In Process | J2: Pieces Can Be Produced (Store + Floor Stock) | K2: Status / Remarks
A3: 31 | B3: Slug | C3: 13.5X4.2 | D3: kg | E3: 71.5 | F3: 0 | G3: 0 | H3: =E3+F3-G3 -> 71.5 | J3: =IFERROR(IF(AVERAGEIF(TableBOM[Item ID],A3,TableBOM[Per 1000 Units])=0,"-",ROUND((H3+I3)/(AVERAGEIF(TableBOM[Item ID],A3,TableBOM[Per 1000 Units])/1000),0)),"-") -> -
A4: 2799 | B4: Slug | C4: 16x4.5 | D4: kg | E4: 88 | F4: 0 | G4: 0 | H4: =E4+F4-G4 -> 88 | J4: =IFERROR(IF(AVERAGEIF(TableBOM[Item ID],A4,TableBOM[Per 1000 Units])=0,"-",ROUND((H4+I4)/(AVERAGEIF(TableBOM[Item ID],A4,TableBOM[Per 1000 Units])/1000),0)),"-") -> 34936
A5: 19 | B5: Slug | C5: 19X4.5 S/M | D5: kg | E5: 425 | F5: 0 | G5: 0 | H5: =E5+F5-G5 -> 425 | J5: =IFERROR(IF(AVERAGEIF(TableBOM[Item ID],A5,TableBOM[Per 1000 Units])=0,"-",ROUND((H5+I5)/(AVERAGEIF(TableBOM[Item ID],A5,TableBOM[Per 1000 Units])/1000),0)),"-") -> 126225
A6: 4179 | B6: Slug | C6: 20.5x4.5 | D6: kg | E6: 132 | F6: 0 | G6: 0 | H6: =E6+F6-G6 -> 132 | J6: =IFERROR(IF(AVERAGEIF(TableBOM[Item ID],A6,TableBOM[Per 1000 Units])=0,"-",ROUND((H6+I6)/(AVERAGEIF(TableBOM[Item ID],A6,TableBOM[Per 1000 Units])/1000),0)),"-") -> 33528
A7: 6 | B7: Slug | C7: 25X4.5 S/M | D7: kg | E7: 398 | F7: 0 | G7: 373 | H7: =E7+F7-G7 -> 25 | J7: =IFERROR(IF(AVERAGEIF(TableBOM[Item ID],A7,TableBOM[Per 1000 Units])=0,"-",ROUND((H7+I7)/(AVERAGEIF(TableBOM[Item ID],A7,TableBOM[Per 1000 Units])/1000),0)),"-") -> 4221
A8: 406 | B8: Slug | C8: 30X4.5 S/M | D8: kg | E8: 111 | F8: 1777 | G8: 1813 | H8: =E8+F8-G8 -> 75 | I8: 30 | J8: =IFERROR(IF(AVERAGEIF(TableBOM[Item ID],A8,TableBOM[Per 1000 Units])=0,"-",ROUND((H8+I8)/(AVERAGEIF(TableBOM[Item ID],A8,TableBOM[Per 1000 Units])/1000),0)),"-") -> 13125
A9: 3935 | B9: Slug | C9: 32x5.0 | D9: kg | E9: 444 | F9: 0 | G9: 19 | H9: =E9+F9-G9 -> 425 | J9: =IFERROR(IF(AVERAGEIF(TableBOM[Item ID],A9,TableBOM[Per 1000 Units])=0,"-",ROUND((H9+I9)/(AVERAGEIF(TableBOM[Item ID],A9,TableBOM[Per 1000 Units])/1000),0)),"-") -> 39123
A10: 3503 | B10: Slug | C10: 35X5.0 | D10: kg | E10: 328 | F10: 0 | G10: 0 | H10: =E10+F10-G10 -> 328 | J10: =IFERROR(IF(AVERAGEIF(TableBOM[Item ID],A10,TableBOM[Per 1000 Units])=0,"-",ROUND((H10+I10)/(AVERAGEIF(TableBOM[Item ID],A10,TableBOM[Per 1000 Units])/1000),0)),"-") -> 25585
A12: Inventory — August 2026 Month to Date | H12: Date: | J12: =TODAY() -> 46258
A13: Item ID | B13: Category | C13: Item Name (ERP) | D13: UOM | E13: Opening | F13: Received from Vendor | G13: Issued to Production | H13: Store Balance | I13: Work In Process | J13: Pieces Can Be Produced
A14: 184 | B14: Lacquer | C14: LACQUAR IMP 49989 | D14: kg | E14: 0 | F14: 0 | G14: 0 | H14: =E14+F14-G14 -> 0 | J14: =IFERROR(IF(AVERAGEIF(TableBOM[Item ID],A14,TableBOM[Per 1000 Units])=0,"-",ROUND((H14+I14)/(AVERAGEIF(TableBOM[Item ID],A14,TableBOM[Per 1000 Units])/1000),0)),"-") -> - | K14: Not active in ERP
A15: 185 | B15: Lacquer | C15: EPOXY LACQUER (1500) | D15: L | E15: 100 | F15: 0 | G15: 50 | H15: =E15+F15-G15 -> 50 | J15: =IFERROR(IF(AVERAGEIF(TableBOM[Item ID],A15,TableBOM[Per 1000 Units])=0,"-",ROUND((H15+I15)/(AVERAGEIF(TableBOM[Item ID],A15,TableBOM[Per 1000 Units])/1000),0)),"-") -> -
A16: 188 | B16: Lacquer | C16: LACQUAR RHENANIA (ACTEGA COLL 299) | D16: kg | E16: 91 | F16: 0 | G16: 0 | H16: =E16+F16-G16 -> 91 | I16: 0 | J16: =IFERROR(IF(AVERAGEIF(TableBOM[Item ID],A16,TableBOM[Per 1000 Units])=0,"-",ROUND((H16+I16)/(AVERAGEIF(TableBOM[Item ID],A16,TableBOM[Per 1000 Units])/1000),0)),"-") -> -
A17: 1065 | B17: Lacquer | C17: PIGMENTED LACQUAR 57300 | D17: kg | E17: 0 | F17: 0 | G17: 0 | H17: =E17+F17-G17 -> 0 | J17: =IFERROR(IF(AVERAGEIF(TableBOM[Item ID],A17,TableBOM[Per 1000 Units])=0,"-",ROUND((H17+I17)/(AVERAGEIF(TableBOM[Item ID],A17,TableBOM[Per 1000 Units])/1000),0)),"-") -> - | K17: Not active in ERP
A18: 4155 | B18: Lacquer | C18: E/P LACQUAR 4000 A/R | D18: kg | E18: 100 | F18: 100 | G18: 100 | H18: =E18+F18-G18 -> 100 | J18: =IFERROR(IF(AVERAGEIF(TableBOM[Item ID],A18,TableBOM[Per 1000 Units])=0,"-",ROUND((H18+I18)/(AVERAGEIF(TableBOM[Item ID],A18,TableBOM[Per 1000 Units])/1000),0)),"-") -> 384304
A19: 170 | B19: Base Coat | C19: WHITE 5711200001 | D19: kg | E19: 0 | F19: 0 | G19: 0 | H19: =E19+F19-G19 -> 0 | J19: =IFERROR(IF(AVERAGEIF(TableBOM[Item ID],A19,TableBOM[Per 1000 Units])=0,"-",ROUND((H19+I19)/(AVERAGEIF(TableBOM[Item ID],A19,TableBOM[Per 1000 Units])/1000),0)),"-") -> - | K19: Not active in ERP
A20: 175 | B20: Base Coat | C20: GOLD 5725100018 | D20: kg | E20: 30 | F20: 0 | G20: 0 | H20: =E20+F20-G20 -> 30 | I20: 0 | J20: =IFERROR(IF(AVERAGEIF(TableBOM[Item ID],A20,TableBOM[Per 1000 Units])=0,"-",ROUND((H20+I20)/(AVERAGEIF(TableBOM[Item ID],A20,TableBOM[Per 1000 Units])/1000),0)),"-") -> -
A21: 192 | B21: Base Coat | C21: TRANSPARENT 234-786 | D21: kg | E21: 50 | F21: 0 | G21: 0 | H21: =E21+F21-G21 -> 50 | I21: 0 | J21: =IFERROR(IF(AVERAGEIF(TableBOM[Item ID],A21,TableBOM[Per 1000 Units])=0,"-",ROUND((H21+I21)/(AVERAGEIF(TableBOM[Item ID],A21,TableBOM[Per 1000 Units])/1000),0)),"-") -> -
A22: 3595 | B22: Base Coat | C22: POLYSTER BASE COAT WHITE 23410 | D22: kg | E22: 150 | F22: 210 | G22: 210 | H22: =E22+F22-G22 -> 150 | J22: =IFERROR(IF(AVERAGEIF(TableBOM[Item ID],A22,TableBOM[Per 1000 Units])=0,"-",ROUND((H22+I22)/(AVERAGEIF(TableBOM[Item ID],A22,TableBOM[Per 1000 Units])/1000),0)),"-") -> 276441
A23: 3869 | B23: Base Coat | C23: POLYESTER BASE COAT BEIGE 234-999 | D23: kg | E23: 60 | F23: 0 | G23: 0 | H23: =E23+F23-G23 -> 60 | I23: 0 | J23: =IFERROR(IF(AVERAGEIF(TableBOM[Item ID],A23,TableBOM[Per 1000 Units])=0,"-",ROUND((H23+I23)/(AVERAGEIF(TableBOM[Item ID],A23,TableBOM[Per 1000 Units])/1000),0)),"-") -> -
A24: 4156 | B24: Base Coat | C24: BEIGE 5711200007 | D24: kg | E24: 0 | F24: 0 | G24: 0 | H24: =E24+F24-G24 -> 0 | J24: =IFERROR(IF(AVERAGEIF(TableBOM[Item ID],A24,TableBOM[Per 1000 Units])=0,"-",ROUND((H24+I24)/(AVERAGEIF(TableBOM[Item ID],A24,TableBOM[Per 1000 Units])/1000),0)),"-") -> 0 | K24: Not active in ERP
A25: 4157 | B25: Base Coat | C25: SILVER METALLIC 5725100011 | D25: kg | E25: 240 | F25: 0 | G25: 0 | H25: =E25+F25-G25 -> 240 | I25: 0 | J25: =IFERROR(IF(AVERAGEIF(TableBOM[Item ID],A25,TableBOM[Per 1000 Units])=0,"-",ROUND((H25+I25)/(AVERAGEIF(TableBOM[Item ID],A25,TableBOM[Per 1000 Units])/1000),0)),"-") -> -
A26: 5895 | B26: Base Coat | C26: GOLD METALLIC ALM-550-234 | D26: kg | E26: 50 | F26: 0 | G26: 0 | H26: =E26+F26-G26 -> 50 | I26: 0 | J26: =IFERROR(IF(AVERAGEIF(TableBOM[Item ID],A26,TableBOM[Per 1000 Units])=0,"-",ROUND((H26+I26)/(AVERAGEIF(TableBOM[Item ID],A26,TableBOM[Per 1000 Units])/1000),0)),"-") -> -
A27: 5974 | B27: Base Coat | C27: P11 TBX HT VARNISH (PC 176) | D27: L | E27: 50 | F27: 0 | G27: 0 | H27: =E27+F27-G27 -> 50 | I27: 0 | J27: =IFERROR(IF(AVERAGEIF(TableBOM[Item ID],A27,TableBOM[Per 1000 Units])=0,"-",ROUND((H27+I27)/(AVERAGEIF(TableBOM[Item ID],A27,TableBOM[Per 1000 Units])/1000),0)),"-") -> -
A28: 177 | B28: Base Coat | C28: YELLOW IMP 5711200008 | D28: kg | E28: 450 | F28: 0 | G28: 0 | H28: =E28+F28-G28 -> 450 | J28: =IFERROR(IF(AVERAGEIF(TableBOM[Item ID],A28,TableBOM[Per 1000 Units])=0,"-",ROUND((H28+I28)/(AVERAGEIF(TableBOM[Item ID],A28,TableBOM[Per 1000 Units])/1000),0)),"-") -> -
A29: 6132 | B29: Base Coat | C29: VR SCHEKOLIN 57251 | D29: kg | E29: 60 | F29: 0 | G29: 0 | H29: =E29+F29-G29 -> 60 | J29: =IFERROR(IF(AVERAGEIF(TableBOM[Item ID],A29,TableBOM[Per 1000 Units])=0,"-",ROUND((H29+I29)/(AVERAGEIF(TableBOM[Item ID],A29,TableBOM[Per 1000 Units])/1000),0)),"-") -> -
A30: 186 | B30: Latex | C30: LATEX IMP 574010002 | D30: kg | E30: 45 | F30: 990 | G30: 525 | H30: =E30+F30-G30 -> 510 | J30: =IFERROR(IF(AVERAGEIF(TableBOM[Item ID],A30,TableBOM[Per 1000 Units])=0,"-",ROUND((H30+I30)/(AVERAGEIF(TableBOM[Item ID],A30,TableBOM[Per 1000 Units])/1000),0)),"-") -> 1387029
A31: 194 | B31: Zinc Powder | C31: ZINC STEARATE | D31: kg | E31: 20 | F31: 20 | G31: 7.5 | H31: =E31+F31-G31 -> 32.5 | J31: =IFERROR(IF(AVERAGEIF(TableBOM[Item ID],A31,TableBOM[Per 1000 Units])=0,"-",ROUND((H31+I31)/(AVERAGEIF(TableBOM[Item ID],A31,TableBOM[Per 1000 Units])/1000),0)),"-") -> 4798202
A32: 69 | B32: Cap | C32: M-7 S/M F/P (S) WHITE | D32: PCS | E32: 0 | F32: 0 | G32: 0 | H32: =E32+F32-G32 -> 0 | J32: =IFERROR(IF(AVERAGEIF(TableBOM[Item ID],A32,TableBOM[Per 1000 Units])=0,"-",ROUND((H32+I32)/(AVERAGEIF(TableBOM[Item ID],A32,TableBOM[Per 1000 Units])/1000),0)),"-") -> 0 | K32: Not active in ERP
A33: 99 | B33: Cap | C33: M-7 OPHTHALMIC PINK | D33: pcs | E33: 10000 | F33: 0 | G33: 0 | H33: =E33+F33-G33 -> 10000 | J33: =IFERROR(IF(AVERAGEIF(TableBOM[Item ID],A33,TableBOM[Per 1000 Units])=0,"-",ROUND((H33+I33)/(AVERAGEIF(TableBOM[Item ID],A33,TableBOM[Per 1000 Units])/1000),0)),"-") -> -
A34: 72 | B34: Cap | C34: M-9 S/M SPR BLACK DIA 16MM | D34: pcs | E34: 23741 | F34: 0 | G34: 0 | H34: =E34+F34-G34 -> 23741 | J34: =IFERROR(IF(AVERAGEIF(TableBOM[Item ID],A34,TableBOM[Per 1000 Units])=0,"-",ROUND((H34+I34)/(AVERAGEIF(TableBOM[Item ID],A34,TableBOM[Per 1000 Units])/1000),0)),"-") -> -
A35: 79 | B35: Cap | C35: M-9 S/M SPR WHITE LORINE | D35: pcs | E35: 83600 | F35: 0 | G35: 0 | H35: =E35+F35-G35 -> 83600 | J35: =IFERROR(IF(AVERAGEIF(TableBOM[Item ID],A35,TableBOM[Per 1000 Units])=0,"-",ROUND((H35+I35)/(AVERAGEIF(TableBOM[Item ID],A35,TableBOM[Per 1000 Units])/1000),0)),"-") -> -
A36: 80 | B36: Cap | C36: M-9 S/M SPR WHITE DIA 19 | D36: PCS | E36: 100000 | F36: 0 | G36: 0 | H36: =E36+F36-G36 -> 100000 | I36: 0 | J36: =IFERROR(IF(AVERAGEIF(TableBOM[Item ID],A36,TableBOM[Per 1000 Units])=0,"-",ROUND((H36+I36)/(AVERAGEIF(TableBOM[Item ID],A36,TableBOM[Per 1000 Units])/1000),0)),"-") -> 100000
A37: 81 | B37: Cap | C37: M-9 S/M F/P WHITE (S) | D37: PCS | E37: 553124 | F37: 0 | G37: 0 | H37: =E37+F37-G37 -> 553124 | J37: =IFERROR(IF(AVERAGEIF(TableBOM[Item ID],A37,TableBOM[Per 1000 Units])=0,"-",ROUND((H37+I37)/(AVERAGEIF(TableBOM[Item ID],A37,TableBOM[Per 1000 Units])/1000),0)),"-") -> 553124
A38: 1800 | B38: Cap | C38: M-9 S/M SPR BLACK DIA 19 | D38: PCS | E38: 0 | F38: 0 | G38: 0 | H38: =E38+F38-G38 -> 0 | J38: =IFERROR(IF(AVERAGEIF(TableBOM[Item ID],A38,TableBOM[Per 1000 Units])=0,"-",ROUND((H38+I38)/(AVERAGEIF(TableBOM[Item ID],A38,TableBOM[Per 1000 Units])/1000),0)),"-") -> - | K38: Not active in ERP
A39: 3211 | B39: Cap | C39: M-9 S/M SPR WHITE DIA 22 AUTO | D39: PCS | E39: 4000 | F39: 0 | G39: 0 | H39: =E39+F39-G39 -> 4000 | J39: =IFERROR(IF(AVERAGEIF(TableBOM[Item ID],A39,TableBOM[Per 1000 Units])=0,"-",ROUND((H39+I39)/(AVERAGEIF(TableBOM[Item ID],A39,TableBOM[Per 1000 Units])/1000),0)),"-") -> 4000
A40: 4015 | B40: Cap | C40: M-9 S/M F/P ORANGE (NORMAL) | D40: PCS | E40: 475000 | F40: 0 | G40: 0 | H40: =E40+F40-G40 -> 475000 | J40: =IFERROR(IF(AVERAGEIF(TableBOM[Item ID],A40,TableBOM[Per 1000 Units])=0,"-",ROUND((H40+I40)/(AVERAGEIF(TableBOM[Item ID],A40,TableBOM[Per 1000 Units])/1000),0)),"-") -> -
A41: 4044 | B41: Cap | C41: M-9 S/M SPR BEIGE DIA 20.5 | D41: PCS | E41: 0 | F41: 0 | G41: 0 | H41: =E41+F41-G41 -> 0 | J41: =IFERROR(IF(AVERAGEIF(TableBOM[Item ID],A41,TableBOM[Per 1000 Units])=0,"-",ROUND((H41+I41)/(AVERAGEIF(TableBOM[Item ID],A41,TableBOM[Per 1000 Units])/1000),0)),"-") -> - | K41: Not active in ERP
A42: 4088 | B42: Cap | C42: M-9 S/M SPR WHITE DIA 16MM | D42: PCS | E42: 60000 | F42: 0 | G42: 0 | H42: =E42+F42-G42 -> 60000 | J42: =IFERROR(IF(AVERAGEIF(TableBOM[Item ID],A42,TableBOM[Per 1000 Units])=0,"-",ROUND((H42+I42)/(AVERAGEIF(TableBOM[Item ID],A42,TableBOM[Per 1000 Units])/1000),0)),"-") -> -
A43: 4143 | B43: Cap | C43: M-9 S/M F/P Normal White | D43: PCS | E43: 65000 | F43: 0 | G43: 0 | H43: =E43+F43-G43 -> 65000 | I43: 0 | J43: =IFERROR(IF(AVERAGEIF(TableBOM[Item ID],A43,TableBOM[Per 1000 Units])=0,"-",ROUND((H43+I43)/(AVERAGEIF(TableBOM[Item ID],A43,TableBOM[Per 1000 Units])/1000),0)),"-") -> -
A44: 6971 | B44: Cap | C44: M-9 S/M SPR WHITE DIA 20.5MM | D44: PCS | E44: 0 | F44: 0 | G44: 0 | H44: =E44+F44-G44 -> 0 | J44: =IFERROR(IF(AVERAGEIF(TableBOM[Item ID],A44,TableBOM[Per 1000 Units])=0,"-",ROUND((H44+I44)/(AVERAGEIF(TableBOM[Item ID],A44,TableBOM[Per 1000 Units])/1000),0)),"-") -> 0 | K44: Not active in ERP
A45: 7370 | B45: Cap | C45: M-9 S/M SPR BLACK DIA 20.5MM | D45: PCS | E45: 47000 | F45: 0 | G45: 0 | H45: =E45+F45-G45 -> 47000 | I45: 0 | J45: =IFERROR(IF(AVERAGEIF(TableBOM[Item ID],A45,TableBOM[Per 1000 Units])=0,"-",ROUND((H45+I45)/(AVERAGEIF(TableBOM[Item ID],A45,TableBOM[Per 1000 Units])/1000),0)),"-") -> 47000
A46: 68 | B46: Cap | C46: M-11 S/M SPR WHITE DIA 25MM | D46: PCS | E46: 193000 | F46: 200000 | G46: 193000 | H46: =E46+F46-G46 -> 200000 | J46: =IFERROR(IF(AVERAGEIF(TableBOM[Item ID],A46,TableBOM[Per 1000 Units])=0,"-",ROUND((H46+I46)/(AVERAGEIF(TableBOM[Item ID],A46,TableBOM[Per 1000 Units])/1000),0)),"-") -> 200000
A47: 102 | B47: Cap | C47: M-11 S/M SPR ORANGE DIA 25 | D47: pcs | E47: 30000 | F47: 0 | G47: 0 | H47: =E47+F47-G47 -> 30000 | J47: =IFERROR(IF(AVERAGEIF(TableBOM[Item ID],A47,TableBOM[Per 1000 Units])=0,"-",ROUND((H47+I47)/(AVERAGEIF(TableBOM[Item ID],A47,TableBOM[Per 1000 Units])/1000),0)),"-") -> -
A48: 1073 | B48: Cap | C48: M-11 S/M F/P BLACK | D48: PCS | E48: 120000 | F48: 0 | G48: 0 | H48: =E48+F48-G48 -> 120000 | J48: =IFERROR(IF(AVERAGEIF(TableBOM[Item ID],A48,TableBOM[Per 1000 Units])=0,"-",ROUND((H48+I48)/(AVERAGEIF(TableBOM[Item ID],A48,TableBOM[Per 1000 Units])/1000),0)),"-") -> 120000
A49: 1285 | B49: Cap | C49: M-11 S/M F/P WHITE (LARGE) | D49: PCS | E49: 208000 | F49: 0 | G49: 0 | H49: =E49+F49-G49 -> 208000 | J49: =IFERROR(IF(AVERAGEIF(TableBOM[Item ID],A49,TableBOM[Per 1000 Units])=0,"-",ROUND((H49+I49)/(AVERAGEIF(TableBOM[Item ID],A49,TableBOM[Per 1000 Units])/1000),0)),"-") -> 208000
A50: 3522 | B50: Cap | C50: M-11 S/M SPR DARK BLUE DIA 25MM | D50: PCS | E50: 75000 | F50: 0 | G50: 0 | H50: =E50+F50-G50 -> 75000 | I50: 0 | J50: =IFERROR(IF(AVERAGEIF(TableBOM[Item ID],A50,TableBOM[Per 1000 Units])=0,"-",ROUND((H50+I50)/(AVERAGEIF(TableBOM[Item ID],A50,TableBOM[Per 1000 Units])/1000),0)),"-") -> 75000
A51: 3866 | B51: Cap | C51: M-11 S/M SPR BEIGE DIA 25 | D51: PCS | E51: 0 | F51: 0 | G51: 0 | H51: =E51+F51-G51 -> 0 | J51: =IFERROR(IF(AVERAGEIF(TableBOM[Item ID],A51,TableBOM[Per 1000 Units])=0,"-",ROUND((H51+I51)/(AVERAGEIF(TableBOM[Item ID],A51,TableBOM[Per 1000 Units])/1000),0)),"-") -> - | K51: Not active in ERP
A52: 578 | B52: Cap | C52: M-12 S/M SPR WHITE DIA 30 | D52: PCS | E52: 50000 | F52: 0 | G52: 45000 | H52: =E52+F52-G52 -> 5000 | J52: =IFERROR(IF(AVERAGEIF(TableBOM[Item ID],A52,TableBOM[Per 1000 Units])=0,"-",ROUND((H52+I52)/(AVERAGEIF(TableBOM[Item ID],A52,TableBOM[Per 1000 Units])/1000),0)),"-") -> 5000
A53: 36 | B53: Carton | C53: 16X200 3Ply | D53: PCS | E53: 0 | F53: 0 | G53: 0 | H53: =E53+F53-G53 -> 0 | J53: =IFERROR(IF(AVERAGEIF(TableBOM[Item ID],A53,TableBOM[Per 1000 Units])=0,"-",ROUND((H53+I53)/(AVERAGEIF(TableBOM[Item ID],A53,TableBOM[Per 1000 Units])/1000),0)),"-") -> 0 | K53: Not active in ERP
A54: 200 | B54: Carton | C54: DIA 16 5Ply | D54: PCS | E54: 0 | F54: 0 | G54: 0 | H54: =E54+F54-G54 -> 0 | J54: =IFERROR(IF(AVERAGEIF(TableBOM[Item ID],A54,TableBOM[Per 1000 Units])=0,"-",ROUND((H54+I54)/(AVERAGEIF(TableBOM[Item ID],A54,TableBOM[Per 1000 Units])/1000),0)),"-") -> 0 | K54: Not active in ERP
A55: 39 | B55: Carton | C55: 19X200 3Ply | D55: PCS | E55: 0 | F55: 0 | G55: 0 | H55: =E55+F55-G55 -> 0 | J55: =IFERROR(IF(AVERAGEIF(TableBOM[Item ID],A55,TableBOM[Per 1000 Units])=0,"-",ROUND((H55+I55)/(AVERAGEIF(TableBOM[Item ID],A55,TableBOM[Per 1000 Units])/1000),0)),"-") -> 0 | K55: Not active in ERP
A56: 3619 | B56: Carton | C56: 20.5x510 5ply | D56: PCS | E56: 280 | F56: 0 | G56: 0 | H56: =E56+F56-G56 -> 280 | J56: =IFERROR(IF(AVERAGEIF(TableBOM[Item ID],A56,TableBOM[Per 1000 Units])=0,"-",ROUND((H56+I56)/(AVERAGEIF(TableBOM[Item ID],A56,TableBOM[Per 1000 Units])/1000),0)),"-") -> 140955
A57: 3598 | B57: Carton | C57: 25x336 5Ply | D57: PCS | E57: 500 | F57: 508 | G57: 500 | H57: =E57+F57-G57 -> 508 | J57: =IFERROR(IF(AVERAGEIF(TableBOM[Item ID],A57,TableBOM[Per 1000 Units])=0,"-",ROUND((H57+I57)/(AVERAGEIF(TableBOM[Item ID],A57,TableBOM[Per 1000 Units])/1000),0)),"-") -> 151500
A58: 45 | B58: Carton | C58: 30X150 3Ply | D58: PCS | E58: 460 | F58: 0 | G58: 0 | H58: =E58+F58-G58 -> 460 | J58: =IFERROR(IF(AVERAGEIF(TableBOM[Item ID],A58,TableBOM[Per 1000 Units])=0,"-",ROUND((H58+I58)/(AVERAGEIF(TableBOM[Item ID],A58,TableBOM[Per 1000 Units])/1000),0)),"-") -> 69002
A59: 3988 | B59: Carton | C59: 35x165 5ply | D59: PCS | E59: 349 | F59: 0 | G59: 0 | H59: =E59+F59-G59 -> 349 | J59: =IFERROR(IF(AVERAGEIF(TableBOM[Item ID],A59,TableBOM[Per 1000 Units])=0,"-",ROUND((H59+I59)/(AVERAGEIF(TableBOM[Item ID],A59,TableBOM[Per 1000 Units])/1000),0)),"-") -> 60229
A60: 5977 | B60: Carton | C60: MASTER CARTON 38"X24"X15.5" | D60: PCS | E60: 61 | F60: 272 | G60: 121 | H60: =E60+F60-G60 -> 212 | J60: =IFERROR(IF(AVERAGEIF(TableBOM[Item ID],A60,TableBOM[Per 1000 Units])=0,"-",ROUND((H60+I60)/(AVERAGEIF(TableBOM[Item ID],A60,TableBOM[Per 1000 Units])/1000),0)),"-") -> 153958
A61: 3635 | B61: Tape | C61: PACKING TAPE 2" OF 60 YARDS | D61: PCS | E61: 463 | F61: 0 | G61: 70 | H61: =E61+F61-G61 -> 393 | J61: =IFERROR(IF(AVERAGEIF(TableBOM[Item ID],A61,TableBOM[Per 1000 Units])=0,"-",ROUND((H61+I61)/(AVERAGEIF(TableBOM[Item ID],A61,TableBOM[Per 1000 Units])/1000),0)),"-") -> 1125932
A62: 190 | B62: Thinner | C62: THINNER FOR LACQUER SOL R/C | D62: L | E62: 175 | F62: 100 | G62: 50 | H62: =E62+F62-G62 -> 225 | J62: =IFERROR(IF(AVERAGEIF(TableBOM[Item ID],A62,TableBOM[Per 1000 Units])=0,"-",ROUND((H62+I62)/(AVERAGEIF(TableBOM[Item ID],A62,TableBOM[Per 1000 Units])/1000),0)),"-") -> 3750000
A63: 191 | B63: Thinner | C63: THINNER LACQUAR SOL EPOXY | D63: L | E63: 75 | F63: 100 | G63: 75 | H63: =E63+F63-G63 -> 100 | I63: 0 | J63: =IFERROR(IF(AVERAGEIF(TableBOM[Item ID],A62,TableBOM[Per 1000 Units])=0,"-",ROUND((H63+I63)/(AVERAGEIF(TableBOM[Item ID],A62,TableBOM[Per 1000 Units])/1000),0)),"-") -> 1666667
A64: 104 | B64: Ink | C64: VIOLET 501 IMP | D64: kg | E64: 2 | F64: 0 | G64: 0 | H64: =E64+F64-G64 -> 2 | J64: =IFERROR(IF(AVERAGEIF(TableBOM[Item ID],A64,TableBOM[Per 1000 Units])=0,"-",ROUND((H64+I64)/(AVERAGEIF(TableBOM[Item ID],A64,TableBOM[Per 1000 Units])/1000),0)),"-") -> -
A65: 105 | B65: Ink | C65: VIOLET 502 IMP | D65: kg | E65: 1 | F65: 0 | G65: 0 | H65: =E65+F65-G65 -> 1 | J65: =IFERROR(IF(AVERAGEIF(TableBOM[Item ID],A65,TableBOM[Per 1000 Units])=0,"-",ROUND((H65+I65)/(AVERAGEIF(TableBOM[Item ID],A65,TableBOM[Per 1000 Units])/1000),0)),"-") -> -
A66: 110 | B66: Ink | C66: GREEN 165000 | D66: kg | E66: 2 | F66: 0 | G66: 0 | H66: =E66+F66-G66 -> 2 | J66: =IFERROR(IF(AVERAGEIF(TableBOM[Item ID],A66,TableBOM[Per 1000 Units])=0,"-",ROUND((H66+I66)/(AVERAGEIF(TableBOM[Item ID],A66,TableBOM[Per 1000 Units])/1000),0)),"-") -> -
A67: 124 | B67: Ink | C67: BROWN 157662 | D67: kg | E67: 0 | F67: 0 | G67: 0 | H67: =E67+F67-G67 -> 0 | J67: =IFERROR(IF(AVERAGEIF(TableBOM[Item ID],A67,TableBOM[Per 1000 Units])=0,"-",ROUND((H67+I67)/(AVERAGEIF(TableBOM[Item ID],A67,TableBOM[Per 1000 Units])/1000),0)),"-") -> - | K67: Not active in ERP
A68: 127 | B68: Ink | C68: BLUE 126039 | D68: kg | E68: 2 | F68: 0 | G68: 0 | H68: =E68+F68-G68 -> 2 | J68: =IFERROR(IF(AVERAGEIF(TableBOM[Item ID],A68,TableBOM[Per 1000 Units])=0,"-",ROUND((H68+I68)/(AVERAGEIF(TableBOM[Item ID],A68,TableBOM[Per 1000 Units])/1000),0)),"-") -> -
A69: 129 | B69: Ink | C69: MEGENTA RED 152166 | D69: kg | E69: 2 | F69: 0 | G69: 0 | H69: =E69+F69-G69 -> 2 | J69: =IFERROR(IF(AVERAGEIF(TableBOM[Item ID],A69,TableBOM[Per 1000 Units])=0,"-",ROUND((H69+I69)/(AVERAGEIF(TableBOM[Item ID],A69,TableBOM[Per 1000 Units])/1000),0)),"-") -> -
A70: 130 | B70: Ink | C70: BLUE 165743 | D70: kg | E70: 1 | F70: 0 | G70: 0 | H70: =E70+F70-G70 -> 1 | J70: =IFERROR(IF(AVERAGEIF(TableBOM[Item ID],A70,TableBOM[Per 1000 Units])=0,"-",ROUND((H70+I70)/(AVERAGEIF(TableBOM[Item ID],A70,TableBOM[Per 1000 Units])/1000),0)),"-") -> -
A71: 1928 | B71: Ink | C71: BLACK (LOCAL) 77660 | D71: kg | E71: 0 | F71: 1 | G71: 1 | H71: =E71+F71-G71 -> 0 | J71: =IFERROR(IF(AVERAGEIF(TableBOM[Item ID],A71,TableBOM[Per 1000 Units])=0,"-",ROUND((H71+I71)/(AVERAGEIF(TableBOM[Item ID],A71,TableBOM[Per 1000 Units])/1000),0)),"-") -> -
A72: 2284 | B72: Ink | C72: YELLOW (PASTAL-C) | D72: kg | E72: 0 | F72: 0 | G72: 0 | H72: =E72+F72-G72 -> 0 | J72: =IFERROR(IF(AVERAGEIF(TableBOM[Item ID],A72,TableBOM[Per 1000 Units])=0,"-",ROUND((H72+I72)/(AVERAGEIF(TableBOM[Item ID],A72,TableBOM[Per 1000 Units])/1000),0)),"-") -> - | K72: Not active in ERP
A73: 3642 | B73: Ink | C73: INK JET BLACK 77842 | D73: kg | E73: 0 | F73: 0 | G73: 0 | H73: =E73+F73-G73 -> 0 | J73: =IFERROR(IF(AVERAGEIF(TableBOM[Item ID],A73,TableBOM[Per 1000 Units])=0,"-",ROUND((H73+I73)/(AVERAGEIF(TableBOM[Item ID],A73,TableBOM[Per 1000 Units])/1000),0)),"-") -> - | K73: Not active in ERP
A74: 3734 | B74: Ink | C74: MAGENTA (LOCAL) 32500 | D74: kg | E74: 1 | F74: 0 | G74: 0 | H74: =E74+F74-G74 -> 1 | J74: =IFERROR(IF(AVERAGEIF(TableBOM[Item ID],A74,TableBOM[Per 1000 Units])=0,"-",ROUND((H74+I74)/(AVERAGEIF(TableBOM[Item ID],A74,TableBOM[Per 1000 Units])/1000),0)),"-") -> -
A75: 3736 | B75: Ink | C75: WHITE (LOCAL) 07094 | D75: kg | E75: 3.6 | F75: 0 | G75: 1.2 | H75: =E75+F75-G75 -> 2.4 | J75: =IFERROR(IF(AVERAGEIF(TableBOM[Item ID],A75,TableBOM[Per 1000 Units])=0,"-",ROUND((H75+I75)/(AVERAGEIF(TableBOM[Item ID],A75,TableBOM[Per 1000 Units])/1000),0)),"-") -> -
A76: 3754 | B76: Ink | C76: RED BRONZE (LOCAL) 32519 | D76: kg | E76: 3 | F76: 0 | G76: 0 | H76: =E76+F76-G76 -> 3 | J76: =IFERROR(IF(AVERAGEIF(TableBOM[Item ID],A76,TableBOM[Per 1000 Units])=0,"-",ROUND((H76+I76)/(AVERAGEIF(TableBOM[Item ID],A76,TableBOM[Per 1000 Units])/1000),0)),"-") -> 120000
A77: 3755 | B77: Ink | C77: INK BLUE ES 164 | D77: kg | E77: 0 | F77: 0 | G77: 0 | H77: =E77+F77-G77 -> 0 | J77: =IFERROR(IF(AVERAGEIF(TableBOM[Item ID],A77,TableBOM[Per 1000 Units])=0,"-",ROUND((H77+I77)/(AVERAGEIF(TableBOM[Item ID],A77,TableBOM[Per 1000 Units])/1000),0)),"-") -> - | K77: Not active in ERP
A78: 3800 | B78: Ink | C78: VIOLET 400484 | D78: kg | E78: 1 | F78: 0 | G78: 0 | H78: =E78+F78-G78 -> 1 | J78: =IFERROR(IF(AVERAGEIF(TableBOM[Item ID],A78,TableBOM[Per 1000 Units])=0,"-",ROUND((H78+I78)/(AVERAGEIF(TableBOM[Item ID],A78,TableBOM[Per 1000 Units])/1000),0)),"-") -> -
A79: 3857 | B79: Ink | C79: ORANGE (LOCAL) | D79: kg | E79: 0 | F79: 2 | G79: 1 | H79: =E79+F79-G79 -> 1 | J79: =IFERROR(IF(AVERAGEIF(TableBOM[Item ID],A79,TableBOM[Per 1000 Units])=0,"-",ROUND((H79+I79)/(AVERAGEIF(TableBOM[Item ID],A79,TableBOM[Per 1000 Units])/1000),0)),"-") -> 3030
A80: 3858 | B80: Ink | C80: GOLD (LOCAL) 97035 | D80: kg | E80: 0 | F80: 5 | G80: 4 | H80: =E80+F80-G80 -> 1 | J80: =IFERROR(IF(AVERAGEIF(TableBOM[Item ID],A80,TableBOM[Per 1000 Units])=0,"-",ROUND((H80+I80)/(AVERAGEIF(TableBOM[Item ID],A80,TableBOM[Per 1000 Units])/1000),0)),"-") -> -
A81: 3955 | B81: Ink | C81: GERANIUM (EVER SHINE) ES-130 | D81: kg | E81: 1 | F81: 0 | G81: 0 | H81: =E81+F81-G81 -> 1 | J81: =IFERROR(IF(AVERAGEIF(TableBOM[Item ID],A81,TableBOM[Per 1000 Units])=0,"-",ROUND((H81+I81)/(AVERAGEIF(TableBOM[Item ID],A81,TableBOM[Per 1000 Units])/1000),0)),"-") -> 40000
A82: 3968 | B82: Ink | C82: BLUE BRONZE (LOCAL) 51168 | D82: kg | E82: 4 | F82: 0 | G82: 1 | H82: =E82+F82-G82 -> 3 | J82: =IFERROR(IF(AVERAGEIF(TableBOM[Item ID],A82,TableBOM[Per 1000 Units])=0,"-",ROUND((H82+I82)/(AVERAGEIF(TableBOM[Item ID],A82,TableBOM[Per 1000 Units])/1000),0)),"-") -> -
A83: 4216 | B83: Ink | C83: PINK FLUORESCENT | D83: kg | E83: 1 | F83: 0 | G83: 0 | H83: =E83+F83-G83 -> 1 | J83: =IFERROR(IF(AVERAGEIF(TableBOM[Item ID],A83,TableBOM[Per 1000 Units])=0,"-",ROUND((H83+I83)/(AVERAGEIF(TableBOM[Item ID],A83,TableBOM[Per 1000 Units])/1000),0)),"-") -> -
A84: 4306 | B84: Ink | C84: VIOLET TUB 400011 | D84: kg | E84: 3 | F84: 0 | G84: 0 | H84: =E84+F84-G84 -> 3 | J84: =IFERROR(IF(AVERAGEIF(TableBOM[Item ID],A84,TableBOM[Per 1000 Units])=0,"-",ROUND((H84+I84)/(AVERAGEIF(TableBOM[Item ID],A84,TableBOM[Per 1000 Units])/1000),0)),"-") -> -
A85: 5107 | B85: Ink | C85: YELLOW LEMON 18600 | D85: kg | E85: 4 | F85: 0 | G85: 3 | H85: =E85+F85-G85 -> 1 | J85: =IFERROR(IF(AVERAGEIF(TableBOM[Item ID],A85,TableBOM[Per 1000 Units])=0,"-",ROUND((H85+I85)/(AVERAGEIF(TableBOM[Item ID],A85,TableBOM[Per 1000 Units])/1000),0)),"-") -> -
A86: 6038 | B86: Ink | C86: INK BLUE PC | D86: kg | E86: 0 | F86: 0 | G86: 0 | H86: =E86+F86-G86 -> 0 | J86: =IFERROR(IF(AVERAGEIF(TableBOM[Item ID],A86,TableBOM[Per 1000 Units])=0,"-",ROUND((H86+I86)/(AVERAGEIF(TableBOM[Item ID],A86,TableBOM[Per 1000 Units])/1000),0)),"-") -> - | K86: Not active in ERP
A87: 6040 | B87: Ink | C87: INK CYAN PROCESS 51650 | D87: kg | E87: 2 | F87: 0 | G87: 1 | H87: =E87+F87-G87 -> 1 | J87: =IFERROR(IF(AVERAGEIF(TableBOM[Item ID],A87,TableBOM[Per 1000 Units])=0,"-",ROUND((H87+I87)/(AVERAGEIF(TableBOM[Item ID],A87,TableBOM[Per 1000 Units])/1000),0)),"-") -> -
A88: 6935 | B88: Ink | C88: GOLD V0221267-RF-401363 | D88: kg | E88: 0 | F88: 0 | G88: 0 | H88: =E88+F88-G88 -> 0 | J88: =IFERROR(IF(AVERAGEIF(TableBOM[Item ID],A88,TableBOM[Per 1000 Units])=0,"-",ROUND((H88+I88)/(AVERAGEIF(TableBOM[Item ID],A88,TableBOM[Per 1000 Units])/1000),0)),"-") -> 0 | K88: Not active in ERP
A89: 7094 | B89: Ink | C89: INK GOLD V0221267AT-401363 IMP | D89: kg | E89: 0 | F89: 0 | G89: 0 | H89: =E89+F89-G89 -> 0 | J89: =IFERROR(IF(AVERAGEIF(TableBOM[Item ID],A89,TableBOM[Per 1000 Units])=0,"-",ROUND((H89+I89)/(AVERAGEIF(TableBOM[Item ID],A89,TableBOM[Per 1000 Units])/1000),0)),"-") -> - | K89: Not active in ERP
A90: 7095 | B90: Ink | C90: INK BLACK 158000 IMPORTED | D90: kg | E90: 0 | F90: 0 | G90: 0 | H90: =E90+F90-G90 -> 0 | J90: =IFERROR(IF(AVERAGEIF(TableBOM[Item ID],A90,TableBOM[Per 1000 Units])=0,"-",ROUND((H90+I90)/(AVERAGEIF(TableBOM[Item ID],A90,TableBOM[Per 1000 Units])/1000),0)),"-") -> - | K90: Not active in ERP
A91: 7152 | B91: Ink | C91: INK GREEN ES 166 | D91: kg | E91: 0 | F91: 0 | G91: 0 | H91: =E91+F91-G91 -> 0 | J91: =IFERROR(IF(AVERAGEIF(TableBOM[Item ID],A91,TableBOM[Per 1000 Units])=0,"-",ROUND((H91+I91)/(AVERAGEIF(TableBOM[Item ID],A91,TableBOM[Per 1000 Units])/1000),0)),"-") -> - | K91: Not active in ERP
A92: 7398 | B92: Ink | C92: PURPLE 48054 | D92: kg | E92: 2 | F92: 0 | G92: 1 | H92: =E92+F92-G92 -> 1 | J92: =IFERROR(IF(AVERAGEIF(TableBOM[Item ID],A92,TableBOM[Per 1000 Units])=0,"-",ROUND((H92+I92)/(AVERAGEIF(TableBOM[Item ID],A92,TableBOM[Per 1000 Units])/1000),0)),"-") -> -
A94: PET Inventory — August 2026 Month to Date | J94: =IFERROR(IF(AVERAGEIF(TableBOM[Item ID],A94,TableBOM[Per 1000 Units])=0,"-",ROUND((H94+I94)/(AVERAGEIF(TableBOM[Item ID],A94,TableBOM[Per 1000 Units])/1000),0)),"-") -> -
A95: Item ID | B95: Category | C95: Item Name (ERP) | D95: UOM | E95: Opening | F95: Received from Vendor | G95: Issued to Production | H95: Store Balance | I95: Work In Process | J95: Pieces Can Be Produced
A96: 2680 | B96: PET Resin | C96: PET RESIN A-84 | D96: kg | E96: 1550 | F96: 2650 | G96: 2700 | H96: =E96+F96-G96 -> 1500 | I96: 0 | J96: =IFERROR(IF(AVERAGEIF(TableBOM[Item ID],A96,TableBOM[Per 1000 Units])=0,"-",ROUND((H96+I96)/(AVERAGEIF(TableBOM[Item ID],A96,TableBOM[Per 1000 Units])/1000),0)),"-") -> 64613
A97: 3492 | B97: Master Batch | C97: MASTER BATCH (PA M27) GREEN | D97: kg | E97: 75 | F97: 0 | G97: 0 | H97: =E97+F97-G97 -> 75 | I97: 0 | J97: =IFERROR(IF(AVERAGEIF(TableBOM[Item ID],A97,TableBOM[Per 1000 Units])=0,"-",ROUND((H97+I97)/(AVERAGEIF(TableBOM[Item ID],A97,TableBOM[Per 1000 Units])/1000),0)),"-") -> -
A98: 4002 | B98: Master Batch | C98: MASTER BATCH YELLOW CMN# 3087 | D98: kg | E98: 125 | F98: 0 | G98: 0 | H98: =E98+F98-G98 -> 125 | I98: 0 | J98: =IFERROR(IF(AVERAGEIF(TableBOM[Item ID],A98,TableBOM[Per 1000 Units])=0,"-",ROUND((H98+I98)/(AVERAGEIF(TableBOM[Item ID],A98,TableBOM[Per 1000 Units])/1000),0)),"-") -> 116279
A99: 4070 | B99: Master Batch | C99: MASTER BATCH ONCOLOR YELLOW NE12340208-ZN | D99: kg | E99: 0 | F99: 0 | G99: 0 | H99: =E99+F99-G99 -> 0 | I99: 0 | J99: =IFERROR(IF(AVERAGEIF(TableBOM[Item ID],A99,TableBOM[Per 1000 Units])=0,"-",ROUND((H99+I99)/(AVERAGEIF(TableBOM[Item ID],A99,TableBOM[Per 1000 Units])/1000),0)),"-") -> - | K99: Not active in ERP
A100: 4310 | B100: Master Batch | C100: MASTER BATCH BEIGE (RCW-25) | D100: kg | E100: 36.23 | F100: 0 | G100: 0 | H100: =E100+F100-G100 -> 36.23 | I100: 0 | J100: =IFERROR(IF(AVERAGEIF(TableBOM[Item ID],A100,TableBOM[Per 1000 Units])=0,"-",ROUND((H100+I100)/(AVERAGEIF(TableBOM[Item ID],A100,TableBOM[Per 1000 Units])/1000),0)),"-") -> -
A101: 5625 | B101: Master Batch | C101: MASTER BATCH AMBAR BR-535n | D101: kg | E101: 48.5 | F101: 0 | G101: 0 | H101: =E101+F101-G101 -> 48.5 | I101: 0 | J101: =IFERROR(IF(AVERAGEIF(TableBOM[Item ID],A101,TableBOM[Per 1000 Units])=0,"-",ROUND((H101+I101)/(AVERAGEIF(TableBOM[Item ID],A101,TableBOM[Per 1000 Units])/1000),0)),"-") -> -
A102: 5816 | B102: Master Batch | C102: MASTER BATCH WHITE PRC-MC ET02340000 | D102: kg | E102: 25 | F102: 0 | G102: 0 | H102: =E102+F102-G102 -> 25 | I102: 0 | J102: =IFERROR(IF(AVERAGEIF(TableBOM[Item ID],A102,TableBOM[Per 1000 Units])=0,"-",ROUND((H102+I102)/(AVERAGEIF(TableBOM[Item ID],A102,TableBOM[Per 1000 Units])/1000),0)),"-") -> 23256
...

Sheet Product_Catalog
A1: PRODUCT CATALOG — Master lookup for all products
A2: Product ID | B2: BOM ID | C2: Customer | D2: Product Name | E2: Dia (mm) | F2: Length (mm) | G2: Latex | H2: Pcs/Carton | I2: # of Pieces | J2: Slug (kg) | K2: Base Coat (kg) | L2: Lacquer (kg) | M2: Latex (kg) | N2: Zinc (kg) | O2: Caps (PCS) | P2: Cartons (PCS) | Q2: Ink Used | R2: Ink Used | S2: Ink Used
A3: 9004 | B3: 904 | C3: Bahadur | D3: BAHADUR TUBE 12.5MM | E3: 12.5 | F3: 0 | G3: No | H3: 0 | J3: =IF(I3="","",IFERROR(SUMPRODUCT((TableBOM[Product ID]=A3)*(TableBOM[Material Category]="SLUG")*TableBOM[Per 1000 Units]*(1+TableBOM[Scrap %]))*I3/1000,0)) | K3: =IF(I3="","",IFERROR(SUMPRODUCT((TableBOM[Product ID]=A3)*(TableBOM[Material Category]="BASE COAT")*TableBOM[Per 1000 Units]*(1+TableBOM[Scrap %]))*I3/1000,0)) | L3: =IF(I3="","",IFERROR(SUMPRODUCT((TableBOM[Product ID]=A3)*(TableBOM[Material Category]="LACQUER")*TableBOM[Per 1000 Units]*(1+TableBOM[Scrap %]))*I3/1000,0)) | M3: =IF(I3="","",IFERROR(SUMPRODUCT((TableBOM[Product ID]=A3)*(TableBOM[Material Category]="LATEX")*TableBOM[Per 1000 Units]*(1+TableBOM[Scrap %]))*I3/1000,0)) | N3: =IF(I3="","",IFERROR(SUMPRODUCT((TableBOM[Product ID]=A3)*(TableBOM[Material Category]="ZINC")*TableBOM[Per 1000 Units]*(1+TableBOM[Scrap %]))*I3/1000,0)) | O3: =IF(I3="","",IFERROR(SUMPRODUCT((TableBOM[Product ID]=A3)*(TableBOM[Material Category]="CAP")*TableBOM[Per 1000 Units]*(1+TableBOM[Scrap %]))*I3/1000,0)) | P3: =IF(I3="","",IFERROR(SUMPRODUCT((TableBOM[Product ID]=A3)*(TableBOM[Material Category]="CARTON")*TableBOM[Per 1000 Units]*(1+TableBOM[Scrap %]))*I3/1000,0))
A4: 6561 | B4: 190 | C4: Brookes Pharma Private Limited | D4: ECZEMUS OINTMENT 0.03% 10G | E4: 16 | F4: 100 | G4: No | H4: 588 | J4: =IF(I4="","",IFERROR(SUMPRODUCT((TableBOM[Product ID]=A4)*(TableBOM[Material Category]="SLUG")*TableBOM[Per 1000 Units]*(1+TableBOM[Scrap %]))*I4/1000,0)) | K4: =IF(I4="","",IFERROR(SUMPRODUCT((TableBOM[Product ID]=A4)*(TableBOM[Material Category]="BASE COAT")*TableBOM[Per 1000 Units]*(1+TableBOM[Scrap %]))*I4/1000,0)) | L4: =IF(I4="","",IFERROR(SUMPRODUCT((TableBOM[Product ID]=A4)*(TableBOM[Material Category]="LACQUER")*TableBOM[Per 1000 Units]*(1+TableBOM[Scrap %]))*I4/1000,0)) | M4: =IF(I4="","",IFERROR(SUMPRODUCT((TableBOM[Product ID]=A4)*(TableBOM[Material Category]="LATEX")*TableBOM[Per 1000 Units]*(1+TableBOM[Scrap %]))*I4/1000,0)) | N4: =IF(I4="","",IFERROR(SUMPRODUCT((TableBOM[Product ID]=A4)*(TableBOM[Material Category]="ZINC")*TableBOM[Per 1000 Units]*(1+TableBOM[Scrap %]))*I4/1000,0)) | O4: =IF(I4="","",IFERROR(SUMPRODUCT((TableBOM[Product ID]=A4)*(TableBOM[Material Category]="CAP")*TableBOM[Per 1000 Units]*(1+TableBOM[Scrap %]))*I4/1000,0)) | P4: =IF(I4="","",IFERROR(SUMPRODUCT((TableBOM[Product ID]=A4)*(TableBOM[Material Category]="CARTON")*TableBOM[Per 1000 Units]*(1+TableBOM[Scrap %]))*I4/1000,0))
A5: 1085 | B5: 187 | C5: Brookes Pharma Private Limited | D5: PYODINE GEL 20GM | E5: 19 | F5: 106 | G5: No | H5: 588 | J5: =IF(I5="","",IFERROR(SUMPRODUCT((TableBOM[Product ID]=A5)*(TableBOM[Material Category]="SLUG")*TableBOM[Per 1000 Units]*(1+TableBOM[Scrap %]))*I5/1000,0)) | K5: =IF(I5="","",IFERROR(SUMPRODUCT((TableBOM[Product ID]=A5)*(TableBOM[Material Category]="BASE COAT")*TableBOM[Per 1000 Units]*(1+TableBOM[Scrap %]))*I5/1000,0)) | L5: =IF(I5="","",IFERROR(SUMPRODUCT((TableBOM[Product ID]=A5)*(TableBOM[Material Category]="LACQUER")*TableBOM[Per 1000 Units]*(1+TableBOM[Scrap %]))*I5/1000,0)) | M5: =IF(I5="","",IFERROR(SUMPRODUCT((TableBOM[Product ID]=A5)*(TableBOM[Material Category]="LATEX")*TableBOM[Per 1000 Units]*(1+TableBOM[Scrap %]))*I5/1000,0)) | N5: =IF(I5="","",IFERROR(SUMPRODUCT((TableBOM[Product ID]=A5)*(TableBOM[Material Category]="ZINC")*TableBOM[Per 1000 Units]*(1+TableBOM[Scrap %]))*I5/1000,0)) | O5: =IF(I5="","",IFERROR(SUMPRODUCT((TableBOM[Product ID]=A5)*(TableBOM[Material Category]="CAP")*TableBOM[Per 1000 Units]*(1+TableBOM[Scrap %]))*I5/1000,0)) | P5: =IF(I5="","",IFERROR(SUMPRODUCT((TableBOM[Product ID]=A5)*(TableBOM[Material Category]="CARTON")*TableBOM[Per 1000 Units]*(1+TableBOM[Scrap %]))*I5/1000,0))
A6: 6559 | B6: 188 | C6: Brookes Pharma Private Limited | D6: PHLOGIN GEL 20G | E6: 19 | F6: 106 | G6: No | H6: 588 | J6: =IF(I6="","",IFERROR(SUMPRODUCT((TableBOM[Product ID]=A6)*(TableBOM[Material Category]="SLUG")*TableBOM[Per 1000 Units]*(1+TableBOM[Scrap %]))*I6/1000,0)) | K6: =IF(I6="","",IFERROR(SUMPRODUCT((TableBOM[Product ID]=A6)*(TableBOM[Material Category]="BASE COAT")*TableBOM[Per 1000 Units]*(1+TableBOM[Scrap %]))*I6/1000,0)) | L6: =IF(I6="","",IFERROR(SUMPRODUCT((TableBOM[Product ID]=A6)*(TableBOM[Material Category]="LACQUER")*TableBOM[Per 1000 Units]*(1+TableBOM[Scrap %]))*I6/1000,0)) | M6: =IF(I6="","",IFERROR(SUMPRODUCT((TableBOM[Product ID]=A6)*(TableBOM[Material Category]="LATEX")*TableBOM[Per 1000 Units]*(1+TableBOM[Scrap %]))*I6/1000,0)) | N6: =IF(I6="","",IFERROR(SUMPRODUCT((TableBOM[Product ID]=A6)*(TableBOM[Material Category]="ZINC")*TableBOM[Per 1000 Units]*(1+TableBOM[Scrap %]))*I6/1000,0)) | O6: =IF(I6="","",IFERROR(SUMPRODUCT((TableBOM[Product ID]=A6)*(TableBOM[Material Category]="CAP")*TableBOM[Per 1000 Units]*(1+TableBOM[Scrap %]))*I6/1000,0)) | P6: =IF(I6="","",IFERROR(SUMPRODUCT((TableBOM[Product ID]=A6)*(TableBOM[Material Category]="CARTON")*TableBOM[Per 1000 Units]*(1+TableBOM[Scrap %]))*I6/1000,0))
A7: 6560 | B7: 189 | C7: Brookes Pharma Private Limited | D7: CONTRATUBEX GEL 20G | E7: 19 | F7: 106 | G7: No | H7: 588 | J7: =IF(I7="","",IFERROR(SUMPRODUCT((TableBOM[Product ID]=A7)*(TableBOM[Material Category]="SLUG")*TableBOM[Per 1000 Units]*(1+TableBOM[Scrap %]))*I7/1000,0)) | K7: =IF(I7="","",IFERROR(SUMPRODUCT((TableBOM[Product ID]=A7)*(TableBOM[Material Category]="BASE COAT")*TableBOM[Per 1000 Units]*(1+TableBOM[Scrap %]))*I7/1000,0)) | L7: =IF(I7="","",IFERROR(SUMPRODUCT((TableBOM[Product ID]=A7)*(TableBOM[Material Category]="LACQUER")*TableBOM[Per 1000 Units]*(1+TableBOM[Scrap %]))*I7/1000,0)) | M7: =IF(I7="","",IFERROR(SUMPRODUCT((TableBOM[Product ID]=A7)*(TableBOM[Material Category]="LATEX")*TableBOM[Per 1000 Units]*(1+TableBOM[Scrap %]))*I7/1000,0)) | N7: =IF(I7="","",IFERROR(SUMPRODUCT((TableBOM[Product ID]=A7)*(TableBOM[Material Category]="ZINC")*TableBOM[Per 1000 Units]*(1+TableBOM[Scrap %]))*I7/1000,0)) | O7: =IF(I7="","",IFERROR(SUMPRODUCT((TableBOM[Product ID]=A7)*(TableBOM[Material Category]="CAP")*TableBOM[Per 1000 Units]*(1+TableBOM[Scrap %]))*I7/1000,0)) | P7: =IF(I7="","",IFERROR(SUMPRODUCT((TableBOM[Product ID]=A7)*(TableBOM[Material Category]="CARTON")*TableBOM[Per 1000 Units]*(1+TableBOM[Scrap %]))*I7/1000,0))
A8: 6623 | B8: 193 | C8: Samsol International Private Limited | D8: S-43 DIA 19MM | E8: 19 | F8: 120 | G8: No | H8: 510 | J8: =IF(I8="","",IFERROR(SUMPRODUCT((TableBOM[Product ID]=A8)*(TableBOM[Material Category]="SLUG")*TableBOM[Per 1000 Units]*(1+TableBOM[Scrap %]))*I8/1000,0)) | K8: =IF(I8="","",IFERROR(SUMPRODUCT((TableBOM[Product ID]=A8)*(TableBOM[Material Category]="BASE COAT")*TableBOM[Per 1000 Units]*(1+TableBOM[Scrap %]))*I8/1000,0)) | L8: =IF(I8="","",IFERROR(SUMPRODUCT((TableBOM[Product ID]=A8)*(TableBOM[Material Category]="LACQUER")*TableBOM[Per 1000 Units]*(1+TableBOM[Scrap %]))*I8/1000,0)) | M8: =IF(I8="","",IFERROR(SUMPRODUCT((TableBOM[Product ID]=A8)*(TableBOM[Material Category]="LATEX")*TableBOM[Per 1000 Units]*(1+TableBOM[Scrap %]))*I8/1000,0)) | N8: =IF(I8="","",IFERROR(SUMPRODUCT((TableBOM[Product ID]=A8)*(TableBOM[Material Category]="ZINC")*TableBOM[Per 1000 Units]*(1+TableBOM[Scrap %]))*I8/1000,0)) | O8: =IF(I8="","",IFERROR(SUMPRODUCT((TableBOM[Product ID]=A8)*(TableBOM[Material Category]="CAP")*TableBOM[Per 1000 Units]*(1+TableBOM[Scrap %]))*I8/1000,0)) | P8: =IF(I8="","",IFERROR(SUMPRODUCT((TableBOM[Product ID]=A8)*(TableBOM[Material Category]="CARTON")*TableBOM[Per 1000 Units]*(1+TableBOM[Scrap %]))*I8/1000,0))
A9: 6624 | B9: 192 | C9: Samsol International Private Limited | D9: S-45 DIA 19MM | E9: 19 | F9: 120 | G9: No | H9: 510 | J9: =IF(I9="","",IFERROR(SUMPRODUCT((TableBOM[Product ID]=A9)*(TableBOM[Material Category]="SLUG")*TableBOM[Per 1000 Units]*(1+TableBOM[Scrap %]))*I9/1000,0)) | K9: =IF(I9="","",IFERROR(SUMPRODUCT((TableBOM[Product ID]=A9)*(TableBOM[Material Category]="BASE COAT")*TableBOM[Per 1000 Units]*(1+TableBOM[Scrap %]))*I9/1000,0)) | L9: =IF(I9="","",IFERROR(SUMPRODUCT((TableBOM[Product ID]=A9)*(TableBOM[Material Category]="LACQUER")*TableBOM[Per 1000 Units]*(1+TableBOM[Scrap %]))*I9/1000,0)) | M9: =IF(I9="","",IFERROR(SUMPRODUCT((TableBOM[Product ID]=A9)*(TableBOM[Material Category]="LATEX")*TableBOM[Per 1000 Units]*(1+TableBOM[Scrap %]))*I9/1000,0)) | N9: =IF(I9="","",IFERROR(SUMPRODUCT((TableBOM[Product ID]=A9)*(TableBOM[Material Category]="ZINC")*TableBOM[Per 1000 Units]*(1+TableBOM[Scrap %]))*I9/1000,0)) | O9: =IF(I9="","",IFERROR(SUMPRODUCT((TableBOM[Product ID]=A9)*(TableBOM[Material Category]="CAP")*TableBOM[Per 1000 Units]*(1+TableBOM[Scrap %]))*I9/1000,0)) | P9: =IF(I9="","",IFERROR(SUMPRODUCT((TableBOM[Product ID]=A9)*(TableBOM[Material Category]="CARTON")*TableBOM[Per 1000 Units]*(1+TableBOM[Scrap %]))*I9/1000,0))
A10: 6077 | B10: 138 | C10: Mablay Beauty PVT LTD. | D10: VINCE HIS ONLY BEARD & MUSTACHE COLOR CREAM | E10: 20.5 | F10: 120 | G10: Yes | H10: 200 | J10: =IF(I10="","",IFERROR(SUMPRODUCT((TableBOM[Product ID]=A10)*(TableBOM[Material Category]="SLUG")*TableBOM[Per 1000 Units]*(1+TableBOM[Scrap %]))*I10/1000,0)) | K10: =IF(I10="","",IFERROR(SUMPRODUCT((TableBOM[Product ID]=A10)*(TableBOM[Material Category]="BASE COAT")*TableBOM[Per 1000 Units]*(1+TableBOM[Scrap %]))*I10/1000,0)) | L10: =IF(I10="","",IFERROR(SUMPRODUCT((TableBOM[Product ID]=A10)*(TableBOM[Material Category]="LACQUER")*TableBOM[Per 1000 Units]*(1+TableBOM[Scrap %]))*I10/1000,0)) | M10: =IF(I10="","",IFERROR(SUMPRODUCT((TableBOM[Product ID]=A10)*(TableBOM[Material Category]="LATEX")*TableBOM[Per 1000 Units]*(1+TableBOM[Scrap %]))*I10/1000,0)) | N10: =IF(I10="","",IFERROR(SUMPRODUCT((TableBOM[Product ID]=A10)*(TableBOM[Material Category]="ZINC")*TableBOM[Per 1000 Units]*(1+TableBOM[Scrap %]))*I10/1000,0)) | O10: =IF(I10="","",IFERROR(SUMPRODUCT((TableBOM[Product ID]=A10)*(TableBOM[Material Category]="CAP")*TableBOM[Per 1000 Units]*(1+TableBOM[Scrap %]))*I10/1000,0)) | P10: =IF(I10="","",IFERROR(SUMPRODUCT((TableBOM[Product ID]=A10)*(TableBOM[Material Category]="CARTON")*TableBOM[Per 1000 Units]*(1+TableBOM[Scrap %]))*I10/1000,0))
A11: 5698 | B11: 22 | C11: Samsol International Private Limited | D11: S-45 DIA 20.5 | E11: 20.5 | F11: 120 | G11: No | H11: 336 | J11: =IF(I11="","",IFERROR(SUMPRODUCT((TableBOM[Product ID]=A11)*(TableBOM[Material Category]="SLUG")*TableBOM[Per 1000 Units]*(1+TableBOM[Scrap %]))*I11/1000,0)) | K11: =IF(I11="","",IFERROR(SUMPRODUCT((TableBOM[Product ID]=A11)*(TableBOM[Material Category]="BASE COAT")*TableBOM[Per 1000 Units]*(1+TableBOM[Scrap %]))*I11/1000,0)) | L11: =IF(I11="","",IFERROR(SUMPRODUCT((TableBOM[Product ID]=A11)*(TableBOM[Material Category]="LACQUER")*TableBOM[Per 1000 Units]*(1+TableBOM[Scrap %]))*I11/1000,0)) | M11: =IF(I11="","",IFERROR(SUMPRODUCT((TableBOM[Product ID]=A11)*(TableBOM[Material Category]="LATEX")*TableBOM[Per 1000 Units]*(1+TableBOM[Scrap %]))*I11/1000,0)) | N11: =IF(I11="","",IFERROR(SUMPRODUCT((TableBOM[Product ID]=A11)*(TableBOM[Material Category]="ZINC")*TableBOM[Per 1000 Units]*(1+TableBOM[Scrap %]))*I11/1000,0)) | O11: =IF(I11="","",IFERROR(SUMPRODUCT((TableBOM[Product ID]=A11)*(TableBOM[Material Category]="CAP")*TableBOM[Per 1000 Units]*(1+TableBOM[Scrap %]))*I11/1000,0)) | P11: =IF(I11="","",IFERROR(SUMPRODUCT((TableBOM[Product ID]=A11)*(TableBOM[Material Category]="CARTON")*TableBOM[Per 1000 Units]*(1+TableBOM[Scrap %]))*I11/1000,0))
A12: 5699 | B12: 21 | C12: Samsol International Private Limited | D12: S-43 DIA 20.5 | E12: 20.5 | F12: 120 | G12: No | H12: 336 | J12: =IF(I12="","",IFERROR(SUMPRODUCT((TableBOM[Product ID]=A12)*(TableBOM[Material Category]="SLUG")*TableBOM[Per 1000 Units]*(1+TableBOM[Scrap %]))*I12/1000,0)) | K12: =IF(I12="","",IFERROR(SUMPRODUCT((TableBOM[Product ID]=A12)*(TableBOM[Material Category]="BASE COAT")*TableBOM[Per 1000 Units]*(1+TableBOM[Scrap %]))*I12/1000,0)) | L12: =IF(I12="","",IFERROR(SUMPRODUCT((TableBOM[Product ID]=A12)*(TableBOM[Material Category]="LACQUER")*TableBOM[Per 1000 Units]*(1+TableBOM[Scrap %]))*I12/1000,0)) | M12: =IF(I12="","",IFERROR(SUMPRODUCT((TableBOM[Product ID]=A12)*(TableBOM[Material Category]="LATEX")*TableBOM[Per 1000 Units]*(1+TableBOM[Scrap %]))*I12/1000,0)) | N12: =IF(I12="","",IFERROR(SUMPRODUCT((TableBOM[Product ID]=A12)*(TableBOM[Material Category]="ZINC")*TableBOM[Per 1000 Units]*(1+TableBOM[Scrap %]))*I12/1000,0)) | O12: =IF(I12="","",IFERROR(SUMPRODUCT((TableBOM[Product ID]=A12)*(TableBOM[Material Category]="CAP")*TableBOM[Per 1000 Units]*(1+TableBOM[Scrap %]))*I12/1000,0)) | P12: =IF(I12="","",IFERROR(SUMPRODUCT((TableBOM[Product ID]=A12)*(TableBOM[Material Category]="CARTON")*TableBOM[Per 1000 Units]*(1+TableBOM[Scrap %]))*I12/1000,0))
A13: 5731 | B13: 32 | C13: Samsol International Private Limited | D13: SAMSOL HAIR COLOR 45 DIA 20.5 MM | E13: 20.5 | F13: 120 | G13: No | H13: 510 | J13: =IF(I13="","",IFERROR(SUMPRODUCT((TableBOM[Product ID]=A13)*(TableBOM[Material Category]="SLUG")*TableBOM[Per 1000 Units]*(1+TableBOM[Scrap %]))*I13/1000,0)) | K13: =IF(I13="","",IFERROR(SUMPRODUCT((TableBOM[Product ID]=A13)*(TableBOM[Material Category]="BASE COAT")*TableBOM[Per 1000 Units]*(1+TableBOM[Scrap %]))*I13/1000,0)) | L13: =IF(I13="","",IFERROR(SUMPRODUCT((TableBOM[Product ID]=A13)*(TableBOM[Material Category]="LACQUER")*TableBOM[Per 1000 Units]*(1+TableBOM[Scrap %]))*I13/1000,0)) | M13: =IF(I13="","",IFERROR(SUMPRODUCT((TableBOM[Product ID]=A13)*(TableBOM[Material Category]="LATEX")*TableBOM[Per 1000 Units]*(1+TableBOM[Scrap %]))*I13/1000,0)) | N13: =IF(I13="","",IFERROR(SUMPRODUCT((TableBOM[Product ID]=A13)*(TableBOM[Material Category]="ZINC")*TableBOM[Per 1000 Units]*(1+TableBOM[Scrap %]))*I13/1000,0)) | O13: =IF(I13="","",IFERROR(SUMPRODUCT((TableBOM[Product ID]=A13)*(TableBOM[Material Category]="CAP")*TableBOM[Per 1000 Units]*(1+TableBOM[Scrap %]))*I13/1000,0)) | P13: =IF(I13="","",IFERROR(SUMPRODUCT((TableBOM[Product ID]=A13)*(TableBOM[Material Category]="CARTON")*TableBOM[Per 1000 Units]*(1+TableBOM[Scrap %]))*I13/1000,0))
A14: 5732 | B14: 33 | C14: Samsol International Private Limited | D14: SAMSOL HAIR COLOR 43 DIA 20.5 MM | E14: 20.5 | F14: 120 | G14: No | H14: 510 | J14: =IF(I14="","",IFERROR(SUMPRODUCT((TableBOM[Product ID]=A14)*(TableBOM[Material Category]="SLUG")*TableBOM[Per 1000 Units]*(1+TableBOM[Scrap %]))*I14/1000,0)) | K14: =IF(I14="","",IFERROR(SUMPRODUCT((TableBOM[Product ID]=A14)*(TableBOM[Material Category]="BASE COAT")*TableBOM[Per 1000 Units]*(1+TableBOM[Scrap %]))*I14/1000,0)) | L14: =IF(I14="","",IFERROR(SUMPRODUCT((TableBOM[Product ID]=A14)*(TableBOM[Material Category]="LACQUER")*TableBOM[Per 1000 Units]*(1+TableBOM[Scrap %]))*I14/1000,0)) | M14: =IF(I14="","",IFERROR(SUMPRODUCT((TableBOM[Product ID]=A14)*(TableBOM[Material Category]="LATEX")*TableBOM[Per 1000 Units]*(1+TableBOM[Scrap %]))*I14/1000,0)) | N14: =IF(I14="","",IFERROR(SUMPRODUCT((TableBOM[Product ID]=A14)*(TableBOM[Material Category]="ZINC")*TableBOM[Per 1000 Units]*(1+TableBOM[Scrap %]))*I14/1000,0)) | O14: =IF(I14="","",IFERROR(SUMPRODUCT((TableBOM[Product ID]=A14)*(TableBOM[Material Category]="CAP")*TableBOM[Per 1000 Units]*(1+TableBOM[Scrap %]))*I14/1000,0)) | P14: =IF(I14="","",IFERROR(SUMPRODUCT((TableBOM[Product ID]=A14)*(TableBOM[Material Category]="CARTON")*TableBOM[Per 1000 Units]*(1+TableBOM[Scrap %]))*I14/1000,0))
... A21: 6506 | B21: 179 | C21: Samsol International Private Limited | D21: TUBES MEN BLUE | E21: 25 | F21: 150 | G21: No | H21: 336 | J21: =IF(I21="","",IFERROR(SUMPRODUCT((TableBOM[Product ID]=A21)*(TableBOM[Material Category]="SLUG")*TableBOM[Per 1000 Units]*(1+TableBOM[Scrap %]))*I21/1000,0)) | K21: =IF(I21="","",IFERROR(SUMPRODUCT((TableBOM[Product ID]=A21)*(TableBOM[Material Category]="BASE COAT")*TableBOM[Per 1000 Units]*(1+TableBOM[Scrap %]))*I21/1000,0)) | L21: =IF(I21="","",IFERROR(SUMPRODUCT((TableBOM[Product ID]=A21)*(TableBOM[Material Category]="LACQUER")*TableBOM[Per 1000 Units]*(1+TableBOM[Scrap %]))*I21/1000,0)) | M21: =IF(I21="","",IFERROR(SUMPRODUCT((TableBOM[Product ID]=A21)*(TableBOM[Material Category]="LATEX")*TableBOM[Per 1000 Units]*(1+TableBOM[Scrap %]))*I21/1000,0)) | N21: =IF(I21="","",IFERROR(SUMPRODUCT((TableBOM[Product ID]=A21)*(TableBOM[Material Category]="ZINC")*TableBOM[Per 1000 Units]*(1+TableBOM[Scrap %]))*I21/1000,0)) | O21: =IF(I21="","",IFERROR(SUMPRODUCT((TableBOM[Product ID]=A21)*(TableBOM[Material Category]="CAP")*TableBOM[Per 1000 Units]*(1+TableBOM[Scrap %]))*I21/1000,0)) | P21: =IF(I21="","",IFERROR(SUMPRODUCT((TableBOM[Product ID]=A21)*(TableBOM[Material Category]="CARTON")*TableBOM[Per 1000 Units]*(1+TableBOM[Scrap %]))*I21/1000,0))
A22: 6532 | B22: 181 | C22: Samsol International Private Limited | D22: TUBE COMMON PURPLE | E22: 25 | F22: 150 | G22: No | H22: 336 | I22: 17472 | J22: =IF(I22="","",IFERROR(SUMPRODUCT((TableBOM[Product ID]=A22)*(TableBOM[Material Category]="SLUG")*TableBOM[Per 1000 Units]*(1+TableBOM[Scrap %]))*I22/1000,0)) -> 113.72001 | K22: =IF(I22="","",IFERROR(SUMPRODUCT((TableBOM[Product ID]=A22)*(TableBOM[Material Category]="BASE COAT")*TableBOM[Per 1000 Units]*(1+TableBOM[Scrap %]))*I22/1000,0)) -> 11.76215 | L22: =IF(I22="","",IFERROR(SUMPRODUCT((TableBOM[Product ID]=A22)*(TableBOM[Material Category]="LACQUER")*TableBOM[Per 1000 Units]*(1+TableBOM[Scrap %]))*I22/1000,0)) -> 5.6120064 | M22: =IF(I22="","",IFERROR(SUMPRODUCT((TableBOM[Product ID]=A22)*(TableBOM[Material Category]="LATEX")*TableBOM[Per 1000 Units]*(1+TableBOM[Scrap %]))*I22/1000,0)) -> 0 | N22: =IF(I22="","",IFERROR(SUMPRODUCT((TableBOM[Product ID]=A22)*(TableBOM[Material Category]="ZINC")*TableBOM[Per 1000 Units]*(1+TableBOM[Scrap %]))*I22/1000,0)) -> 0 | O22: =IF(I22="","",IFERROR(SUMPRODUCT((TableBOM[Product ID]=A22)*(TableBOM[Material Category]="CAP")*TableBOM[Per 1000 Units]*(1+TableBOM[Scrap %]))*I22/1000,0)) -> 17821.44 | P22: =IF(I22="","",IFERROR(SUMPRODUCT((TableBOM[Product ID]=A22)*(TableBOM[Material Category]="CARTON")*TableBOM[Per 1000 Units]*(1+TableBOM[Scrap %]))*I22/1000,0)) -> 57.196339
A23: 9006 | B23: 906 | C23: Samsol International Private Limited | D23: SAMSOL RED 25MM | E23: 25 | F23: 150 | G23: No | H23: 336 | J23: =IF(I23="","",IFERROR(SUMPRODUCT((TableBOM[Product ID]=A23)*(TableBOM[Material Category]="SLUG")*TableBOM[Per 1000 Units]*(1+TableBOM[Scrap %]))*I23/1000,0)) | K23: =IF(I23="","",IFERROR(SUMPRODUCT((TableBOM[Product ID]=A23)*(TableBOM[Material Category]="BASE COAT")*TableBOM[Per 1000 Units]*(1+TableBOM[Scrap %]))*I23/1000,0)) | L23: =IF(I23="","",IFERROR(SUMPRODUCT((TableBOM[Product ID]=A23)*(TableBOM[Material Category]="LACQUER")*TableBOM[Per 1000 Units]*(1+TableBOM[Scrap %]))*I23/1000,0)) | M23: =IF(I23="","",IFERROR(SUMPRODUCT((TableBOM[Product ID]=A23)*(TableBOM[Material Category]="LATEX")*TableBOM[Per 1000 Units]*(1+TableBOM[Scrap %]))*I23/1000,0)) | N23: =IF(I23="","",IFERROR(SUMPRODUCT((TableBOM[Product ID]=A23)*(TableBOM[Material Category]="ZINC")*TableBOM[Per 1000 Units]*(1+TableBOM[Scrap %]))*I23/1000,0)) | O23: =IF(I23="","",IFERROR(SUMPRODUCT((TableBOM[Product ID]=A23)*(TableBOM[Material Category]="CAP")*TableBOM[Per 1000 Units]*(1+TableBOM[Scrap %]))*I23/1000,0)) | P23: =IF(I23="","",IFERROR(SUMPRODUCT((TableBOM[Product ID]=A23)*(TableBOM[Material Category]="CARTON")*TableBOM[Per 1000 Units]*(1+TableBOM[Scrap %]))*I23/1000,0))
A24: 6338 | B24: 167 | C24: DTM | D24: DTM DIA 25MM | E24: 25 | F24: 155 | G24: No | H24: 336 | J24: =IF(I24="","",IFERROR(SUMPRODUCT((TableBOM[Product ID]=A24)*(TableBOM[Material Category]="SLUG")*TableBOM[Per 1000 Units]*(1+TableBOM[Scrap %]))*I24/1000,0)) | K24: =IF(I24="","",IFERROR(SUMPRODUCT((TableBOM[Product ID]=A24)*(TableBOM[Material Category]="BASE COAT")*TableBOM[Per 1000 Units]*(1+TableBOM[Scrap %]))*I24/1000,0)) | L24: =IF(I24="","",IFERROR(SUMPRODUCT((TableBOM[Product ID]=A24)*(TableBOM[Material Category]="LACQUER")*TableBOM[Per 1000 Units]*(1+TableBOM[Scrap %]))*I24/1000,0)) | M24: =IF(I24="","",IFERROR(SUMPRODUCT((TableBOM[Product ID]=A24)*(TableBOM[Material Category]="LATEX")*TableBOM[Per 1000 Units]*(1+TableBOM[Scrap %]))*I24/1000,0)) | N24: =IF(I24="","",IFERROR(SUMPRODUCT((TableBOM[Product ID]=A24)*(TableBOM[Material Category]="ZINC")*TableBOM[Per 1000 Units]*(1+TableBOM[Scrap %]))*I24/1000,0)) | O24: =IF(I24="","",IFERROR(SUMPRODUCT((TableBOM[Product ID]=A24)*(TableBOM[Material Category]="CAP")*TableBOM[Per 1000 Units]*(1+TableBOM[Scrap %]))*I24/1000,0)) | P24: =IF(I24="","",IFERROR(SUMPRODUCT((TableBOM[Product ID]=A24)*(TableBOM[Material Category]="CARTON")*TableBOM[Per 1000 Units]*(1+TableBOM[Scrap %]))*I24/1000,0))
A25: 6337 | B25: 166 | C25: Al-Rehman Group | D25: ACTIVE PRO HAIR COLOR CREAM 60ML | E25: 30 | F25: 130 | G25: Yes | H25: 150 | J25: =IF(I25="","",IFERROR(SUMPRODUCT((TableBOM[Product ID]=A25)*(TableBOM[Material Category]="SLUG")*TableBOM[Per 1000 Units]*(1+TableBOM[Scrap %]))*I25/1000,0)) | K25: =IF(I25="","",IFERROR(SUMPRODUCT((TableBOM[Product ID]=A25)*(TableBOM[Material Category]="BASE COAT")*TableBOM[Per 1000 Units]*(1+TableBOM[Scrap %]))*I25/1000,0)) | L25: =IF(I25="","",IFERROR(SUMPRODUCT((TableBOM[Product ID]=A25)*(TableBOM[Material Category]="LACQUER")*TableBOM[Per 1000 Units]*(1+TableBOM[Scrap %]))*I25/1000,0)) | M25: =IF(I25="","",IFERROR(SUMPRODUCT((TableBOM[Product ID]=A25)*(TableBOM[Material Category]="LATEX")*TableBOM[Per 1000 Units]*(1+TableBOM[Scrap %]))*I25/1000,0)) | N25: =IF(I25="","",IFERROR(SUMPRODUCT((TableBOM[Product ID]=A25)*(TableBOM[Material Category]="ZINC")*TableBOM[Per 1000 Units]*(1+TableBOM[Scrap %]))*I25/1000,0)) | O25: =IF(I25="","",IFERROR(SUMPRODUCT((TableBOM[Product ID]=A25)*(TableBOM[Material Category]="CAP")*TableBOM[Per 1000 Units]*(1+TableBOM[Scrap %]))*I25/1000,0)) | P25: =IF(I25="","",IFERROR(SUMPRODUCT((TableBOM[Product ID]=A25)*(TableBOM[Material Category]="CARTON")*TableBOM[Per 1000 Units]*(1+TableBOM[Scrap %]))*I25/1000,0))
A26: 6416 | B26: 171 | C26: Al-Rehman Group | D26: SIGNATURE HAIR COLOR CREAM 60ML | E26: 30 | F26: 130 | G26: Yes | H26: 150 | J26: =IF(I26="","",IFERROR(SUMPRODUCT((TableBOM[Product ID]=A26)*(TableBOM[Material Category]="SLUG")*TableBOM[Per 1000 Units]*(1+TableBOM[Scrap %]))*I26/1000,0)) | K26: =IF(I26="","",IFERROR(SUMPRODUCT((TableBOM[Product ID]=A26)*(TableBOM[Material Category]="BASE COAT")*TableBOM[Per 1000 Units]*(1+TableBOM[Scrap %]))*I26/1000,0)) | L26: =IF(I26="","",IFERROR(SUMPRODUCT((TableBOM[Product ID]=A26)*(TableBOM[Material Category]="LACQUER")*TableBOM[Per 1000 Units]*(1+TableBOM[Scrap %]))*I26/1000,0)) | M26: =IF(I26="","",IFERROR(SUMPRODUCT((TableBOM[Product ID]=A26)*(TableBOM[Material Category]="LATEX")*TableBOM[Per 1000 Units]*(1+TableBOM[Scrap %]))*I26/1000,0)) | N26: =IF(I26="","",IFERROR(SUMPRODUCT((TableBOM[Product ID]=A26)*(TableBOM[Material Category]="ZINC")*TableBOM[Per 1000 Units]*(1+TableBOM[Scrap %]))*I26/1000,0)) | O26: =IF(I26="","",IFERROR(SUMPRODUCT((TableBOM[Product ID]=A26)*(TableBOM[Material Category]="CAP")*TableBOM[Per 1000 Units]*(1+TableBOM[Scrap %]))*I26/1000,0)) | P26: =IF(I26="","",IFERROR(SUMPRODUCT((TableBOM[Product ID]=A26)*(TableBOM[Material Category]="CARTON")*TableBOM[Per 1000 Units]*(1+TableBOM[Scrap %]))*I26/1000,0))
A27: 6206 | B27: 149 | C27: Golden Pearl Cosmetics (PVT) LTD | D27: HELLO HAIR COLOR | E27: 30 | F27: 130 | G27: Yes | H27: 245 | J27: =IF(I27="","",IFERROR(SUMPRODUCT((TableBOM[Product ID]=A27)*(TableBOM[Material Category]="SLUG")*TableBOM[Per 1000 Units]*(1+TableBOM[Scrap %]))*I27/1000,0)) | K27: =IF(I27="","",IFERROR(SUMPRODUCT((TableBOM[Product ID]=A27)*(TableBOM[Material Category]="BASE COAT")*TableBOM[Per 1000 Units]*(1+TableBOM[Scrap %]))*I27/1000,0)) | L27: =IF(I27="","",IFERROR(SUMPRODUCT((TableBOM[Product ID]=A27)*(TableBOM[Material Category]="LACQUER")*TableBOM[Per 1000 Units]*(1+TableBOM[Scrap %]))*I27/1000,0)) | M27: =IF(I27="","",IFERROR(SUMPRODUCT((TableBOM[Product ID]=A27)*(TableBOM[Material Category]="LATEX")*TableBOM[Per 1000 Units]*(1+TableBOM[Scrap %]))*I27/1000,0)) | N27: =IF(I27="","",IFERROR(SUMPRODUCT((TableBOM[Product ID]=A27)*(TableBOM[Material Category]="ZINC")*TableBOM[Per 1000 Units]*(1+TableBOM[Scrap %]))*I27/1000,0)) | O27: =IF(I27="","",IFERROR(SUMPRODUCT((TableBOM[Product ID]=A27)*(TableBOM[Material Category]="CAP")*TableBOM[Per 1000 Units]*(1+TableBOM[Scrap %]))*I27/1000,0)) | P27: =IF(I27="","",IFERROR(SUMPRODUCT((TableBOM[Product ID]=A27)*(TableBOM[Material Category]="CARTON")*TableBOM[Per 1000 Units]*(1+TableBOM[Scrap %]))*I27/1000,0))
A28: 5814 | B28: 95 | C28: Mablay Beauty PVT LTD. | D28: VINCE NURTURAL | E28: 30 | F28: 130 | G28: Yes | H28: 150 | J28: =IF(I28="","",IFERROR(SUMPRODUCT((TableBOM[Product ID]=A28)*(TableBOM[Material Category]="SLUG")*TableBOM[Per 1000 Units]*(1+TableBOM[Scrap %]))*I28/1000,0)) | K28: =IF(I28="","",IFERROR(SUMPRODUCT((TableBOM[Product ID]=A28)*(TableBOM[Material Category]="BASE COAT")*TableBOM[Per 1000 Units]*(1+TableBOM[Scrap %]))*I28/1000,0)) | L28: =IF(I28="","",IFERROR(SUMPRODUCT((TableBOM[Product ID]=A28)*(TableBOM[Material Category]="LACQUER")*TableBOM[Per 1000 Units]*(1+TableBOM[Scrap %]))*I28/1000,0)) | M28: =IF(I28="","",IFERROR(SUMPRODUCT((TableBOM[Product ID]=A28)*(TableBOM[Material Category]="LATEX")*TableBOM[Per 1000 Units]*(1+TableBOM[Scrap %]))*I28/1000,0)) | N28: =IF(I28="","",IFERROR(SUMPRODUCT((TableBOM[Product ID]=A28)*(TableBOM[Material Category]="ZINC")*TableBOM[Per 1000 Units]*(1+TableBOM[Scrap %]))*I28/1000,0)) | O28: =IF(I28="","",IFERROR(SUMPRODUCT((TableBOM[Product ID]=A28)*(TableBOM[Material Category]="CAP")*TableBOM[Per 1000 Units]*(1+TableBOM[Scrap %]))*I28/1000,0)) | P28: =IF(I28="","",IFERROR(SUMPRODUCT((TableBOM[Product ID]=A28)*(TableBOM[Material Category]="CARTON")*TableBOM[Per 1000 Units]*(1+TableBOM[Scrap %]))*I28/1000,0))
A29: 9002 | B29: 901 | C29: Mablay Beauty PVT LTD. | D29: VINCE NURTURAL (Varnish) | E29: 30 | F29: 130 | G29: No | H29: 245 | J29: =IF(I29="","",IFERROR(SUMPRODUCT((TableBOM[Product ID]=A29)*(TableBOM[Material Category]="SLUG")*TableBOM[Per 1000 Units]*(1+TableBOM[Scrap %]))*I29/1000,0)) | K29: =IF(I29="","",IFERROR(SUMPRODUCT((TableBOM[Product ID]=A29)*(TableBOM[Material Category]="BASE COAT")*TableBOM[Per 1000 Units]*(1+TableBOM[Scrap %]))*I29/1000,0)) | L29: =IF(I29="","",IFERROR(SUMPRODUCT((TableBOM[Product ID]=A29)*(TableBOM[Material Category]="LACQUER")*TableBOM[Per 1000 Units]*(1+TableBOM[Scrap %]))*I29/1000,0)) | M29: =IF(I29="","",IFERROR(SUMPRODUCT((TableBOM[Product ID]=A29)*(TableBOM[Material Category]="LATEX")*TableBOM[Per 1000 Units]*(1+TableBOM[Scrap %]))*I29/1000,0)) | N29: =IF(I29="","",IFERROR(SUMPRODUCT((TableBOM[Product ID]=A29)*(TableBOM[Material Category]="ZINC")*TableBOM[Per 1000 Units]*(1+TableBOM[Scrap %]))*I29/1000,0)) | O29: =IF(I29="","",IFERROR(SUMPRODUCT((TableBOM[Product ID]=A29)*(TableBOM[Material Category]="CAP")*TableBOM[Per 1000 Units]*(1+TableBOM[Scrap %]))*I29/1000,0)) | P29: =IF(I29="","",IFERROR(SUMPRODUCT((TableBOM[Product ID]=A29)*(TableBOM[Material Category]="CARTON")*TableBOM[Per 1000 Units]*(1+TableBOM[Scrap %]))*I29/1000,0))
A30: 4050 | B30: 19 | C30: Professional Beauty Solution (PVT) LTD.Pakistan | D30: EAZICOLOR PREMIUM HAIR COLOUR 60ML | E30: 30 | F30: 130 | G30: Yes | H30: 150 | J30: =IF(I30="","",IFERROR(SUMPRODUCT((TableBOM[Product ID]=A30)*(TableBOM[Material Category]="SLUG")*TableBOM[Per 1000 Units]*(1+TableBOM[Scrap %]))*I30/1000,0)) | K30: =IF(I30="","",IFERROR(SUMPRODUCT((TableBOM[Product ID]=A30)*(TableBOM[Material Category]="BASE COAT")*TableBOM[Per 1000 Units]*(1+TableBOM[Scrap %]))*I30/1000,0)) | L30: =IF(I30="","",IFERROR(SUMPRODUCT((TableBOM[Product ID]=A30)*(TableBOM[Material Category]="LACQUER")*TableBOM[Per 1000 Units]*(1+TableBOM[Scrap %]))*I30/1000,0)) | M30: =IF(I30="","",IFERROR(SUMPRODUCT((TableBOM[Product ID]=A30)*(TableBOM[Material Category]="LATEX")*TableBOM[Per 1000 Units]*(1+TableBOM[Scrap %]))*I30/1000,0)) | N30: =IF(I30="","",IFERROR(SUMPRODUCT((TableBOM[Product ID]=A30)*(TableBOM[Material Category]="ZINC")*TableBOM[Per 1000 Units]*(1+TableBOM[Scrap %]))*I30/1000,0)) | O30: =IF(I30="","",IFERROR(SUMPRODUCT((TableBOM[Product ID]=A30)*(TableBOM[Material Category]="CAP")*TableBOM[Per 1000 Units]*(1+TableBOM[Scrap %]))*I30/1000,0)) | P30: =IF(I30="","",IFERROR(SUMPRODUCT((TableBOM[Product ID]=A30)*(TableBOM[Material Category]="CARTON")*TableBOM[Per 1000 Units]*(1+TableBOM[Scrap %]))*I30/1000,0))
A31: 6312 | B31: 157 | C31: Professional Beauty Solution (PVT) LTD.Pakistan | D31: HIBA S HAIR COLOR 60ML | E31: 30 | F31: 130 | G31: No | H31: 150 | J31: =IF(I31="","",IFERROR(SUMPRODUCT((TableBOM[Product ID]=A31)*(TableBOM[Material Category]="SLUG")*TableBOM[Per 1000 Units]*(1+TableBOM[Scrap %]))*I31/1000,0)) | K31: =IF(I31="","",IFERROR(SUMPRODUCT((TableBOM[Product ID]=A31)*(TableBOM[Material Category]="BASE COAT")*TableBOM[Per 1000 Units]*(1+TableBOM[Scrap %]))*I31/1000,0)) | L31: =IF(I31="","",IFERROR(SUMPRODUCT((TableBOM[Product ID]=A31)*(TableBOM[Material Category]="LACQUER")*TableBOM[Per 1000 Units]*(1+TableBOM[Scrap %]))*I31/1000,0)) | M31: =IF(I31="","",IFERROR(SUMPRODUCT((TableBOM[Product ID]=A31)*(TableBOM[Material Category]="LATEX")*TableBOM[Per 1000 Units]*(1+TableBOM[Scrap %]))*I31/1000,0)) | N31: =IF(I31="","",IFERROR(SUMPRODUCT((TableBOM[Product ID]=A31)*(TableBOM[Material Category]="ZINC")*TableBOM[Per 1000 Units]*(1+TableBOM[Scrap %]))*I31/1000,0)) | O31: =IF(I31="","",IFERROR(SUMPRODUCT((TableBOM[Product ID]=A31)*(TableBOM[Material Category]="CAP")*TableBOM[Per 1000 Units]*(1+TableBOM[Scrap %]))*I31/1000,0)) | P31: =IF(I31="","",IFERROR(SUMPRODUCT((TableBOM[Product ID]=A31)*(TableBOM[Material Category]="CARTON")*TableBOM[Per 1000 Units]*(1+TableBOM[Scrap %]))*I31/1000,0))
A32: 6595 | B32: 191 | C32: Seatle (Private) Limited | D32: DOWFEN GEL 50G | E32: 30 | F32: 130 | G32: Yes | H32: 245 | J32: =IF(I32="","",IFERROR(SUMPRODUCT((TableBOM[Product ID]=A32)*(TableBOM[Material Category]="SLUG")*TableBOM[Per 1000 Units]*(1+TableBOM[Scrap %]))*I32/1000,0)) | K32: =IF(I32="","",IFERROR(SUMPRODUCT((TableBOM[Product ID]=A32)*(TableBOM[Material Category]="BASE COAT")*TableBOM[Per 1000 Units]*(1+TableBOM[Scrap %]))*I32/1000,0)) | L32: =IF(I32="","",IFERROR(SUMPRODUCT((TableBOM[Product ID]=A32)*(TableBOM[Material Category]="LACQUER")*TableBOM[Per 1000 Units]*(1+TableBOM[Scrap %]))*I32/1000,0)) | M32: =IF(I32="","",IFERROR(SUMPRODUCT((TableBOM[Product ID]=A32)*(TableBOM[Material Category]="LATEX")*TableBOM[Per 1000 Units]*(1+TableBOM[Scrap %]))*I32/1000,0)) | N32: =IF(I32="","",IFERROR(SUMPRODUCT((TableBOM[Product ID]=A32)*(TableBOM[Material Category]="ZINC")*TableBOM[Per 1000 Units]*(1+TableBOM[Scrap %]))*I32/1000,0)) | O32: =IF(I32="","",IFERROR(SUMPRODUCT((TableBOM[Product ID]=A32)*(TableBOM[Material Category]="CAP")*TableBOM[Per 1000 Units]*(1+TableBOM[Scrap %]))*I32/1000,0)) | P32: =IF(I32="","",IFERROR(SUMPRODUCT((TableBOM[Product ID]=A32)*(TableBOM[Material Category]="CARTON")*TableBOM[Per 1000 Units]*(1+TableBOM[Scrap %]))*I32/1000,0))
A33: 5782 | B33: 70 | C33: Mega Grey | D33: M.G | E33: 32 | F33: 155 | G33: Yes | H33: 230 | J33: =IF(I33="","",IFERROR(SUMPRODUCT((TableBOM[Product ID]=A33)*(TableBOM[Material Category]="SLUG")*TableBOM[Per 1000 Units]*(1+TableBOM[Scrap %]))*I33/1000,0)) | K33: =IF(I33="","",IFERROR(SUMPRODUCT((TableBOM[Product ID]=A33)*(TableBOM[Material Category]="BASE COAT")*TableBOM[Per 1000 Units]*(1+TableBOM[Scrap %]))*I33/1000,0)) | L33: =IF(I33="","",IFERROR(SUMPRODUCT((TableBOM[Product ID]=A33)*(TableBOM[Material Category]="LACQUER")*TableBOM[Per 1000 Units]*(1+TableBOM[Scrap %]))*I33/1000,0)) | M33: =IF(I33="","",IFERROR(SUMPRODUCT((TableBOM[Product ID]=A33)*(TableBOM[Material Category]="LATEX")*TableBOM[Per 1000 Units]*(1+TableBOM[Scrap %]))*I33/1000,0)) | N33: =IF(I33="","",IFERROR(SUMPRODUCT((TableBOM[Product ID]=A33)*(TableBOM[Material Category]="ZINC")*TableBOM[Per 1000 Units]*(1+TableBOM[Scrap %]))*I33/1000,0)) | O33: =IF(I33="","",IFERROR(SUMPRODUCT((TableBOM[Product ID]=A33)*(TableBOM[Material Category]="CAP")*TableBOM[Per 1000 Units]*(1+TableBOM[Scrap %]))*I33/1000,0)) | P33: =IF(I33="","",IFERROR(SUMPRODUCT((TableBOM[Product ID]=A33)*(TableBOM[Material Category]="CARTON")*TableBOM[Per 1000 Units]*(1+TableBOM[Scrap %]))*I33/1000,0))
A34: 6515 | B34: 180 | C34: Hola Hair | D34: H.H 100GM | E34: 32 | F34: 180 | G34: Yes | H34: 336 | J34: =IF(I34="","",IFERROR(SUMPRODUCT((TableBOM[Product ID]=A34)*(TableBOM[Material Category]="SLUG")*TableBOM[Per 1000 Units]*(1+TableBOM[Scrap %]))*I34/1000,0)) | K34: =IF(I34="","",IFERROR(SUMPRODUCT((TableBOM[Product ID]=A34)*(TableBOM[Material Category]="BASE COAT")*TableBOM[Per 1000 Units]*(1+TableBOM[Scrap %]))*I34/1000,0)) | L34: =IF(I34="","",IFERROR(SUMPRODUCT((TableBOM[Product ID]=A34)*(TableBOM[Material Category]="LACQUER")*TableBOM[Per 1000 Units]*(1+TableBOM[Scrap %]))*I34/1000,0)) | M34: =IF(I34="","",IFERROR(SUMPRODUCT((TableBOM[Product ID]=A34)*(TableBOM[Material Category]="LATEX")*TableBOM[Per 1000 Units]*(1+TableBOM[Scrap %]))*I34/1000,0)) | N34: =IF(I34="","",IFERROR(SUMPRODUCT((TableBOM[Product ID]=A34)*(TableBOM[Material Category]="ZINC")*TableBOM[Per 1000 Units]*(1+TableBOM[Scrap %]))*I34/1000,0)) | O34: =IF(I34="","",IFERROR(SUMPRODUCT((TableBOM[Product ID]=A34)*(TableBOM[Material Category]="CAP")*TableBOM[Per 1000 Units]*(1+TableBOM[Scrap %]))*I34/1000,0)) | P34: =IF(I34="","",IFERROR(SUMPRODUCT((TableBOM[Product ID]=A34)*(TableBOM[Material Category]="CARTON")*TableBOM[Per 1000 Units]*(1+TableBOM[Scrap %]))*I34/1000,0))
... A37: 6530 | B37: 182 | C37: Adore | D37: V- HC BROWN | E37: 35 | F37: 170 | G37: Yes | H37: 336 | J37: =IF(I37="","",IFERROR(SUMPRODUCT((TableBOM[Product ID]=A37)*(TableBOM[Material Category]="SLUG")*TableBOM[Per 1000 Units]*(1+TableBOM[Scrap %]))*I37/1000,0)) | K37: =IF(I37="","",IFERROR(SUMPRODUCT((TableBOM[Product ID]=A37)*(TableBOM[Material Category]="BASE COAT")*TableBOM[Per 1000 Units]*(1+TableBOM[Scrap %]))*I37/1000,0)) | L37: =IF(I37="","",IFERROR(SUMPRODUCT((TableBOM[Product ID]=A37)*(TableBOM[Material Category]="LACQUER")*TableBOM[Per 1000 Units]*(1+TableBOM[Scrap %]))*I37/1000,0)) | M37: =IF(I37="","",IFERROR(SUMPRODUCT((TableBOM[Product ID]=A37)*(TableBOM[Material Category]="LATEX")*TableBOM[Per 1000 Units]*(1+TableBOM[Scrap %]))*I37/1000,0)) | N37: =IF(I37="","",IFERROR(SUMPRODUCT((TableBOM[Product ID]=A37)*(TableBOM[Material Category]="ZINC")*TableBOM[Per 1000 Units]*(1+TableBOM[Scrap %]))*I37/1000,0)) | O37: =IF(I37="","",IFERROR(SUMPRODUCT((TableBOM[Product ID]=A37)*(TableBOM[Material Category]="CAP")*TableBOM[Per 1000 Units]*(1+TableBOM[Scrap %]))*I37/1000,0)) | P37: =IF(I37="","",IFERROR(SUMPRODUCT((TableBOM[Product ID]=A37)*(TableBOM[Material Category]="CARTON")*TableBOM[Per 1000 Units]*(1+TableBOM[Scrap %]))*I37/1000,0))
A38: 6531 | B38: 183 | C38: Adore | D38: V-HC BLACK | E38: 35 | F38: 170 | G38: Yes | H38: 180 | I38: 22000 | J38: =IF(I38="","",IFERROR(SUMPRODUCT((TableBOM[Product ID]=A38)*(TableBOM[Material Category]="SLUG")*TableBOM[Per 1000 Units]*(1+TableBOM[Scrap %]))*I38/1000,0)) -> 310.244 | K38: =IF(I38="","",IFERROR(SUMPRODUCT((TableBOM[Product ID]=A38)*(TableBOM[Material Category]="BASE COAT")*TableBOM[Per 1000 Units]*(1+TableBOM[Scrap %]))*I38/1000,0)) -> 18.876 | L38: =IF(I38="","",IFERROR(SUMPRODUCT((TableBOM[Product ID]=A38)*(TableBOM[Material Category]="LACQUER")*TableBOM[Per 1000 Units]*(1+TableBOM[Scrap %]))*I38/1000,0)) -> 3.872 | M38: =IF(I38="","",IFERROR(SUMPRODUCT((TableBOM[Product ID]=A38)*(TableBOM[Material Category]="LATEX")*TableBOM[Per 1000 Units]*(1+TableBOM[Scrap %]))*I38/1000,0)) -> 0 | N38: =IF(I38="","",IFERROR(SUMPRODUCT((TableBOM[Product ID]=A38)*(TableBOM[Material Category]="ZINC")*TableBOM[Per 1000 Units]*(1+TableBOM[Scrap %]))*I38/1000,0)) -> 0 | O38: =IF(I38="","",IFERROR(SUMPRODUCT((TableBOM[Product ID]=A38)*(TableBOM[Material Category]="CAP")*TableBOM[Per 1000 Units]*(1+TableBOM[Scrap %]))*I38/1000,0)) -> 22440 | P38: =IF(I38="","",IFERROR(SUMPRODUCT((TableBOM[Product ID]=A38)*(TableBOM[Material Category]="CARTON")*TableBOM[Per 1000 Units]*(1+TableBOM[Scrap %]))*I38/1000,0)) -> 146.652
A39: 8005 | B39: 805 | C39: Samsol International Private Limited | D39: Samsol Yellow 120ml | E39: 120 ml | F39: 0 | G39: No | H39: 0 | J39: =IF(I39="","",IFERROR(SUMPRODUCT((TableBOM[Product ID]=A39)*(TableBOM[Material Category]="SLUG")*TableBOM[Per 1000 Units]*(1+TableBOM[Scrap %]))*I39/1000,0)) | K39: =IF(I39="","",IFERROR(SUMPRODUCT((TableBOM[Product ID]=A39)*(TableBOM[Material Category]="BASE COAT")*TableBOM[Per 1000 Units]*(1+TableBOM[Scrap %]))*I39/1000,0)) | L39: =IF(I39="","",IFERROR(SUMPRODUCT((TableBOM[Product ID]=A39)*(TableBOM[Material Category]="LACQUER")*TableBOM[Per 1000 Units]*(1+TableBOM[Scrap %]))*I39/1000,0)) | M39: =IF(I39="","",IFERROR(SUMPRODUCT((TableBOM[Product ID]=A39)*(TableBOM[Material Category]="LATEX")*TableBOM[Per 1000 Units]*(1+TableBOM[Scrap %]))*I39/1000,0)) | N39: =IF(I39="","",IFERROR(SUMPRODUCT((TableBOM[Product ID]=A39)*(TableBOM[Material Category]="ZINC")*TableBOM[Per 1000 Units]*(1+TableBOM[Scrap %]))*I39/1000,0)) | O39: =IF(I39="","",IFERROR(SUMPRODUCT((TableBOM[Product ID]=A39)*(TableBOM[Material Category]="CAP")*TableBOM[Per 1000 Units]*(1+TableBOM[Scrap %]))*I39/1000,0)) | P39: =IF(I39="","",IFERROR(SUMPRODUCT((TableBOM[Product ID]=A39)*(TableBOM[Material Category]="CARTON")*TableBOM[Per 1000 Units]*(1+TableBOM[Scrap %]))*I39/1000,0))
A40: 8011 | B40: 811 | C40: Samsol International Private Limited | D40: Samsol Black 120ml | E40: 120 ml | F40: 0 | G40: No | H40: 0 | J40: =IF(I40="","",IFERROR(SUMPRODUCT((TableBOM[Product ID]=A40)*(TableBOM[Material Category]="SLUG")*TableBOM[Per 1000 Units]*(1+TableBOM[Scrap %]))*I40/1000,0)) | K40: =IF(I40="","",IFERROR(SUMPRODUCT((TableBOM[Product ID]=A40)*(TableBOM[Material Category]="BASE COAT")*TableBOM[Per 1000 Units]*(1+TableBOM[Scrap %]))*I40/1000,0)) | L40: =IF(I40="","",IFERROR(SUMPRODUCT((TableBOM[Product ID]=A40)*(TableBOM[Material Category]="LACQUER")*TableBOM[Per 1000 Units]*(1+TableBOM[Scrap %]))*I40/1000,0)) | M40: =IF(I40="","",IFERROR(SUMPRODUCT((TableBOM[Product ID]=A40)*(TableBOM[Material Category]="LATEX")*TableBOM[Per 1000 Units]*(1+TableBOM[Scrap %]))*I40/1000,0)) | N40: =IF(I40="","",IFERROR(SUMPRODUCT((TableBOM[Product ID]=A40)*(TableBOM[Material Category]="ZINC")*TableBOM[Per 1000 Units]*(1+TableBOM[Scrap %]))*I40/1000,0)) | O40: =IF(I40="","",IFERROR(SUMPRODUCT((TableBOM[Product ID]=A40)*(TableBOM[Material Category]="CAP")*TableBOM[Per 1000 Units]*(1+TableBOM[Scrap %]))*I40/1000,0)) | P40: =IF(I40="","",IFERROR(SUMPRODUCT((TableBOM[Product ID]=A40)*(TableBOM[Material Category]="CARTON")*TableBOM[Per 1000 Units]*(1+TableBOM[Scrap %]))*I40/1000,0))
A41: 8012 | B41: 812 | C41: Samsol International Private Limited | D41: Samsol White 120ml | E41: 120 ml | F41: 0 | G41: No | H41: 0 | J41: =IF(I41="","",IFERROR(SUMPRODUCT((TableBOM[Product ID]=A41)*(TableBOM[Material Category]="SLUG")*TableBOM[Per 1000 Units]*(1+TableBOM[Scrap %]))*I41/1000,0)) | K41: =IF(I41="","",IFERROR(SUMPRODUCT((TableBOM[Product ID]=A41)*(TableBOM[Material Category]="BASE COAT")*TableBOM[Per 1000 Units]*(1+TableBOM[Scrap %]))*I41/1000,0)) | L41: =IF(I41="","",IFERROR(SUMPRODUCT((TableBOM[Product ID]=A41)*(TableBOM[Material Category]="LACQUER")*TableBOM[Per 1000 Units]*(1+TableBOM[Scrap %]))*I41/1000,0)) | M41: =IF(I41="","",IFERROR(SUMPRODUCT((TableBOM[Product ID]=A41)*(TableBOM[Material Category]="LATEX")*TableBOM[Per 1000 Units]*(1+TableBOM[Scrap %]))*I41/1000,0)) | N41: =IF(I41="","",IFERROR(SUMPRODUCT((TableBOM[Product ID]=A41)*(TableBOM[Material Category]="ZINC")*TableBOM[Per 1000 Units]*(1+TableBOM[Scrap %]))*I41/1000,0)) | O41: =IF(I41="","",IFERROR(SUMPRODUCT((TableBOM[Product ID]=A41)*(TableBOM[Material Category]="CAP")*TableBOM[Per 1000 Units]*(1+TableBOM[Scrap %]))*I41/1000,0)) | P41: =IF(I41="","",IFERROR(SUMPRODUCT((TableBOM[Product ID]=A41)*(TableBOM[Material Category]="CARTON")*TableBOM[Per 1000 Units]*(1+TableBOM[Scrap %]))*I41/1000,0))
A42: 8010 | B42: 810 | C42: Mablay Beauty PVT LTD. | D42: Mablay 130ml TRP | E42: 130 ml | F42: 0 | G42: No | H42: 0 | J42: =IF(I42="","",IFERROR(SUMPRODUCT((TableBOM[Product ID]=A42)*(TableBOM[Material Category]="SLUG")*TableBOM[Per 1000 Units]*(1+TableBOM[Scrap %]))*I42/1000,0)) | K42: =IF(I42="","",IFERROR(SUMPRODUCT((TableBOM[Product ID]=A42)*(TableBOM[Material Category]="BASE COAT")*TableBOM[Per 1000 Units]*(1+TableBOM[Scrap %]))*I42/1000,0)) | L42: =IF(I42="","",IFERROR(SUMPRODUCT((TableBOM[Product ID]=A42)*(TableBOM[Material Category]="LACQUER")*TableBOM[Per 1000 Units]*(1+TableBOM[Scrap %]))*I42/1000,0)) | M42: =IF(I42="","",IFERROR(SUMPRODUCT((TableBOM[Product ID]=A42)*(TableBOM[Material Category]="LATEX")*TableBOM[Per 1000 Units]*(1+TableBOM[Scrap %]))*I42/1000,0)) | N42: =IF(I42="","",IFERROR(SUMPRODUCT((TableBOM[Product ID]=A42)*(TableBOM[Material Category]="ZINC")*TableBOM[Per 1000 Units]*(1+TableBOM[Scrap %]))*I42/1000,0)) | O42: =IF(I42="","",IFERROR(SUMPRODUCT((TableBOM[Product ID]=A42)*(TableBOM[Material Category]="CAP")*TableBOM[Per 1000 Units]*(1+TableBOM[Scrap %]))*I42/1000,0)) | P42: =IF(I42="","",IFERROR(SUMPRODUCT((TableBOM[Product ID]=A42)*(TableBOM[Material Category]="CARTON")*TableBOM[Per 1000 Units]*(1+TableBOM[Scrap %]))*I42/1000,0))
A43: 8015 | C43: Mablay Beauty PVT LTD. | D43: Mablay 130ml White | E43: 130 ml | J43: =IF(I43="","",IFERROR(SUMPRODUCT((TableBOM[Product ID]=A43)*(TableBOM[Material Category]="SLUG")*TableBOM[Per 1000 Units]*(1+TableBOM[Scrap %]))*I43/1000,0)) | K43: =IF(I43="","",IFERROR(SUMPRODUCT((TableBOM[Product ID]=A43)*(TableBOM[Material Category]="BASE COAT")*TableBOM[Per 1000 Units]*(1+TableBOM[Scrap %]))*I43/1000,0)) | L43: =IF(I43="","",IFERROR(SUMPRODUCT((TableBOM[Product ID]=A43)*(TableBOM[Material Category]="LACQUER")*TableBOM[Per 1000 Units]*(1+TableBOM[Scrap %]))*I43/1000,0)) | M43: =IF(I43="","",IFERROR(SUMPRODUCT((TableBOM[Product ID]=A43)*(TableBOM[Material Category]="LATEX")*TableBOM[Per 1000 Units]*(1+TableBOM[Scrap %]))*I43/1000,0)) | N43: =IF(I43="","",IFERROR(SUMPRODUCT((TableBOM[Product ID]=A43)*(TableBOM[Material Category]="ZINC")*TableBOM[Per 1000 Units]*(1+TableBOM[Scrap %]))*I43/1000,0)) | O43: =IF(I43="","",IFERROR(SUMPRODUCT((TableBOM[Product ID]=A43)*(TableBOM[Material Category]="CAP")*TableBOM[Per 1000 Units]*(1+TableBOM[Scrap %]))*I43/1000,0)) | P43: =IF(I43="","",IFERROR(SUMPRODUCT((TableBOM[Product ID]=A43)*(TableBOM[Material Category]="CARTON")*TableBOM[Per 1000 Units]*(1+TableBOM[Scrap %]))*I43/1000,0))
A44: 8001 | B44: 800 | C44: Alpha Labs PVT LTD | D44: Alpha 150ml TRP | E44: 150 ml | F44: 0 | G44: No | H44: 0 | I44: 45000 | J44: =IF(I44="","",IFERROR(SUMPRODUCT((TableBOM[Product ID]=A44)*(TableBOM[Material Category]="SLUG")*TableBOM[Per 1000 Units]*(1+TableBOM[Scrap %]))*I44/1000,0)) -> 0 | K44: =IF(I44="","",IFERROR(SUMPRODUCT((TableBOM[Product ID]=A44)*(TableBOM[Material Category]="BASE COAT")*TableBOM[Per 1000 Units]*(1+TableBOM[Scrap %]))*I44/1000,0)) -> 0 | L44: =IF(I44="","",IFERROR(SUMPRODUCT((TableBOM[Product ID]=A44)*(TableBOM[Material Category]="LACQUER")*TableBOM[Per 1000 Units]*(1+TableBOM[Scrap %]))*I44/1000,0)) -> 0 | M44: =IF(I44="","",IFERROR(SUMPRODUCT((TableBOM[Product ID]=A44)*(TableBOM[Material Category]="LATEX")*TableBOM[Per 1000 Units]*(1+TableBOM[Scrap %]))*I44/1000,0)) -> 0 | N44: =IF(I44="","",IFERROR(SUMPRODUCT((TableBOM[Product ID]=A44)*(TableBOM[Material Category]="ZINC")*TableBOM[Per 1000 Units]*(1+TableBOM[Scrap %]))*I44/1000,0)) -> 0 | O44: =IF(I44="","",IFERROR(SUMPRODUCT((TableBOM[Product ID]=A44)*(TableBOM[Material Category]="CAP")*TableBOM[Per 1000 Units]*(1+TableBOM[Scrap %]))*I44/1000,0)) -> 0 | P44: =IF(I44="","",IFERROR(SUMPRODUCT((TableBOM[Product ID]=A44)*(TableBOM[Material Category]="CARTON")*TableBOM[Per 1000 Units]*(1+TableBOM[Scrap %]))*I44/1000,0)) -> 0
A45: 8006 | B45: 806 | C45: Samsol International Private Limited | D45: Samsol Yellow 200ml | E45: 200 ml | F45: 0 | G45: No | H45: 0 | J45: =IF(I45="","",IFERROR(SUMPRODUCT((TableBOM[Product ID]=A45)*(TableBOM[Material Category]="SLUG")*TableBOM[Per 1000 Units]*(1+TableBOM[Scrap %]))*I45/1000,0)) | K45: =IF(I45="","",IFERROR(SUMPRODUCT((TableBOM[Product ID]=A45)*(TableBOM[Material Category]="BASE COAT")*TableBOM[Per 1000 Units]*(1+TableBOM[Scrap %]))*I45/1000,0)) | L45: =IF(I45="","",IFERROR(SUMPRODUCT((TableBOM[Product ID]=A45)*(TableBOM[Material Category]="LACQUER")*TableBOM[Per 1000 Units]*(1+TableBOM[Scrap %]))*I45/1000,0)) | M45: =IF(I45="","",IFERROR(SUMPRODUCT((TableBOM[Product ID]=A45)*(TableBOM[Material Category]="LATEX")*TableBOM[Per 1000 Units]*(1+TableBOM[Scrap %]))*I45/1000,0)) | N45: =IF(I45="","",IFERROR(SUMPRODUCT((TableBOM[Product ID]=A45)*(TableBOM[Material Category]="ZINC")*TableBOM[Per 1000 Units]*(1+TableBOM[Scrap %]))*I45/1000,0)) | O45: =IF(I45="","",IFERROR(SUMPRODUCT((TableBOM[Product ID]=A45)*(TableBOM[Material Category]="CAP")*TableBOM[Per 1000 Units]*(1+TableBOM[Scrap %]))*I45/1000,0)) | P45: =IF(I45="","",IFERROR(SUMPRODUCT((TableBOM[Product ID]=A45)*(TableBOM[Material Category]="CARTON")*TableBOM[Per 1000 Units]*(1+TableBOM[Scrap %]))*I45/1000,0))
A46: 8007 | B46: 807 | C46: Samsol International Private Limited | D46: Samsol White 200ml | E46: 200 ml | F46: 0 | G46: No | H46: 0 | J46: =IF(I46="","",IFERROR(SUMPRODUCT((TableBOM[Product ID]=A46)*(TableBOM[Material Category]="SLUG")*TableBOM[Per 1000 Units]*(1+TableBOM[Scrap %]))*I46/1000,0)) | K46: =IF(I46="","",IFERROR(SUMPRODUCT((TableBOM[Product ID]=A46)*(TableBOM[Material Category]="BASE COAT")*TableBOM[Per 1000 Units]*(1+TableBOM[Scrap %]))*I46/1000,0)) | L46: =IF(I46="","",IFERROR(SUMPRODUCT((TableBOM[Product ID]=A46)*(TableBOM[Material Category]="LACQUER")*TableBOM[Per 1000 Units]*(1+TableBOM[Scrap %]))*I46/1000,0)) | M46: =IF(I46="","",IFERROR(SUMPRODUCT((TableBOM[Product ID]=A46)*(TableBOM[Material Category]="LATEX")*TableBOM[Per 1000 Units]*(1+TableBOM[Scrap %]))*I46/1000,0)) | N46: =IF(I46="","",IFERROR(SUMPRODUCT((TableBOM[Product ID]=A46)*(TableBOM[Material Category]="ZINC")*TableBOM[Per 1000 Units]*(1+TableBOM[Scrap %]))*I46/1000,0)) | O46: =IF(I46="","",IFERROR(SUMPRODUCT((TableBOM[Product ID]=A46)*(TableBOM[Material Category]="CAP")*TableBOM[Per 1000 Units]*(1+TableBOM[Scrap %]))*I46/1000,0)) | P46: =IF(I46="","",IFERROR(SUMPRODUCT((TableBOM[Product ID]=A46)*(TableBOM[Material Category]="CARTON")*TableBOM[Per 1000 Units]*(1+TableBOM[Scrap %]))*I46/1000,0))
A47: 8008 | B47: 808 | C47: Samsol International Private Limited | D47: Samsol Black 200ml | E47: 200 ml | F47: 0 | G47: No | H47: 0 | J47: =IF(I47="","",IFERROR(SUMPRODUCT((TableBOM[Product ID]=A47)*(TableBOM[Material Category]="SLUG")*TableBOM[Per 1000 Units]*(1+TableBOM[Scrap %]))*I47/1000,0)) | K47: =IF(I47="","",IFERROR(SUMPRODUCT((TableBOM[Product ID]=A47)*(TableBOM[Material Category]="BASE COAT")*TableBOM[Per 1000 Units]*(1+TableBOM[Scrap %]))*I47/1000,0)) | L47: =IF(I47="","",IFERROR(SUMPRODUCT((TableBOM[Product ID]=A47)*(TableBOM[Material Category]="LACQUER")*TableBOM[Per 1000 Units]*(1+TableBOM[Scrap %]))*I47/1000,0)) | M47: =IF(I47="","",IFERROR(SUMPRODUCT((TableBOM[Product ID]=A47)*(TableBOM[Material Category]="LATEX")*TableBOM[Per 1000 Units]*(1+TableBOM[Scrap %]))*I47/1000,0)) | N47: =IF(I47="","",IFERROR(SUMPRODUCT((TableBOM[Product ID]=A47)*(TableBOM[Material Category]="ZINC")*TableBOM[Per 1000 Units]*(1+TableBOM[Scrap %]))*I47/1000,0)) | O47: =IF(I47="","",IFERROR(SUMPRODUCT((TableBOM[Product ID]=A47)*(TableBOM[Material Category]="CAP")*TableBOM[Per 1000 Units]*(1+TableBOM[Scrap %]))*I47/1000,0)) | P47: =IF(I47="","",IFERROR(SUMPRODUCT((TableBOM[Product ID]=A47)*(TableBOM[Material Category]="CARTON")*TableBOM[Per 1000 Units]*(1+TableBOM[Scrap %]))*I47/1000,0))
A48: 8014 | B48: 814 | C48: Samsol International Private Limited | D48: Samsol Mustard Oil 200ml TRP | E48: 200 ml | F48: 0 | G48: No | H48: 0 | J48: =IF(I48="","",IFERROR(SUMPRODUCT((TableBOM[Product ID]=A48)*(TableBOM[Material Category]="SLUG")*TableBOM[Per 1000 Units]*(1+TableBOM[Scrap %]))*I48/1000,0)) | K48: =IF(I48="","",IFERROR(SUMPRODUCT((TableBOM[Product ID]=A48)*(TableBOM[Material Category]="BASE COAT")*TableBOM[Per 1000 Units]*(1+TableBOM[Scrap %]))*I48/1000,0)) | L48: =IF(I48="","",IFERROR(SUMPRODUCT((TableBOM[Product ID]=A48)*(TableBOM[Material Category]="LACQUER")*TableBOM[Per 1000 Units]*(1+TableBOM[Scrap %]))*I48/1000,0)) | M48: =IF(I48="","",IFERROR(SUMPRODUCT((TableBOM[Product ID]=A48)*(TableBOM[Material Category]="LATEX")*TableBOM[Per 1000 Units]*(1+TableBOM[Scrap %]))*I48/1000,0)) | N48: =IF(I48="","",IFERROR(SUMPRODUCT((TableBOM[Product ID]=A48)*(TableBOM[Material Category]="ZINC")*TableBOM[Per 1000 Units]*(1+TableBOM[Scrap %]))*I48/1000,0)) | O48: =IF(I48="","",IFERROR(SUMPRODUCT((TableBOM[Product ID]=A48)*(TableBOM[Material Category]="CAP")*TableBOM[Per 1000 Units]*(1+TableBOM[Scrap %]))*I48/1000,0)) | P48: =IF(I48="","",IFERROR(SUMPRODUCT((TableBOM[Product ID]=A48)*(TableBOM[Material Category]="CARTON")*TableBOM[Per 1000 Units]*(1+TableBOM[Scrap %]))*I48/1000,0))
A49: 8016 | B49: 816 | C49: Samsol International Private Limited | D49: Samsol Coconut Oil 200ml White | E49: 200 ml | F49: 0 | G49: No | H49: 0 | J49: =IF(I49="","",IFERROR(SUMPRODUCT((TableBOM[Product ID]=A49)*(TableBOM[Material Category]="SLUG")*TableBOM[Per 1000 Units]*(1+TableBOM[Scrap %]))*I49/1000,0)) | K49: =IF(I49="","",IFERROR(SUMPRODUCT((TableBOM[Product ID]=A49)*(TableBOM[Material Category]="BASE COAT")*TableBOM[Per 1000 Units]*(1+TableBOM[Scrap %]))*I49/1000,0)) | L49: =IF(I49="","",IFERROR(SUMPRODUCT((TableBOM[Product ID]=A49)*(TableBOM[Material Category]="LACQUER")*TableBOM[Per 1000 Units]*(1+TableBOM[Scrap %]))*I49/1000,0)) | M49: =IF(I49="","",IFERROR(SUMPRODUCT((TableBOM[Product ID]=A49)*(TableBOM[Material Category]="LATEX")*TableBOM[Per 1000 Units]*(1+TableBOM[Scrap %]))*I49/1000,0)) | N49: =IF(I49="","",IFERROR(SUMPRODUCT((TableBOM[Product ID]=A49)*(TableBOM[Material Category]="ZINC")*TableBOM[Per 1000 Units]*(1+TableBOM[Scrap %]))*I49/1000,0)) | O49: =IF(I49="","",IFERROR(SUMPRODUCT((TableBOM[Product ID]=A49)*(TableBOM[Material Category]="CAP")*TableBOM[Per 1000 Units]*(1+TableBOM[Scrap %]))*I49/1000,0)) | P49: =IF(I49="","",IFERROR(SUMPRODUCT((TableBOM[Product ID]=A49)*(TableBOM[Material Category]="CARTON")*TableBOM[Per 1000 Units]*(1+TableBOM[Scrap %]))*I49/1000,0))
A50: 8009 | B50: 809 | C50: Mablay Beauty PVT LTD. | D50: Mablay 300ml TRP | E50: 300 ml | F50: 0 | G50: No | H50: 0 | J50: =IF(I50="","",IFERROR(SUMPRODUCT((TableBOM[Product ID]=A50)*(TableBOM[Material Category]="SLUG")*TableBOM[Per 1000 Units]*(1+TableBOM[Scrap %]))*I50/1000,0)) | K50: =IF(I50="","",IFERROR(SUMPRODUCT((TableBOM[Product ID]=A50)*(TableBOM[Material Category]="BASE COAT")*TableBOM[Per 1000 Units]*(1+TableBOM[Scrap %]))*I50/1000,0)) | L50: =IF(I50="","",IFERROR(SUMPRODUCT((TableBOM[Product ID]=A50)*(TableBOM[Material Category]="LACQUER")*TableBOM[Per 1000 Units]*(1+TableBOM[Scrap %]))*I50/1000,0)) | M50: =IF(I50="","",IFERROR(SUMPRODUCT((TableBOM[Product ID]=A50)*(TableBOM[Material Category]="LATEX")*TableBOM[Per 1000 Units]*(1+TableBOM[Scrap %]))*I50/1000,0)) | N50: =IF(I50="","",IFERROR(SUMPRODUCT((TableBOM[Product ID]=A50)*(TableBOM[Material Category]="ZINC")*TableBOM[Per 1000 Units]*(1+TableBOM[Scrap %]))*I50/1000,0)) | O50: =IF(I50="","",IFERROR(SUMPRODUCT((TableBOM[Product ID]=A50)*(TableBOM[Material Category]="CAP")*TableBOM[Per 1000 Units]*(1+TableBOM[Scrap %]))*I50/1000,0)) | P50: =IF(I50="","",IFERROR(SUMPRODUCT((TableBOM[Product ID]=A50)*(TableBOM[Material Category]="CARTON")*TableBOM[Per 1000 Units]*(1+TableBOM[Scrap %]))*I50/1000,0))
A51: 8013 | B51: 813 | C51: Mablay Beauty PVT LTD. | D51: Mablay 500ml Jar TRP | E51: 500 ml | F51: 0 | G51: No | H51: 0 | J51: =IF(I51="","",IFERROR(SUMPRODUCT((TableBOM[Product ID]=A51)*(TableBOM[Material Category]="SLUG")*TableBOM[Per 1000 Units]*(1+TableBOM[Scrap %]))*I51/1000,0)) | K51: =IF(I51="","",IFERROR(SUMPRODUCT((TableBOM[Product ID]=A51)*(TableBOM[Material Category]="BASE COAT")*TableBOM[Per 1000 Units]*(1+TableBOM[Scrap %]))*I51/1000,0)) | L51: =IF(I51="","",IFERROR(SUMPRODUCT((TableBOM[Product ID]=A51)*(TableBOM[Material Category]="LACQUER")*TableBOM[Per 1000 Units]*(1+TableBOM[Scrap %]))*I51/1000,0)) | M51: =IF(I51="","",IFERROR(SUMPRODUCT((TableBOM[Product ID]=A51)*(TableBOM[Material Category]="LATEX")*TableBOM[Per 1000 Units]*(1+TableBOM[Scrap %]))*I51/1000,0)) | N51: =IF(I51="","",IFERROR(SUMPRODUCT((TableBOM[Product ID]=A51)*(TableBOM[Material Category]="ZINC")*TableBOM[Per 1000 Units]*(1+TableBOM[Scrap %]))*I51/1000,0)) | O51: =IF(I51="","",IFERROR(SUMPRODUCT((TableBOM[Product ID]=A51)*(TableBOM[Material Category]="CAP")*TableBOM[Per 1000 Units]*(1+TableBOM[Scrap %]))*I51/1000,0)) | P51: =IF(I51="","",IFERROR(SUMPRODUCT((TableBOM[Product ID]=A51)*(TableBOM[Material Category]="CARTON")*TableBOM[Per 1000 Units]*(1+TableBOM[Scrap %]))*I51/1000,0))
A52: 2909 | B52: 56 | C52: Professional Beauty Solution (PVT) LTD.Pakistan | D52: EAZI COLOR PERMANENT HAIR COLOUR 60ML | E52: 30 | F52: 130 | G52: No | H52: 150 | J52: =IF(I52="","",IFERROR(SUMPRODUCT((TableBOM[Product ID]=A52)*(TableBOM[Material Category]="SLUG")*TableBOM[Per 1000 Units]*(1+TableBOM[Scrap %]))*I52/1000,0)) | K52: =IF(I52="","",IFERROR(SUMPRODUCT((TableBOM[Product ID]=A52)*(TableBOM[Material Category]="BASE COAT")*TableBOM[Per 1000 Units]*(1+TableBOM[Scrap %]))*I52/1000,0)) | L52: =IF(I52="","",IFERROR(SUMPRODUCT((TableBOM[Product ID]=A52)*(TableBOM[Material Category]="LACQUER")*TableBOM[Per 1000 Units]*(1+TableBOM[Scrap %]))*I52/1000,0)) | M52: =IF(I52="","",IFERROR(SUMPRODUCT((TableBOM[Product ID]=A52)*(TableBOM[Material Category]="LATEX")*TableBOM[Per 1000 Units]*(1+TableBOM[Scrap %]))*I52/1000,0)) | N52: =IF(I52="","",IFERROR(SUMPRODUCT((TableBOM[Product ID]=A52)*(TableBOM[Material Category]="ZINC")*TableBOM[Per 1000 Units]*(1+TableBOM[Scrap %]))*I52/1000,0)) | O52: =IF(I52="","",IFERROR(SUMPRODUCT((TableBOM[Product ID]=A52)*(TableBOM[Material Category]="CAP")*TableBOM[Per 1000 Units]*(1+TableBOM[Scrap %]))*I52/1000,0)) | P52: =IF(I52="","",IFERROR(SUMPRODUCT((TableBOM[Product ID]=A52)*(TableBOM[Material Category]="CARTON")*TableBOM[Per 1000 Units]*(1+TableBOM[Scrap %]))*I52/1000,0))
A53: 4227 | B53: 20 | C53: Professional Beauty Solution (Pvt) Ltd | D53: BELINI HAIR COLOR 50ML | E53: 25 | F53: 150 | G53: Yes | H53: 336 | J53: =IF(I53="","",IFERROR(SUMPRODUCT((TableBOM[Product ID]=A53)*(TableBOM[Material Category]="SLUG")*TableBOM[Per 1000 Units]*(1+TableBOM[Scrap %]))*I53/1000,0)) | K53: =IF(I53="","",IFERROR(SUMPRODUCT((TableBOM[Product ID]=A53)*(TableBOM[Material Category]="BASE COAT")*TableBOM[Per 1000 Units]*(1+TableBOM[Scrap %]))*I53/1000,0)) | L53: =IF(I53="","",IFERROR(SUMPRODUCT((TableBOM[Product ID]=A53)*(TableBOM[Material Category]="LACQUER")*TableBOM[Per 1000 Units]*(1+TableBOM[Scrap %]))*I53/1000,0)) | M53: =IF(I53="","",IFERROR(SUMPRODUCT((TableBOM[Product ID]=A53)*(TableBOM[Material Category]="LATEX")*TableBOM[Per 1000 Units]*(1+TableBOM[Scrap %]))*I53/1000,0)) | N53: =IF(I53="","",IFERROR(SUMPRODUCT((TableBOM[Product ID]=A53)*(TableBOM[Material Category]="ZINC")*TableBOM[Per 1000 Units]*(1+TableBOM[Scrap %]))*I53/1000,0)) | O53: =IF(I53="","",IFERROR(SUMPRODUCT((TableBOM[Product ID]=A53)*(TableBOM[Material Category]="CAP")*TableBOM[Per 1000 Units]*(1+TableBOM[Scrap %]))*I53/1000,0)) | P53: =IF(I53="","",IFERROR(SUMPRODUCT((TableBOM[Product ID]=A53)*(TableBOM[Material Category]="CARTON")*TableBOM[Per 1000 Units]*(1+TableBOM[Scrap %]))*I53/1000,0))
A54: 5389 | B54: 35 | C54: Samsol International Private Limited | D54: S-45 | E54: 25 | F54: 150 | G54: No | H54: 336 | J54: =IF(I54="","",IFERROR(SUMPRODUCT((TableBOM[Product ID]=A54)*(TableBOM[Material Category]="SLUG")*TableBOM[Per 1000 Units]*(1+TableBOM[Scrap %]))*I54/1000,0)) | K54: =IF(I54="","",IFERROR(SUMPRODUCT((TableBOM[Product ID]=A54)*(TableBOM[Material Category]="BASE COAT")*TableBOM[Per 1000 Units]*(1+TableBOM[Scrap %]))*I54/1000,0)) | L54: =IF(I54="","",IFERROR(SUMPRODUCT((TableBOM[Product ID]=A54)*(TableBOM[Material Category]="LACQUER")*TableBOM[Per 1000 Units]*(1+TableBOM[Scrap %]))*I54/1000,0)) | M54: =IF(I54="","",IFERROR(SUMPRODUCT((TableBOM[Product ID]=A54)*(TableBOM[Material Category]="LATEX")*TableBOM[Per 1000 Units]*(1+TableBOM[Scrap %]))*I54/1000,0)) | N54: =IF(I54="","",IFERROR(SUMPRODUCT((TableBOM[Product ID]=A54)*(TableBOM[Material Category]="ZINC")*TableBOM[Per 1000 Units]*(1+TableBOM[Scrap %]))*I54/1000,0)) | O54: =IF(I54="","",IFERROR(SUMPRODUCT((TableBOM[Product ID]=A54)*(TableBOM[Material Category]="CAP")*TableBOM[Per 1000 Units]*(1+TableBOM[Scrap %]))*I54/1000,0)) | P54: =IF(I54="","",IFERROR(SUMPRODUCT((TableBOM[Product ID]=A54)*(TableBOM[Material Category]="CARTON")*TableBOM[Per 1000 Units]*(1+TableBOM[Scrap %]))*I54/1000,0))
A55: 6151 | B55: 146 | C55: Mateen Sons | D55: GP DIA 30MM | E55: 30 | F55: 130 | G55: Yes | H55: 238 | J55: =IF(I55="","",IFERROR(SUMPRODUCT((TableBOM[Product ID]=A55)*(TableBOM[Material Category]="SLUG")*TableBOM[Per 1000 Units]*(1+TableBOM[Scrap %]))*I55/1000,0)) | K55: =IF(I55="","",IFERROR(SUMPRODUCT((TableBOM[Product ID]=A55)*(TableBOM[Material Category]="BASE COAT")*TableBOM[Per 1000 Units]*(1+TableBOM[Scrap %]))*I55/1000,0)) | L55: =IF(I55="","",IFERROR(SUMPRODUCT((TableBOM[Product ID]=A55)*(TableBOM[Material Category]="LACQUER")*TableBOM[Per 1000 Units]*(1+TableBOM[Scrap %]))*I55/1000,0)) | M55: =IF(I55="","",IFERROR(SUMPRODUCT((TableBOM[Product ID]=A55)*(TableBOM[Material Category]="LATEX")*TableBOM[Per 1000 Units]*(1+TableBOM[Scrap %]))*I55/1000,0)) | N55: =IF(I55="","",IFERROR(SUMPRODUCT((TableBOM[Product ID]=A55)*(TableBOM[Material Category]="ZINC")*TableBOM[Per 1000 Units]*(1+TableBOM[Scrap %]))*I55/1000,0)) | O55: =IF(I55="","",IFERROR(SUMPRODUCT((TableBOM[Product ID]=A55)*(TableBOM[Material Category]="CAP")*TableBOM[Per 1000 Units]*(1+TableBOM[Scrap %]))*I55/1000,0)) | P55: =IF(I55="","",IFERROR(SUMPRODUCT((TableBOM[Product ID]=A55)*(TableBOM[Material Category]="CARTON")*TableBOM[Per 1000 Units]*(1+TableBOM[Scrap %]))*I55/1000,0))
A56: 8017 | B56: 817 | C56: Horizon Chem | D56: Horizon 150ml TRP | E56: 150 ml | G56: No | J56: =IF(I56="","",IFERROR(SUMPRODUCT((TableBOM[Product ID]=A56)*(TableBOM[Material Category]="SLUG")*TableBOM[Per 1000 Units]*(1+TableBOM[Scrap %]))*I56/1000,0)) | K56: =IF(I56="","",IFERROR(SUMPRODUCT((TableBOM[Product ID]=A56)*(TableBOM[Material Category]="BASE COAT")*TableBOM[Per 1000 Units]*(1+TableBOM[Scrap %]))*I56/1000,0)) | L56: =IF(I56="","",IFERROR(SUMPRODUCT((TableBOM[Product ID]=A56)*(TableBOM[Material Category]="LACQUER")*TableBOM[Per 1000 Units]*(1+TableBOM[Scrap %]))*I56/1000,0)) | M56: =IF(I56="","",IFERROR(SUMPRODUCT((TableBOM[Product ID]=A56)*(TableBOM[Material Category]="LATEX")*TableBOM[Per 1000 Units]*(1+TableBOM[Scrap %]))*I56/1000,0)) | N56: =IF(I56="","",IFERROR(SUMPRODUCT((TableBOM[Product ID]=A56)*(TableBOM[Material Category]="ZINC")*TableBOM[Per 1000 Units]*(1+TableBOM[Scrap %]))*I56/1000,0)) | O56: =IF(I56="","",IFERROR(SUMPRODUCT((TableBOM[Product ID]=A56)*(TableBOM[Material Category]="CAP")*TableBOM[Per 1000 Units]*(1+TableBOM[Scrap %]))*I56/1000,0)) | P56: =IF(I56="","",IFERROR(SUMPRODUCT((TableBOM[Product ID]=A56)*(TableBOM[Material Category]="CARTON")*TableBOM[Per 1000 Units]*(1+TableBOM[Scrap %]))*I56/1000,0))

Sheet BOM Issues
A1: BOM ISSUES — ERP Action Register (v10.21 · May 2026)
A2: Open items only. Fixed/resolved items are removed. Colour code: RED=CRITICAL · ORANGE=HIGH · YELLOW=MEDIUM · WHITE=LOW.
A4: S1 — NEW ERP BOMs REQUIRED: TUBE PRODUCTS
A5: PID | B5: BOM# | C5: Customer | D5: Product | E5: Dia | F5: Issue | G5: ERP Action Required | H5: Priority | I5: Status
A6: 9002 | B6: 901 | C6: Mablay Beauty PVT LTD. | D6: VINCE NURTURAL (Varnish) | E6: 30 | F6: Placeholder PID — varnish pass | G6: Create ERP BOM: Slug(2)+BC(3595)+Lac(4155)+Zinc(194)+Cap(578)+Carton(3598)+Tape(3635). | H6: HIGH | I6: OPEN
A7: 6624 | B7: — | C7: Samsol International | D7: S-43 DIA 19 | E7: 19 | F7: Real ERP PID confirmed (was 9003) | G7: Create ERP BOM: Slug(22)+BC(3595)+Lac(185)+Cap(80)+Carton(39 or 3619 — confirm)+Zinc(194)+Tape(3635). | H7: HIGH | I7: OPEN
A8: 9004 | B8: 904 | C8: Bahadur | D8: BAHADUR TUBE 12.5MM | E8: 12.5 | F8: Placeholder PID. Carton ID 9903 is fake. | G8: Create ERP BOM. Confirm real carton Item ID. Lacquer Item ID unknown — add once confirmed. | H8: HIGH | I8: OPEN
A9: 9006 | B9: 906 | C9: Samsol International | D9: SAMSOL RED 25MM | E9: 25 | F9: Placeholder PID | G9: Create ERP BOM: Slug(6)+BC(3595)+Lac(185)+Cap(68)+Carton(3598)+Zinc(194)+Tape(3635). | H9: HIGH | I9: OPEN
A12: S3 — BOM RATE CORRECTIONS: Fix quantities in existing ERP BOMs
A13: PID | B13: Product | D13: Material | E13: Item ID | F13: Current ERP Rate | G13: Correct Rate | H13: Priority | I13: Notes
A14: 6020 | B14: ANVIL 43 | D14: LACQUER | E14: 4155 | F14: 0.16 kg | G14: 0.50 kg | H14: CRITICAL | I14: Floor measurement. 3× understatement.
A15: 6021 | B15: ANVIL 45 | D15: LACQUER | E15: 4155 | F15: 0.16 kg | G15: 0.50 kg | H15: CRITICAL | I15: Same spec as Anvil 43.
A16: 6020 | B16: ANVIL 43 | D16: BASE COAT | E16: 4156 | F16: 0.78 kg | G16: 1.20 kg | H16: HIGH | I16: Floor wet measurement.
A17: 6021 | B17: ANVIL 45 | D17: BASE COAT | E17: 4156 | F17: 0.78 kg | G17: 1.20 kg | H17: HIGH | I17: Same spec as Anvil 43.
A18: 5731 | B18: SAMSOL HC 45 20.5MM | D18: TAPE | E18: 3635 | F18: 2.996 PCS | G18: 0.059 PCS | H18: HIGH | I18: 50× data entry error.
A19: 5732 | B19: SAMSOL HC 43 20.5MM | D19: TAPE | E19: 3635 | F19: 2.996 PCS | G19: 0.059 PCS | H19: HIGH | I19: 50× data entry error.
A20: 6338 | B20: DTM DIA 25MM | D20: BASE COAT | E20: any | F20: 5,600,000 kg | G20: ~0.56 kg | H20: HIGH | I20: ERP data entry error — magnitude wrong.
A21: 6531 | B21: V-HC BLACK | D21: LACQUER | E21: 4155 | F21: 0.28 kg | G21: 0.47 kg | H21: MEDIUM | I21: Floor dry measurement.
A23: S4 — MISSING MATERIAL LINES: Add to existing ERP BOMs
A24: PID | B24: Product | D24: Missing Material | E24: Item ID | F24: Rate | G24: Reason / Evidence | H24: Priority
A25: 6020/6021 | B25: ANVIL 43 / ANVIL 45 | D25: YELLOW BASE COAT | E25: 177 | F25: 0.78 kg (est — matches all 35mm) | G25: Added to local BOM (red font). Item ID 177 confirmed per S6. ADD to ERP BOM. | H25: CRITICAL
A26: 6312 | B26: HIBA S HAIR COLOR 60ML | D26: CAP | E26: 578 | F26: 1,000 PCS | G26: No cap in ERP BOM. Same 30mm white cap used by all 30mm products. | H26: HIGH
A27: 6338 | B27: DTM DIA 25MM | D27: CAP | E27: UNKNOWN | F27: TBD | G27: No cap line in ERP BOM at all. Confirm Item ID with Rehan. | H27: HIGH
A28: 5814 | B28: VINCE NURTURAL | D28: CARTON | E28: UNKNOWN | F28: TBD | G28: ERP BOM#95 has no carton despite 150 pcs/carton in header. Confirm Item ID. | H28: HIGH
A29: 6312 | B29: HIBA S HAIR COLOR 60ML | D29: LATEX | E29: 186 | F29: 0.28 kg (est) | G29: Product_Catalog=Yes but not in BOM. Same rate as Active Pro 30mm. | H29: MEDIUM
A30: 6077 | B30: VINCE HIS | D30: LATEX | E30: 186 | F30: 0.28 kg (est) | G30: Product_Catalog=Yes but not in BOM. Confirm rate with Rehan. | H30: MEDIUM
A31: 6530 | B31: V- HC BROWN | D31: LATEX | E31: 186 | F31: 0.28 kg (est) | G31: Header shows Latex=Yes but no latex line in BOM. | H31: MEDIUM
A32: 6531 | B32: V-HC BLACK | D32: LATEX | E32: 186 | F32: 0.28 kg (est) | G32: Product_Catalog=Yes but not in BOM. | H32: MEDIUM
A34: S5 — ITEM ID CHANGES: Applied in local BOM. Must be replicated in ERP (delete old line, add new line)
A35: PID | B35: BOM# | C35: Product | D35: Material | E35: Old Item ID | F35: Old ERP Name | G35: New Item ID | H35: New ERP Name | I35: Rate
A36: 6337 | B36: 166 | C36: ACTIVE PRO 60ML | D36: BASE COAT | E36: 170 | F36: WHITE 5711200001 | G36: 3595 | H36: POLYSTER BASE COAT WHITE 234 | I36: 0.67 kg
A37: 6337 | B37: 166 | C37: ACTIVE PRO 60ML | D37: LACQUER | E37: 1065 | F37: PIGMENTED LACQUER 57300 | G37: 4155 | H37: E/P LACQUER 4000 A/R | I37: 0.28 kg
A38: 6338 | B38: 167 | C38: DTM DIA 25MM | D38: BASE COAT | E38: 170 | F38: WHITE 5711200001 | G38: 3595 | H38: POLYSTER BASE COAT WHITE 234 | I38: 0.56 kg
A39: 6338 | B39: 167 | C39: DTM DIA 25MM | D39: LACQUER | E39: 184 | F39: LACQUER IMP 49989 | G39: 185 | H39: EPOXY LACQUER (1500) | I39: 0.3737 kg
A40: 6312 | B40: 157 | C40: HIBA S HAIR COLOR | D40: BASE COAT | E40: 170 | F40: WHITE 5711200001 | G40: 3595 | H40: POLYSTER BASE COAT WHITE 234 | I40: 0.67 kg
A41: 6312 | B41: 157 | C41: HIBA S HAIR COLOR | D41: LACQUER | E41: 1065 | F41: PIGMENTED LACQUER 57300 | G41: 4155 | H41: E/P LACQUER 4000 A/R | I41: 0.28 kg
A42: 6228 | B42: 150 | C42: HIS ONLY HC 40GM | D42: BASE COAT | E42: 170 | F42: WHITE 5711200001 | G42: 3595 | H42: POLYSTER BASE COAT WHITE 234 | I42: 0.612 kg
A43: 5782 | B43: 70 | C43: M.G | D43: BASE COAT | E43: 170 | F43: WHITE 5711200001 | G43: 3595 | H43: POLYSTER BASE COAT WHITE 234 | I43: 0.78 kg
A44: 5782 | B44: 70 | C44: M.G | D44: LACQUER | E44: 184 | F44: LACQUER IMP 49989 | G44: 185 | H44: EPOXY LACQUER (1500) | I44: 0.1785 kg
A45: 3447 | B45: 34 | C45: S 43 25MM | D45: BASE COAT | E45: 4156 | F45: BEIGE 5711200007 | G45: 3595 | H45: POLYSTER BASE COAT WHITE 234 | I45: 0.61 kg
A46: 3447 | B46: 34 | C46: S 43 25MM | D46: CAP | E46: 3866 | F46: M-11 SPR BEIGE DIA 25 | G46: 68 | H46: M-11 SPR WHITE DIA 25MM | I46: 1,000 PCS
A47: 3447 | B47: 34 | C47: S 43 25MM | D47: LACQUER | E47: 184 | F47: LACQUER IMP 49989 | G47: 185 | H47: EPOXY LACQUER (1500) | I47: 0.3737 kg
... A63: 9002 | B63: 901 | C63: VINCE NURTURAL (Varnish) | D63: CARTON | E63: 3988 | F63: 35x180 5ply | G63: 3598 | H63: 25x336 5Ply | I63: 6.06 PCS
A65: S6 — ITEM ID QUERIES: Confirm with Rehan before finalising
A66: Category | B66: Detail | C66: Item / ID 1 | D66: Item / ID 2 | E66: Question / Issue | F66: Status | G66: Priority
A67: PID 6624 Carton | B67: S-43 DIA 19 (19mm product) | C67: 3619 = 20.5mm carton | D67: 39 = 19mm carton (expected) | E67: BOM originally had 20.5mm carton for 19mm product — likely Rehan data entry error. Which is correct? | F67: OPEN | G67: HIGH
A68: Gold Inks | B68: Item IDs 7094 vs 6935 | C68: ID 7094 = INK GOLD IMP V0221267AT | D68: ID 6935 = GOLD V0221267-RF | E68: Same material or different? 7094 has 20 kg consumption; 6935 has zero. Possible duplicate. | F68: Verify | G68: LOW
A69: PID 5698 vs 5731 | B69: S-45 DIA 20.5 (Samsol) | C69: 5698 BOM#22 (old) | D69: 5731 BOM#32 (newer) | E69: Is PID 5698 obsolete, superseded by 5731? Confirm ERP. | F69: Confirm | G69: MEDIUM
A70: PID 6077 | B70: VINCE HIS BOM#138 | C70: ERP BOM#138 | D70: — | E70: BOM#138 not in ERP BOMs file provided. Does it exist in ERP? | F70: Confirm | G70: MEDIUM
A71: Zinc Archimate | B71: PIDs 6337/6416/6312 | C71: ZINC ARCHIMATE (Item 4165) | D71: ZINC STEARATE (Item 194) | E71: 4165 is obsolete — replaced by 194. Local BOM fixed. ERP BOM# 157/166/171 must remove 4165, add 194. | F71: Local Fixed — ERP Pending | G71: MEDIUM
A72: Anvil Yellow BC | B72: PID 6020/6021 | C72: Item 177 = YELLOW IMP 5711200008 | D72: — | E72: Confirm Item ID 177 is correct for Yellow Base Coat. Rate 0.78 kg/1000 is estimated (red font). | F72: OPEN | G72: CRITICAL
A73: Bahadur Lacquer | B73: PID 9004 | C73: Item 185 (est) | D73: — | E73: Lacquer line added to local BOM at 0.17 kg (same as 16mm). Confirm actual rate with Aurangzeb. | F73: Local Fixed — ERP Pending | G73: MEDIUM
A75: S7 — ERP ITEM NAME CORRECTIONS: LACQUER spelling (LACQUAR → LACQUER). Fixed in local BOM. ERP item master still incorrect.
A76: Item ID | B76: Old ERP Name (wrong) | D76: Correct Name | E76: Affected Products | H76: Priority
A77: 4155 | B77: E/P LACQUAR 4000 A/R | C77: → | D77: E/P LACQUER 4000 A/R | E77: ACTIVE PRO, SIGNATURE, HELLO HC, VINCE NURTURAL, VINCE NURTURAL (Varnish), HIBA HC, VINCE HIS | H77: HIGH
A78: 1065 | B78: PIGMENTED LACQUAR 57300 | C78: → | D78: PIGMENTED LACQUER 57300 | E78: Obsolete in local BOM (replaced by 4155). May still appear in old ERP BOMs. | H78: MEDIUM
A79: 184 | B79: LACQUAR IMP 49989 | C79: → | D79: LACQUER IMP 49989 | E79: Obsolete in local BOM (replaced by 185). May still appear in old ERP BOMs. | H79: MEDIUM
A81: S8 — SLUG CHANGE: 30mm diameter products — 30×4.3 (Item 2) → 30×4.5 S/M (Item 406). Effective 21-Apr-2026. Local BOM updated. ERP pending.
A82: PID | B82: BOM# | C82: Product | D82: Old Slug | E82: New Slug | F82: ERP Action Required | H82: Priority
A83: 6337 | B83: 166 | C83: ACTIVE PRO HAIR COLOR CREAM 60ML | D83: 30×4.3 (Item 2) | E83: 30×4.5 S/M (Item 406) | F83: Replace slug line in ERP BOM | H83: HIGH
A84: 6416 | B84: 171 | C84: SIGNATURE HAIR COLOR CREAM 60ML | D84: 30×4.3 (Item 2) | E84: 30×4.5 S/M (Item 406) | F84: Replace slug line in ERP BOM | H84: HIGH
A85: 6206 | B85: 120 | C85: HELLO HAIR COLOR | D85: 30×4.3 (Item 2) | E85: 30×4.5 S/M (Item 406) | F85: Replace slug line in ERP BOM | H85: HIGH
A86: 5814 | B86: 95 | C86: VINCE NURTURAL | D86: 30×4.3 (Item 2) | E86: 30×4.5 S/M (Item 406) | F86: Replace slug line in ERP BOM | H86: HIGH
A87: 9002 | B87: 901 | C87: VINCE NURTURAL (Varnish) | D87: 30×4.3 (Item 2) | E87: 30×4.5 S/M (Item 406) | F87: Replace slug line in ERP BOM | H87: HIGH
A88: 4050 | B88: 142 | C88: EAZICOLOR PREMIUM HAIR COLOUR 60ML | D88: 30×4.3 (Item 2) | E88: 30×4.5 S/M (Item 406) | F88: Replace slug line in ERP BOM | H88: HIGH
A89: 6312 | B89: 157 | C89: HIBA S HAIR COLOR 60ML | D89: 30×4.3 (Item 2) | E89: 30×4.5 S/M (Item 406) | F89: Replace slug line in ERP BOM | H89: HIGH
A90: 6595 | B90: 192 | C90: DOWFEN GEL 50G | D90: 30×4.3 (Item 2) | E90: 30×4.5 S/M (Item 406) | F90: Replace slug line in ERP BOM | H90: HIGH
A92: S9 — INK MANAGEMENT (Historical Average Method — BOM-based tracking not applicable)
A93: Ink consumption tracked via MRP sheet ink section using 12-month ERP averages (May 2025–Apr 2026). DO NOT create ink BOMs in ERP — Aurangzeb's team custom-mixes every batch. Refresh quarterly.
A94: Rule | C94: Detail
A95: Order trigger | C95: Order when Days of Stock < 30 (under 1 month supply)
A96: Safety stock | C96: ≥ 2 months stock for high-volume inks (avg > 1 kg/mo)
A97: Min order qty | C97: High-vol (>1 kg/mo): 5 kg. Low-vol: 2 kg.
A98: Mixing buffer | C98: 30% uplift on avg — manual mixing causes ±20-30% monthly variance.
A99: Dormant stock | C99: avg=0 but stock on hand: review with Aurangzeb before writing off.
A100: Quarterly refresh | C100: Each quarter (Aug/Nov/Feb/May): pull ERP stock report → update col E in MRP ink section.
A102: Open Query | B102: Item ID(s) | C102: Question / Action | H102: Priority
A103: Gold Inks | B103: 7094 / 6935 | C103: ID 7094 consumed 20 kg in 12mo. ID 6935 = zero. Same material under two IDs? Ask Rehan to consolidate. | H103: HIGH
A104: Violet 400484 | B104: 3800 | C104: Zero consumption 12 months. ~1 kg in stock. Still needed? If not → write off. | H104: MEDIUM
A105: Pink Fluorescent | B105: 4216 | C105: Zero consumption 12 months. ~1 kg in stock. Occasional job or obsolete? | H105: MEDIUM
A106: Ink Jet Black | B106: 3642 | C106: Only 1 kg consumed (Apr 2026). One-off or recurring? Avg set to 0.08 — confirm. | H106: LOW
A108: Rank | B108: Item ID | C108: Ink Name | E108: 12mo kg | G108: Avg/mo kg | H108: g/1000 tubes | I108: % of Total
A109: 1 | B109: 3734 | C109: MAGENTA (LOCAL) 32500 | E109: 55 | G109: 4.58 | H109: 6.38 | I109: 20.2%
A110: 2 | B110: 6038 | C110: INK BLUE PC | E110: 25 | G110: 2.08 | H110: 2.9 | I110: 9.2%
A111: 3 | B111: 3858 | C111: GOLD (LOCAL) 97035 | E111: 24.1 | G111: 2.01 | H111: 2.8 | I111: 8.9%
A112: 4 | B112: 3754 | C112: RED BRONZE (LOCAL) 32519 | E112: 23 | G112: 1.92 | H112: 2.67 | I112: 8.5%
A113: 5 | B113: 3755 | C113: INK BLUE ES 164 | E113: 21 | G113: 1.75 | H113: 2.44 | I113: 7.7%
A114: 6 | B114: 1928 | C114: BLACK (LOCAL) 77842 | E114: 20 | G114: 1.67 | H114: 2.32 | I114: 7.4%
A115: 7 | B115: 7094 | C115: INK GOLD IMP V0221267AT | E115: 20 | G115: 1.67 | H115: 2.32 | I115: 7.4%
A116: 8 | B116: 3736 | C116: WHITE (LOCAL) 07094 | E116: 13.8 | G116: 1.15 | H116: 1.6 | I116: 5.1%
A117: 9 | B117: 3955 | C117: GERANIUM (EVER SHINE) ES-130 | E117: 11 | G117: 0.92 | H117: 1.28 | I117: 4.0%
A118: 10 | B118: 7398 | C118: PURPLE 48054 | E118: 9 | G118: 0.75 | H118: 1.04 | I118: 3.3%
A119: Top 10 inks = 81.7% of all consumption. Remaining 15 inks share 18.3%. Source: ERP ST_Stk_Cons_YFI.rpt · May 2025–Apr 2026 · 8,617,293 pcs produced.

Sheet FG Stock
A1: FG STOCK IN HAND — Last Updated: 24-Aug-2026
A2: Shows latest date only from FG Stock In hand (Production.xlsx). Older dates are discarded. Re-run update_production.py to refresh.
A3: Sr. | B3: PID | C3: Customer | D3: Product (Catalog Name) | E3: Dia / Vol | F3: FG Qty (pcs) | G3: Status | H3: Dispatch Remarks | I3: Cap Item ID (auto)
A4: 1 | B4: 6206 | C4: Golden Pearl Cosmetics (PVT) LTD | D4: HELLO HAIR COLOR | E4: 30 | F4: 21000 | G4: OK | H4: Ready for dispatch
A5: 2 | B5: 4050 | C5: Professional Beauty Solution (PVT) LTD.Pakistan | D5: EAZICOLOR PREMIUM HAIR COLOUR 60ML | E5: 30 | F5: 9450 | G5: OK | H5: Ready for dispatch
A6: 3 | B6: 6337 | C6: Al-Rehman Group | D6: ACTIVE PRO HAIR COLOR CREAM 60ML | E6: 30 | F6: 15680 | G6: OK | H6: Ready for dispatch
A7: 4 | B7: 6416 | C7: Al-Rehman Group | D7: SIGNATURE HAIR COLOR CREAM 60ML | E7: 30 | F7: 15435 | G7: OK | H7: Ready for dispatch
A8: 5 | B8: 5782 | C8: Mega Grey | D8: M.G | E8: 32 | F8: 74464 | G8: OK | H8: Ready for dispatch
A9: 6 | B9: 6531 | C9: Adore | D9: V-HC BLACK | E9: 35 | F9: 4320 | G9: OK | H9: Ready for dispatch
A10: 7 | B10: 6530 | C10: Adore | D10: V- HC BROWN | E10: 35 | F10: 4500 | G10: OK | H10: Ready for dispatch
A11: 8 | B11: 3726 | C11: Samsol International Private Limited | D11: TUBES | E11: 25 | F11: 23520 | G11: OK | H11: Samsol 45 - No Order
A12: 9 | B12: 8001 | C12: Alpha Labs PVT LTD | D12: TRANSPARENT BOTTLE 150ML | E12: 150ml | F12: 15295 | G12: Hold | H12: Inprogress On Packing
A13: 10 | B13: 3726 | C13: Samsol International Private Limited | D13: TUBES | E13: 25 | F13: 43008 | G13: Not Ready | H13: Samsol 45 - Inprogress On Packing
A14: 11 | B14: 6206 | C14: Golden Pearl Cosmetics (PVT) LTD | D14: HELLO HAIR COLOR | E14: 30 | F14: 32868 | G14: Not Ready | H14: Inprogress On Packing
A15: 12 | B15: 6530 | C15: Adore | D15: V- HC BROWN | E15: 35 | F15: 11340 | G15: Not Ready | H15: Inprogress on Capping
... A19: 16 | B19: 5731 | C19: Samsol International Private Limited | D19: SAMSOL HAIR COLOR 45 DIA 20.5 MM | E19: 20.5 | F19: 33660 | G19: Not Ready | H19: Order Cancel

Sheet Future_Plans
A1: ALPHA CONTAINERS — STRATEGIC ROADMAP & AI PROMPT SPECIFICATION SHEET
A2: Feature ID | B2: Category / Pillar | C2: Feature Name | D2: Quick Summary (At a Glance) | E2: Ready-to-Paste AntiGravity AI Prompt (Gemini Flash 3.7) | F2: Status | G2: Priority & Effort
