Workbook

Sheet Data_Entry
A1: AEROSOL PLANT — DAILY PRODUCTION DATA ENTRY
A2: Today's live summary: | C2: Total Good: | D2: =SUMIFS(K5:K1000, A5:A1000, TODAY()) | F2: Total Rejects: | G2: =SUMIFS(L5:L1000, A5:A1000, TODAY()) | I2: Total DT (min): | J2: =SUMIFS(AA5:AA1000, A5:A1000, TODAY())
A4: Date | B4: Shift | C4: Machine | D4: POF # | E4: Product Selection | F4: PID | G4: Product Name | H4: Can Size | I4: Customer | J4: Total Production (pcs) | K4: Good Production (pcs) | L4: Rejects (pcs) | M4: Rejection % | N4: DT: Accumulator | O4: DT: Base Coat | P4: DT: Compressor | Q4: DT: Decoration Oven | R4: DT: Lacquer | S4: DT: Necking | T4: DT: Over Varnish | U4: DT: Press | V4: DT: Printing | W4: DT: Strapping | X4: DT: Trimming | Y4: DT: Tumbler | Z4: DT: Washing | AA4: Total Downtime (min) | AB4: Remarks
F5: =IF(E5="","",VALUE(LEFT(E5,FIND(" - ",E5)-1))) | G5: =IF(E5="","",VLOOKUP(F5,Product_Master!A:D,2,FALSE)&"") | H5: =IF(E5="","",VLOOKUP(F5,Product_Master!A:D,3,FALSE)&"") | I5: =IF(E5="","",VLOOKUP(F5,Product_Master!A:D,4,FALSE)&"") | M5: =IF(J5="","",IFERROR(L5/J5,"")) | AA5: =SUM(N5:Z5)
F6: =IF(E6="","",VALUE(LEFT(E6,FIND(" - ",E6)-1))) | G6: =IF(E6="","",VLOOKUP(F6,Product_Master!A:D,2,FALSE)&"") | H6: =IF(E6="","",VLOOKUP(F6,Product_Master!A:D,3,FALSE)&"") | I6: =IF(E6="","",VLOOKUP(F6,Product_Master!A:D,4,FALSE)&"") | M6: =IF(J6="","",IFERROR(L6/J6,"")) | AA6: =SUM(N6:Z6)
F7: =IF(E7="","",VALUE(LEFT(E7,FIND(" - ",E7)-1))) | G7: =IF(E7="","",VLOOKUP(F7,Product_Master!A:D,2,FALSE)&"") | H7: =IF(E7="","",VLOOKUP(F7,Product_Master!A:D,3,FALSE)&"") | I7: =IF(E7="","",VLOOKUP(F7,Product_Master!A:D,4,FALSE)&"") | M7: =IF(J7="","",IFERROR(L7/J7,"")) | AA7: =SUM(N7:Z7)
F8: =IF(E8="","",VALUE(LEFT(E8,FIND(" - ",E8)-1))) | G8: =IF(E8="","",VLOOKUP(F8,Product_Master!A:D,2,FALSE)&"") | H8: =IF(E8="","",VLOOKUP(F8,Product_Master!A:D,3,FALSE)&"") | I8: =IF(E8="","",VLOOKUP(F8,Product_Master!A:D,4,FALSE)&"") | M8: =IF(J8="","",IFERROR(L8/J8,"")) | AA8: =SUM(N8:Z8)
F9: =IF(E9="","",VALUE(LEFT(E9,FIND(" - ",E9)-1))) | G9: =IF(E9="","",VLOOKUP(F9,Product_Master!A:D,2,FALSE)&"") | H9: =IF(E9="","",VLOOKUP(F9,Product_Master!A:D,3,FALSE)&"") | I9: =IF(E9="","",VLOOKUP(F9,Product_Master!A:D,4,FALSE)&"") | M9: =IF(J9="","",IFERROR(L9/J9,"")) | AA9: =SUM(N9:Z9)
F10: =IF(E10="","",VALUE(LEFT(E10,FIND(" - ",E10)-1))) | G10: =IF(E10="","",VLOOKUP(F10,Product_Master!A:D,2,FALSE)&"") | H10: =IF(E10="","",VLOOKUP(F10,Product_Master!A:D,3,FALSE)&"") | I10: =IF(E10="","",VLOOKUP(F10,Product_Master!A:D,4,FALSE)&"") | M10: =IF(J10="","",IFERROR(L10/J10,"")) | AA10: =SUM(N10:Z10)
F11: =IF(E11="","",VALUE(LEFT(E11,FIND(" - ",E11)-1))) | G11: =IF(E11="","",VLOOKUP(F11,Product_Master!A:D,2,FALSE)&"") | H11: =IF(E11="","",VLOOKUP(F11,Product_Master!A:D,3,FALSE)&"") | I11: =IF(E11="","",VLOOKUP(F11,Product_Master!A:D,4,FALSE)&"") | M11: =IF(J11="","",IFERROR(L11/J11,"")) | AA11: =SUM(N11:Z11)
F12: =IF(E12="","",VALUE(LEFT(E12,FIND(" - ",E12)-1))) | G12: =IF(E12="","",VLOOKUP(F12,Product_Master!A:D,2,FALSE)&"") | H12: =IF(E12="","",VLOOKUP(F12,Product_Master!A:D,3,FALSE)&"") | I12: =IF(E12="","",VLOOKUP(F12,Product_Master!A:D,4,FALSE)&"") | M12: =IF(J12="","",IFERROR(L12/J12,"")) | AA12: =SUM(N12:Z12)
F13: =IF(E13="","",VALUE(LEFT(E13,FIND(" - ",E13)-1))) | G13: =IF(E13="","",VLOOKUP(F13,Product_Master!A:D,2,FALSE)&"") | H13: =IF(E13="","",VLOOKUP(F13,Product_Master!A:D,3,FALSE)&"") | I13: =IF(E13="","",VLOOKUP(F13,Product_Master!A:D,4,FALSE)&"") | M13: =IF(J13="","",IFERROR(L13/J13,"")) | AA13: =SUM(N13:Z13)
F14: =IF(E14="","",VALUE(LEFT(E14,FIND(" - ",E14)-1))) | G14: =IF(E14="","",VLOOKUP(F14,Product_Master!A:D,2,FALSE)&"") | H14: =IF(E14="","",VLOOKUP(F14,Product_Master!A:D,3,FALSE)&"") | I14: =IF(E14="","",VLOOKUP(F14,Product_Master!A:D,4,FALSE)&"") | M14: =IF(J14="","",IFERROR(L14/J14,"")) | AA14: =SUM(N14:Z14)
F15: =IF(E15="","",VALUE(LEFT(E15,FIND(" - ",E15)-1))) | G15: =IF(E15="","",VLOOKUP(F15,Product_Master!A:D,2,FALSE)&"") | H15: =IF(E15="","",VLOOKUP(F15,Product_Master!A:D,3,FALSE)&"") | I15: =IF(E15="","",VLOOKUP(F15,Product_Master!A:D,4,FALSE)&"") | M15: =IF(J15="","",IFERROR(L15/J15,"")) | AA15: =SUM(N15:Z15)
F16: =IF(E16="","",VALUE(LEFT(E16,FIND(" - ",E16)-1))) | G16: =IF(E16="","",VLOOKUP(F16,Product_Master!A:D,2,FALSE)&"") | H16: =IF(E16="","",VLOOKUP(F16,Product_Master!A:D,3,FALSE)&"") | I16: =IF(E16="","",VLOOKUP(F16,Product_Master!A:D,4,FALSE)&"") | M16: =IF(J16="","",IFERROR(L16/J16,"")) | AA16: =SUM(N16:Z16)
... F500: =IF(E500="","",VALUE(LEFT(E500,FIND(" - ",E500)-1))) | G500: =IF(E500="","",VLOOKUP(F500,Product_Master!A:D,2,FALSE)&"") | H500: =IF(E500="","",VLOOKUP(F500,Product_Master!A:D,3,FALSE)&"") | I500: =IF(E500="","",VLOOKUP(F500,Product_Master!A:D,4,FALSE)&"") | M500: =IF(J500="","",IFERROR(L500/J500,"")) | AA500: =SUM(N500:Z500)

Sheet Validation_Lists
A1: Shifts | B1: Machines | C1: Active Display Strings
A2: A | B2: Accumulator | C2: =IF(Product_Master!E2=TRUE, Product_Master!G2, "")
B3: Base Coat | C3: =IF(Product_Master!E3=TRUE, Product_Master!G3, "")
B4: Compressor | C4: =IF(Product_Master!E4=TRUE, Product_Master!G4, "")
B5: Decoration Oven | C5: =IF(Product_Master!E5=TRUE, Product_Master!G5, "")
B6: Lacquer | C6: =IF(Product_Master!E6=TRUE, Product_Master!G6, "")
B7: Necking | C7: =IF(Product_Master!E7=TRUE, Product_Master!G7, "")
B8: Over Varnish | C8: =IF(Product_Master!E8=TRUE, Product_Master!G8, "")
B9: Press | C9: =IF(Product_Master!E9=TRUE, Product_Master!G9, "")
B10: Printing | C10: =IF(Product_Master!E10=TRUE, Product_Master!G10, "")
B11: Strapping | C11: =IF(Product_Master!E11=TRUE, Product_Master!G11, "")
B12: Trimming | C12: =IF(Product_Master!E12=TRUE, Product_Master!G12, "")
B13: Tumbler | C13: =IF(Product_Master!E13=TRUE, Product_Master!G13, "")
B14: Washing | C14: =IF(Product_Master!E14=TRUE, Product_Master!G14, "")
C15: =IF(Product_Master!E15=TRUE, Product_Master!G15, "")
C16: =IF(Product_Master!E16=TRUE, Product_Master!G16, "")
C17: =IF(Product_Master!E17=TRUE, Product_Master!G17, "")
C18: =IF(Product_Master!E18=TRUE, Product_Master!G18, "")
C19: =IF(Product_Master!E19=TRUE, Product_Master!G19, "")
C20: =IF(Product_Master!E20=TRUE, Product_Master!G20, "")
C21: =IF(Product_Master!E21=TRUE, Product_Master!G21, "")
C22: =IF(Product_Master!E22=TRUE, Product_Master!G22, "")
C23: =IF(Product_Master!E23=TRUE, Product_Master!G23, "")
C24: =IF(Product_Master!E24=TRUE, Product_Master!G24, "")
C25: =IF(Product_Master!E25=TRUE, Product_Master!G25, "")
C26: =IF(Product_Master!E26=TRUE, Product_Master!G26, "")
... C99: =IF(Product_Master!E99=TRUE, Product_Master!G99, "")

Sheet Product_Master
A1: PID | B1: Product Name | C1: Can Size | D1: Customer | E1: Active | F1: BOM Number | G1: Display String | H1: Unit | I1: Notes
A2: 5001 | B2: AEROSOL CAN 45x160 PLAIN | C2: 45x160 | E2: TRUE | G2: =A2&" - "&B2 | H2: pcs | I2: Placeholder
A3: 5002 | B3: AEROSOL CAN 45x160 PRINTED | C3: 45x160 | E3: TRUE | G3: =A3&" - "&B3 | H3: pcs | I3: Placeholder
A4: 5003 | B4: AEROSOL CAN 45x160 LACQUERED | C4: 45x160 | E4: TRUE | G4: =A4&" - "&B4 | H4: pcs | I4: Placeholder
A5: 9001 | B5: AEROSOL CAN 45mm | C5: 45x160 | D5: Aerosol Customer | E5: TRUE | F5: 100 | G5: =A5&" - "&B5 | H5: pcs | I5: From Theoretical BOM
E6: TRUE | G6: =IF(A6="","",A6&" - "&B6) | H6: pcs
E7: TRUE | G7: =IF(A7="","",A7&" - "&B7) | H7: pcs
E8: TRUE | G8: =IF(A8="","",A8&" - "&B8) | H8: pcs
E9: TRUE | G9: =IF(A9="","",A9&" - "&B9) | H9: pcs
E10: TRUE | G10: =IF(A10="","",A10&" - "&B10) | H10: pcs
E11: TRUE | G11: =IF(A11="","",A11&" - "&B11) | H11: pcs
E12: TRUE | G12: =IF(A12="","",A12&" - "&B12) | H12: pcs
E13: TRUE | G13: =IF(A13="","",A13&" - "&B13) | H13: pcs
E14: TRUE | G14: =IF(A14="","",A14&" - "&B14) | H14: pcs
E15: TRUE | G15: =IF(A15="","",A15&" - "&B15) | H15: pcs
E16: TRUE | G16: =IF(A16="","",A16&" - "&B16) | H16: pcs
E17: TRUE | G17: =IF(A17="","",A17&" - "&B17) | H17: pcs
... E99: TRUE | G99: =IF(A99="","",A99&" - "&B99) | H99: pcs
