Workbook

Sheet Job Card
B1: ALPHA AEROSOLS PRODUCTION JOB CARD | E1: Doc #: AER-JC-001
E2: Date: ____________
E3: Revision: 00
A4: 1. JOB / ORDER DETAILS
A5: POF # | C5: Date / Shift | E5: Customer | F5: =IFERROR(VLOOKUP(B6, Products_DB!A:C, 3, FALSE), "")
A6: Product Name | C6: Product ID | D6: =IFERROR(VLOOKUP(B6, Products_DB!A:C, 2, FALSE), "") | E6: Artwork Ref
A7: Order Qty (Cans) | B7: 100000 | C7: Tolerance % | D7: 0.05 | E7: Special Instructions
A9: 2. MATERIAL REQUIRED
A10: S# | B10: Material Description | C10: Item Name | D10: Item Code | E10: Total Required Qty | F10: Unit
A11: 1 | B11: =IFERROR(VLOOKUP($B$6&"_"&$A11, Aerosol_BOM!$A:$O, 7, FALSE), "") | C11: =IFERROR(VLOOKUP($B$6&"_"&$A11, Aerosol_BOM!$A:$O, 9, FALSE), "") | D11: =IFERROR(VLOOKUP($B$6&"_"&$A11, Aerosol_BOM!$A:$O, 8, FALSE), "") | E11: =IFERROR(VLOOKUP($B$6&"_"&$A11, Aerosol_BOM!$A:$O, 13, FALSE) * ($B$7*(1+$D$7)) / 1000, "") | F11: =IFERROR(VLOOKUP($B$6&"_"&$A11, Aerosol_BOM!$A:$O, 10, FALSE), "")
A12: 2 | B12: =IFERROR(VLOOKUP($B$6&"_"&$A12, Aerosol_BOM!$A:$O, 7, FALSE), "") | C12: =IFERROR(VLOOKUP($B$6&"_"&$A12, Aerosol_BOM!$A:$O, 9, FALSE), "") | D12: =IFERROR(VLOOKUP($B$6&"_"&$A12, Aerosol_BOM!$A:$O, 8, FALSE), "") | E12: =IFERROR(VLOOKUP($B$6&"_"&$A12, Aerosol_BOM!$A:$O, 13, FALSE) * ($B$7*(1+$D$7)) / 1000, "") | F12: =IFERROR(VLOOKUP($B$6&"_"&$A12, Aerosol_BOM!$A:$O, 10, FALSE), "")
A13: 3 | B13: =IFERROR(VLOOKUP($B$6&"_"&$A13, Aerosol_BOM!$A:$O, 7, FALSE), "") | C13: =IFERROR(VLOOKUP($B$6&"_"&$A13, Aerosol_BOM!$A:$O, 9, FALSE), "") | D13: =IFERROR(VLOOKUP($B$6&"_"&$A13, Aerosol_BOM!$A:$O, 8, FALSE), "") | E13: =IFERROR(VLOOKUP($B$6&"_"&$A13, Aerosol_BOM!$A:$O, 13, FALSE) * ($B$7*(1+$D$7)) / 1000, "") | F13: =IFERROR(VLOOKUP($B$6&"_"&$A13, Aerosol_BOM!$A:$O, 10, FALSE), "")
A14: 4 | B14: =IFERROR(VLOOKUP($B$6&"_"&$A14, Aerosol_BOM!$A:$O, 7, FALSE), "") | C14: =IFERROR(VLOOKUP($B$6&"_"&$A14, Aerosol_BOM!$A:$O, 9, FALSE), "") | D14: =IFERROR(VLOOKUP($B$6&"_"&$A14, Aerosol_BOM!$A:$O, 8, FALSE), "") | E14: =IFERROR(VLOOKUP($B$6&"_"&$A14, Aerosol_BOM!$A:$O, 13, FALSE) * ($B$7*(1+$D$7)) / 1000, "") | F14: =IFERROR(VLOOKUP($B$6&"_"&$A14, Aerosol_BOM!$A:$O, 10, FALSE), "")
A15: 5 | B15: =IFERROR(VLOOKUP($B$6&"_"&$A15, Aerosol_BOM!$A:$O, 7, FALSE), "") | C15: =IFERROR(VLOOKUP($B$6&"_"&$A15, Aerosol_BOM!$A:$O, 9, FALSE), "") | D15: =IFERROR(VLOOKUP($B$6&"_"&$A15, Aerosol_BOM!$A:$O, 8, FALSE), "") | E15: =IFERROR(VLOOKUP($B$6&"_"&$A15, Aerosol_BOM!$A:$O, 13, FALSE) * ($B$7*(1+$D$7)) / 1000, "") | F15: =IFERROR(VLOOKUP($B$6&"_"&$A15, Aerosol_BOM!$A:$O, 10, FALSE), "")
A16: 6 | B16: =IFERROR(VLOOKUP($B$6&"_"&$A16, Aerosol_BOM!$A:$O, 7, FALSE), "") | C16: =IFERROR(VLOOKUP($B$6&"_"&$A16, Aerosol_BOM!$A:$O, 9, FALSE), "") | D16: =IFERROR(VLOOKUP($B$6&"_"&$A16, Aerosol_BOM!$A:$O, 8, FALSE), "") | E16: =IFERROR(VLOOKUP($B$6&"_"&$A16, Aerosol_BOM!$A:$O, 13, FALSE) * ($B$7*(1+$D$7)) / 1000, "") | F16: =IFERROR(VLOOKUP($B$6&"_"&$A16, Aerosol_BOM!$A:$O, 10, FALSE), "")
A17: 7 | B17: =IFERROR(VLOOKUP($B$6&"_"&$A17, Aerosol_BOM!$A:$O, 7, FALSE), "") | C17: =IFERROR(VLOOKUP($B$6&"_"&$A17, Aerosol_BOM!$A:$O, 9, FALSE), "") | D17: =IFERROR(VLOOKUP($B$6&"_"&$A17, Aerosol_BOM!$A:$O, 8, FALSE), "") | E17: =IFERROR(VLOOKUP($B$6&"_"&$A17, Aerosol_BOM!$A:$O, 13, FALSE) * ($B$7*(1+$D$7)) / 1000, "") | F17: =IFERROR(VLOOKUP($B$6&"_"&$A17, Aerosol_BOM!$A:$O, 10, FALSE), "")
A18: 8 | B18: =IFERROR(VLOOKUP($B$6&"_"&$A18, Aerosol_BOM!$A:$O, 7, FALSE), "") | C18: =IFERROR(VLOOKUP($B$6&"_"&$A18, Aerosol_BOM!$A:$O, 9, FALSE), "") | D18: =IFERROR(VLOOKUP($B$6&"_"&$A18, Aerosol_BOM!$A:$O, 8, FALSE), "") | E18: =IFERROR(VLOOKUP($B$6&"_"&$A18, Aerosol_BOM!$A:$O, 13, FALSE) * ($B$7*(1+$D$7)) / 1000, "") | F18: =IFERROR(VLOOKUP($B$6&"_"&$A18, Aerosol_BOM!$A:$O, 10, FALSE), "")
A19: 9 | B19: =IFERROR(VLOOKUP($B$6&"_"&$A19, Aerosol_BOM!$A:$O, 7, FALSE), "") | C19: =IFERROR(VLOOKUP($B$6&"_"&$A19, Aerosol_BOM!$A:$O, 9, FALSE), "") | D19: =IFERROR(VLOOKUP($B$6&"_"&$A19, Aerosol_BOM!$A:$O, 8, FALSE), "") | E19: =IFERROR(VLOOKUP($B$6&"_"&$A19, Aerosol_BOM!$A:$O, 13, FALSE) * ($B$7*(1+$D$7)) / 1000, "") | F19: =IFERROR(VLOOKUP($B$6&"_"&$A19, Aerosol_BOM!$A:$O, 10, FALSE), "")
A20: 10 | B20: =IFERROR(VLOOKUP($B$6&"_"&$A20, Aerosol_BOM!$A:$O, 7, FALSE), "") | C20: =IFERROR(VLOOKUP($B$6&"_"&$A20, Aerosol_BOM!$A:$O, 9, FALSE), "") | D20: =IFERROR(VLOOKUP($B$6&"_"&$A20, Aerosol_BOM!$A:$O, 8, FALSE), "") | E20: =IFERROR(VLOOKUP($B$6&"_"&$A20, Aerosol_BOM!$A:$O, 13, FALSE) * ($B$7*(1+$D$7)) / 1000, "") | F20: =IFERROR(VLOOKUP($B$6&"_"&$A20, Aerosol_BOM!$A:$O, 10, FALSE), "")
A21: 11 | B21: =IFERROR(VLOOKUP($B$6&"_"&$A21, Aerosol_BOM!$A:$O, 7, FALSE), "") | C21: =IFERROR(VLOOKUP($B$6&"_"&$A21, Aerosol_BOM!$A:$O, 9, FALSE), "") | D21: =IFERROR(VLOOKUP($B$6&"_"&$A21, Aerosol_BOM!$A:$O, 8, FALSE), "") | E21: =IFERROR(VLOOKUP($B$6&"_"&$A21, Aerosol_BOM!$A:$O, 13, FALSE) * ($B$7*(1+$D$7)) / 1000, "") | F21: =IFERROR(VLOOKUP($B$6&"_"&$A21, Aerosol_BOM!$A:$O, 10, FALSE), "")
A22: 12 | B22: =IFERROR(VLOOKUP($B$6&"_"&$A22, Aerosol_BOM!$A:$O, 7, FALSE), "") | C22: =IFERROR(VLOOKUP($B$6&"_"&$A22, Aerosol_BOM!$A:$O, 9, FALSE), "") | D22: =IFERROR(VLOOKUP($B$6&"_"&$A22, Aerosol_BOM!$A:$O, 8, FALSE), "") | E22: =IFERROR(VLOOKUP($B$6&"_"&$A22, Aerosol_BOM!$A:$O, 13, FALSE) * ($B$7*(1+$D$7)) / 1000, "") | F22: =IFERROR(VLOOKUP($B$6&"_"&$A22, Aerosol_BOM!$A:$O, 10, FALSE), "")
... A35: 25 | B35: =IFERROR(VLOOKUP($B$6&"_"&$A35, Aerosol_BOM!$A:$O, 7, FALSE), "") | C35: =IFERROR(VLOOKUP($B$6&"_"&$A35, Aerosol_BOM!$A:$O, 9, FALSE), "") | D35: =IFERROR(VLOOKUP($B$6&"_"&$A35, Aerosol_BOM!$A:$O, 8, FALSE), "") | E35: =IFERROR(VLOOKUP($B$6&"_"&$A35, Aerosol_BOM!$A:$O, 13, FALSE) * ($B$7*(1+$D$7)) / 1000, "") | F35: =IFERROR(VLOOKUP($B$6&"_"&$A35, Aerosol_BOM!$A:$O, 10, FALSE), "")
A37: 3. SPECIFICATION
A38: Can Type | B38: =IFERROR(VLOOKUP($B$6, Products_DB!A:O, 4, FALSE), "") | C38: Can Diameter | D38: =IFERROR(VLOOKUP($B$6, Products_DB!A:O, 5, FALSE), "") | E38: Can Height | F38: =IFERROR(VLOOKUP($B$6, Products_DB!A:O, 6, FALSE), "")
A39: Neck Opening | B39: =IFERROR(VLOOKUP($B$6, Products_DB!A:O, 7, FALSE), "") | C39: Wall Thickness | D39: =IFERROR(VLOOKUP($B$6, Products_DB!A:O, 8, FALSE), "") | E39: Dome Thickness | F39: =IFERROR(VLOOKUP($B$6, Products_DB!A:O, 9, FALSE), "")
A40: Internal Coating | B40: =IFERROR(VLOOKUP($B$6, Products_DB!A:O, 10, FALSE), "") | C40: Base Coat Color | D40: =IFERROR(VLOOKUP($B$6, Products_DB!A:O, 11, FALSE), "") | E40: Print Colors | F40: =IFERROR(VLOOKUP($B$6, Products_DB!A:O, 12, FALSE), "")
A41: Varnish Type | B41: =IFERROR(VLOOKUP($B$6, Products_DB!A:O, 13, FALSE), "") | C41: Packing Standard | D41: =IFERROR(VLOOKUP($B$6, Products_DB!A:O, 14, FALSE), "") | E41: Special Instructions | F41: =F7 -> 0
A43: 4. APPROVAL / SIGN-OFF
A44: Planning | C44: Store | E44: Production / Quality

Sheet Aerosol_BOM
A1: LookupKey | B1: P.ID | C1: BOM ID | D1: Customer | E1: Product Name | F1: Dia | G1: Material Group | H1: Item ID | I1: Item Name | J1: UOM | K1: Net Qty / 1000 | L1: Waste + Tolerance | M1: Gross Qty / 1000 | N1: Remarks | O1: Calculations
A2: =$E$2&"_"&COUNTIF($E$2:$E$2, $E$2) -> Aerosol Can 45mm_1 | B2: 9001 | C2: 100 | D2: Aerosol Customer | E2: Aerosol Can 45mm | F2: 45 | G2: Aluminum Slugs | H2: 501 | I2: 45mm Aluminum Slug | J2: kg | K2: 20 | L2: 0.1 | M2: 22.222222 | O2: Slug weight per can × 1000. Fixed material input.
A3: =$E$3&"_"&COUNTIF($E$2:$E$3, $E$3) -> Aerosol Can 45mm_2 | B3: 9001 | C3: 100 | D3: Aerosol Customer | E3: Aerosol Can 45mm | F3: 45 | G3: Lubricant | H3: 502 | I3: SAPILUB LUBRIMET GR8 | J3: kg | K3: 0.021 | L3: 0.1 | M3: 0.023333333 | N3: 105g per 100kg slugs × 20kg slugs/1000 = 0.021 kg/1000. (Ref: LUBRIMET GR8 TDS) | O3: 105g per 100kg slugs × 20kg slugs/1000 = 0.021 kg/1000. (Ref: LUBRIMET GR8 TDS)
A4: =$E$4&"_"&COUNTIF($E$2:$E$4, $E$4) -> Aerosol Can 45mm_3 | B4: 9001 | C4: 100 | D4: Aerosol Customer | E4: Aerosol Can 45mm | F4: 45 | G4: Cleaner | H4: 503 | I4: SAPILUB ALULIQUID 13 | J4: kg | K4: 5 | L4: 0.1 | M4: 5.5555556 | N4: Empirical / supplier recommendation. No TDS rate available. | O4: Empirical / supplier recommendation. No TDS rate available.
A5: =$E$5&"_"&COUNTIF($E$2:$E$5, $E$5) -> Aerosol Can 45mm_4 | B5: 9001 | C5: 100 | D5: Aerosol Customer | E5: Aerosol Can 45mm | F5: 45 | G5: Lacquer | H5: 504 | I5: SCHEKOSOL INT PROT Gold (400 9 901) | J5: kg | K5: 1.045 | L5: 0.1 | M5: 1.1611111 | N5: Can inner surface area (0.02375 m²) × High-end TDS wet film (44.0 g/m²) = 1.045 g/can = 1.045 kg/1000 | O5: Can inner surface area (0.02375 m²) × High-end TDS wet film (44.0 g/m²) = 1.045 g/can = 1.045 kg/1000
A6: =$E$6&"_"&COUNTIF($E$2:$E$6, $E$6) -> Aerosol Can 45mm_5 | B6: 9001 | C6: 100 | D6: Aerosol Customer | E6: Aerosol Can 45mm | F6: 45 | G6: Lacquer | H6: 505 | I6: SCHEKOSOL INT BEIGE (400 4 902) | J6: kg | K6: 1.14 | L6: 0.1 | M6: 1.2666667 | N6: Can inner surface area (0.02375 m²) × High-end TDS wet film (48.0 g/m²) = 1.140 g/can = 1.140 kg/1000 | O6: Can inner surface area (0.02375 m²) × High-end TDS wet film (48.0 g/m²) = 1.140 g/can = 1.140 kg/1000
A7: =$E$7&"_"&COUNTIF($E$2:$E$7, $E$7) -> Aerosol Can 45mm_6 | B7: 9001 | C7: 100 | D7: Aerosol Customer | E7: Aerosol Can 45mm | F7: 45 | G7: Base Coat | H7: 506 | I7: SCHEKOSOL WH BC (422 0 903) | J7: kg | K7: 0.973 | L7: 0.1 | M7: 1.0811111 | N7: Can outer surface area (0.02262 m²) × High-end TDS wet film (43.0 g/m²) = 0.973 g/can = 0.973 kg/1000 | O7: Can outer surface area (0.02262 m²) × High-end TDS wet film (43.0 g/m²) = 0.973 g/can = 0.973 kg/1000
A8: =$E$8&"_"&COUNTIF($E$2:$E$8, $E$8) -> Aerosol Can 45mm_7 | B8: 9001 | C8: 100 | D8: Aerosol Customer | E8: Aerosol Can 45mm | F8: 45 | G8: Base Coat | H8: 507 | I8: SCHEKOSOL CLEAR BC (422 9 918) | J8: kg | K8: 0.701 | L8: 0.1 | M8: 0.77888889 | N8: Can outer surface area (0.02262 m²) × High-end TDS wet film (31.0 g/m²) = 0.701 g/can = 0.701 kg/1000 | O8: Can outer surface area (0.02262 m²) × High-end TDS wet film (31.0 g/m²) = 0.701 g/can = 0.701 kg/1000
A9: =$E$9&"_"&COUNTIF($E$2:$E$9, $E$9) -> Aerosol Can 45mm_8 | B9: 9001 | C9: 100 | D9: Aerosol Customer | E9: Aerosol Can 45mm | F9: 45 | G9: Varnish | H9: 508 | I9: SCHEKOSOL OPV GLOSSY (422 9 900) | J9: kg | K9: 0.43 | L9: 0.1 | M9: 0.47777778 | N9: Can outer surface area (0.02262 m²) × High-end TDS wet film (19.0 g/m²) = 0.430 g/can = 0.430 kg/1000 | O9: Can outer surface area (0.02262 m²) × High-end TDS wet film (19.0 g/m²) = 0.430 g/can = 0.430 kg/1000
A10: =$E$10&"_"&COUNTIF($E$2:$E$10, $E$10) -> Aerosol Can 45mm_9 | B10: 9001 | C10: 100 | D10: Aerosol Customer | E10: Aerosol Can 45mm | F10: 45 | G10: Varnish | H10: 509 | I10: SCHEKOSOL OPV SILKMATT (422 9 903) | J10: kg | K10: 0.385 | L10: 0.1 | M10: 0.42777778 | N10: Can outer surface area (0.02262 m²) × High-end TDS wet film (17.0 g/m²) = 0.385 g/can = 0.385 kg/1000 | O10: Can outer surface area (0.02262 m²) × High-end TDS wet film (17.0 g/m²) = 0.385 g/can = 0.385 kg/1000
A11: =$E$11&"_"&COUNTIF($E$2:$E$11, $E$11) -> Aerosol Can 45mm_10 | B11: 9001 | C11: 100 | D11: Aerosol Customer | E11: Aerosol Can 45mm | F11: 45 | G11: Ink | H11: 510 | I11: SunAltec MB PLUS 169766 OPAQUE WHITE | J11: kg | K11: 0.28 | L11: 0.1 | M11: 0.31111111 | N11: Ink usage varies by print design, coverage area, and number of colors. | O11: Dry-offset ink per print station per can ≈ 0.28 g/can = 0.280 kg/1000.
A12: =$E$12&"_"&COUNTIF($E$2:$E$12, $E$12) -> Aerosol Can 45mm_11 | B12: 9001 | C12: 100 | D12: Aerosol Customer | E12: Aerosol Can 45mm | F12: 45 | G12: Ink | H12: 599 | I12: 11069 UV INK YELLOW (168391) AEROSOL | J12: kg | K12: 0.28 | L12: 0.1 | M12: 0.31111111 | N12: Ink usage varies by print design, coverage area, and number of colors. | O12: Dry-offset ink per print station per can ≈ 0.28 g/can = 0.280 kg/1000.
A13: =$E$13&"_"&COUNTIF($E$2:$E$13, $E$13) -> Aerosol Can 45mm_12 | B13: 9001 | C13: 100 | D13: Aerosol Customer | E13: Aerosol Can 45mm | F13: 45 | G13: Ink | H13: 600 | I13: 11070 UV INK MAGENTA (168396) AEROSOL | J13: kg | K13: 0.28 | L13: 0.1 | M13: 0.31111111 | N13: Ink usage varies by print design, coverage area, and number of colors. | O13: Dry-offset ink per print station per can ≈ 0.28 g/can = 0.280 kg/1000.
A14: =$E$14&"_"&COUNTIF($E$2:$E$14, $E$14) -> Aerosol Can 45mm_13 | B14: 9001 | C14: 100 | D14: Aerosol Customer | E14: Aerosol Can 45mm | F14: 45 | G14: Ink | H14: 601 | I14: 11071 UV INK BLACK (401295) AEROSOL | J14: kg | K14: 0.28 | L14: 0.1 | M14: 0.31111111 | N14: Ink usage varies by print design, coverage area, and number of colors. | O14: Dry-offset ink per print station per can ≈ 0.28 g/can = 0.280 kg/1000.
A15: =$E$15&"_"&COUNTIF($E$2:$E$15, $E$15) -> Aerosol Can 45mm_14 | B15: 9001 | C15: 100 | D15: Aerosol Customer | E15: Aerosol Can 45mm | F15: 45 | G15: Ink | H15: 602 | I15: 11072 UV INK TRANSPARENT WHITE (169167) AEROSOL | J15: kg | K15: 0.28 | L15: 0.1 | M15: 0.31111111 | N15: Ink usage varies by print design, coverage area, and number of colors. | O15: Dry-offset ink per print station per can ≈ 0.28 g/can = 0.280 kg/1000.
A16: =$E$16&"_"&COUNTIF($E$2:$E$16, $E$16) -> Aerosol Can 45mm_15 | B16: 9001 | C16: 100 | D16: Aerosol Customer | E16: Aerosol Can 45mm | F16: 45 | G16: Ink | H16: 603 | I16: 11065 UV INK REFLEX BLUE (168402) AEROSOL | J16: kg | K16: 0.28 | L16: 0.1 | M16: 0.31111111 | N16: Ink usage varies by print design, coverage area, and number of colors. | O16: Dry-offset ink per print station per can ≈ 0.28 g/can = 0.280 kg/1000.
A17: =$E$17&"_"&COUNTIF($E$2:$E$17, $E$17) -> Aerosol Can 45mm_16 | B17: 9001 | C17: 100 | D17: Aerosol Customer | E17: Aerosol Can 45mm | F17: 45 | G17: Ink | H17: 604 | I17: 11066 UV INK RHODAMINE (168397) AEROSOL | J17: kg | K17: 0.28 | L17: 0.1 | M17: 0.31111111 | N17: Ink usage varies by print design, coverage area, and number of colors. | O17: Dry-offset ink per print station per can ≈ 0.28 g/can = 0.280 kg/1000.
A18: =$E$18&"_"&COUNTIF($E$2:$E$18, $E$18) -> Aerosol Can 45mm_17 | B18: 9001 | C18: 100 | D18: Aerosol Customer | E18: Aerosol Can 45mm | F18: 45 | G18: Ink | H18: 605 | I18: 11067 UV INK PURPLE (168398) AEROSOL | J18: kg | K18: 0.28 | L18: 0.1 | M18: 0.31111111 | N18: Ink usage varies by print design, coverage area, and number of colors. | O18: Dry-offset ink per print station per can ≈ 0.28 g/can = 0.280 kg/1000.
A19: =$E$19&"_"&COUNTIF($E$2:$E$19, $E$19) -> Aerosol Can 45mm_18 | B19: 9001 | C19: 100 | D19: Aerosol Customer | E19: Aerosol Can 45mm | F19: 45 | G19: Ink | H19: 606 | I19: 11068 UV INK VIOLET (168399) AEROSOL | J19: kg | K19: 0.28 | L19: 0.1 | M19: 0.31111111 | N19: Ink usage varies by print design, coverage area, and number of colors. | O19: Dry-offset ink per print station per can ≈ 0.28 g/can = 0.280 kg/1000.
A20: =$E$20&"_"&COUNTIF($E$2:$E$20, $E$20) -> Aerosol Can 45mm_19 | B20: 9001 | C20: 100 | D20: Aerosol Customer | E20: Aerosol Can 45mm | F20: 45 | G20: Ink | H20: 607 | I20: 11074 UV INK RED 032 (156358/CF01) AEROSOL | J20: kg | K20: 0.28 | L20: 0.1 | M20: 0.31111111 | N20: Ink usage varies by print design, coverage area, and number of colors. | O20: Dry-offset ink per print station per can ≈ 0.28 g/can = 0.280 kg/1000.
A21: =$E$21&"_"&COUNTIF($E$2:$E$21, $E$21) -> Aerosol Can 45mm_20 | B21: 9001 | C21: 100 | D21: Aerosol Customer | E21: Aerosol Can 45mm | F21: 45 | G21: Ink | H21: 608 | I21: 11073 UV INK CYAN (168400) AEROSOL | J21: kg | K21: 0.28 | L21: 0.1 | M21: 0.31111111 | N21: Ink usage varies by print design, coverage area, and number of colors. | O21: Dry-offset ink per print station per can ≈ 0.28 g/can = 0.280 kg/1000.
A22: =$E$22&"_"&COUNTIF($E$2:$E$22, $E$22) -> Aerosol Can 45mm_21 | B22: 9001 | C22: 100 | D22: Aerosol Customer | E22: Aerosol Can 45mm | F22: 45 | G22: Ink | H22: 609 | I22: 11075 UV INK OPAQUE WHITE (400050) AEROSOL | J22: kg | K22: 0.28 | L22: 0.1 | M22: 0.31111111 | N22: Ink usage varies by print design, coverage area, and number of colors. | O22: Dry-offset ink per print station per can ≈ 0.28 g/can = 0.280 kg/1000.

Sheet Products_DB
A1: Product Name | B1: Product ID | C1: Customer | D1: Can Type | E1: Can Diameter | F1: Can Height | G1: Neck Opening | H1: Wall Thickness | I1: Dome Thickness | J1: Internal Coating | K1: Base Coat Color | L1: Print Colors | M1: Varnish Type | N1: Packing Standard
A2: Aerosol Can 45mm | B2: 9001 | C2: Aerosol Customer | D2: Necked-in | E2: 45mm | F2: 150mm | G2: 1 inch | H2: 0.35mm | I2: 0.35mm | J2: Epoxy Gold | K2: White | L2: 4 Colors | M2: Glossy | N2: 100 per Carton
