Workbook

Sheet Job Card
B1: ALPHA AEROSOLS PRODUCTION JOB CARD | E1: Doc #: AER-JC-001
E2: Date: ____________
E3: Revision: 00
A5: 1. JOB / ORDER DETAILS
A6: POF # | C6: Date | E6: Customer | F6: =IFERROR(VLOOKUP(B7, Products_DB!A:C, 3, FALSE), "")
A7: Product Name | B7: Aerosol Can 45mm | C7: Product ID | D7: =IFERROR(VLOOKUP(B7, Products_DB!A:C, 2, FALSE), "") | E7: Artwork Ref
A8: Order Qty (Cans) | B8: 50000 | C8: Tolerance % | D8: 0.05 | E8: Special Instructions
A10: 2. MATERIAL REQUIRED
A11: S# | B11: Material Description | C11: Item Name | D11: Item Code | E11: Total Required Qty | F11: Unit
A12: 1 | B12: =IFERROR(VLOOKUP($B$7&"_"&$A12, Aerosol_BOM!$A:$O, 7, FALSE), "") | C12: =IFERROR(VLOOKUP($B$7&"_"&$A12, Aerosol_BOM!$A:$O, 9, FALSE), "") | D12: =IFERROR(VLOOKUP($B$7&"_"&$A12, Aerosol_BOM!$A:$O, 8, FALSE), "") | E12: =IFERROR(VLOOKUP($B$7&"_"&$A12, Aerosol_BOM!$A:$O, 13, FALSE) * $B$8 / 1000, "") | F12: =IFERROR(VLOOKUP($B$7&"_"&$A12, Aerosol_BOM!$A:$O, 10, FALSE), "")
A13: 2 | B13: =IFERROR(VLOOKUP($B$7&"_"&$A13, Aerosol_BOM!$A:$O, 7, FALSE), "") | C13: =IFERROR(VLOOKUP($B$7&"_"&$A13, Aerosol_BOM!$A:$O, 9, FALSE), "") | D13: =IFERROR(VLOOKUP($B$7&"_"&$A13, Aerosol_BOM!$A:$O, 8, FALSE), "") | E13: =IFERROR(VLOOKUP($B$7&"_"&$A13, Aerosol_BOM!$A:$O, 13, FALSE) * $B$8 / 1000, "") | F13: =IFERROR(VLOOKUP($B$7&"_"&$A13, Aerosol_BOM!$A:$O, 10, FALSE), "")
A14: 3 | B14: =IFERROR(VLOOKUP($B$7&"_"&$A14, Aerosol_BOM!$A:$O, 7, FALSE), "") | C14: =IFERROR(VLOOKUP($B$7&"_"&$A14, Aerosol_BOM!$A:$O, 9, FALSE), "") | D14: =IFERROR(VLOOKUP($B$7&"_"&$A14, Aerosol_BOM!$A:$O, 8, FALSE), "") | E14: =IFERROR(VLOOKUP($B$7&"_"&$A14, Aerosol_BOM!$A:$O, 13, FALSE) * $B$8 / 1000, "") | F14: =IFERROR(VLOOKUP($B$7&"_"&$A14, Aerosol_BOM!$A:$O, 10, FALSE), "")
A15: 4 | B15: =IFERROR(VLOOKUP($B$7&"_"&$A15, Aerosol_BOM!$A:$O, 7, FALSE), "") | C15: =IFERROR(VLOOKUP($B$7&"_"&$A15, Aerosol_BOM!$A:$O, 9, FALSE), "") | D15: =IFERROR(VLOOKUP($B$7&"_"&$A15, Aerosol_BOM!$A:$O, 8, FALSE), "") | E15: =IFERROR(VLOOKUP($B$7&"_"&$A15, Aerosol_BOM!$A:$O, 13, FALSE) * $B$8 / 1000, "") | F15: =IFERROR(VLOOKUP($B$7&"_"&$A15, Aerosol_BOM!$A:$O, 10, FALSE), "")
A16: 5 | B16: =IFERROR(VLOOKUP($B$7&"_"&$A16, Aerosol_BOM!$A:$O, 7, FALSE), "") | C16: =IFERROR(VLOOKUP($B$7&"_"&$A16, Aerosol_BOM!$A:$O, 9, FALSE), "") | D16: =IFERROR(VLOOKUP($B$7&"_"&$A16, Aerosol_BOM!$A:$O, 8, FALSE), "") | E16: =IFERROR(VLOOKUP($B$7&"_"&$A16, Aerosol_BOM!$A:$O, 13, FALSE) * $B$8 / 1000, "") | F16: =IFERROR(VLOOKUP($B$7&"_"&$A16, Aerosol_BOM!$A:$O, 10, FALSE), "")
A17: 6 | B17: =IFERROR(VLOOKUP($B$7&"_"&$A17, Aerosol_BOM!$A:$O, 7, FALSE), "") | C17: =IFERROR(VLOOKUP($B$7&"_"&$A17, Aerosol_BOM!$A:$O, 9, FALSE), "") | D17: =IFERROR(VLOOKUP($B$7&"_"&$A17, Aerosol_BOM!$A:$O, 8, FALSE), "") | E17: =IFERROR(VLOOKUP($B$7&"_"&$A17, Aerosol_BOM!$A:$O, 13, FALSE) * $B$8 / 1000, "") | F17: =IFERROR(VLOOKUP($B$7&"_"&$A17, Aerosol_BOM!$A:$O, 10, FALSE), "")
A18: 7 | B18: =IFERROR(VLOOKUP($B$7&"_"&$A18, Aerosol_BOM!$A:$O, 7, FALSE), "") | C18: =IFERROR(VLOOKUP($B$7&"_"&$A18, Aerosol_BOM!$A:$O, 9, FALSE), "") | D18: =IFERROR(VLOOKUP($B$7&"_"&$A18, Aerosol_BOM!$A:$O, 8, FALSE), "") | E18: =IFERROR(VLOOKUP($B$7&"_"&$A18, Aerosol_BOM!$A:$O, 13, FALSE) * $B$8 / 1000, "") | F18: =IFERROR(VLOOKUP($B$7&"_"&$A18, Aerosol_BOM!$A:$O, 10, FALSE), "")
A19: 8 | B19: =IFERROR(VLOOKUP($B$7&"_"&$A19, Aerosol_BOM!$A:$O, 7, FALSE), "") | C19: =IFERROR(VLOOKUP($B$7&"_"&$A19, Aerosol_BOM!$A:$O, 9, FALSE), "") | D19: =IFERROR(VLOOKUP($B$7&"_"&$A19, Aerosol_BOM!$A:$O, 8, FALSE), "") | E19: =IFERROR(VLOOKUP($B$7&"_"&$A19, Aerosol_BOM!$A:$O, 13, FALSE) * $B$8 / 1000, "") | F19: =IFERROR(VLOOKUP($B$7&"_"&$A19, Aerosol_BOM!$A:$O, 10, FALSE), "")
A20: 9 | B20: =IFERROR(VLOOKUP($B$7&"_"&$A20, Aerosol_BOM!$A:$O, 7, FALSE), "") | C20: =IFERROR(VLOOKUP($B$7&"_"&$A20, Aerosol_BOM!$A:$O, 9, FALSE), "") | D20: =IFERROR(VLOOKUP($B$7&"_"&$A20, Aerosol_BOM!$A:$O, 8, FALSE), "") | E20: =IFERROR(VLOOKUP($B$7&"_"&$A20, Aerosol_BOM!$A:$O, 13, FALSE) * $B$8 / 1000, "") | F20: =IFERROR(VLOOKUP($B$7&"_"&$A20, Aerosol_BOM!$A:$O, 10, FALSE), "")
A21: 10 | B21: =IFERROR(VLOOKUP($B$7&"_"&$A21, Aerosol_BOM!$A:$O, 7, FALSE), "") | C21: =IFERROR(VLOOKUP($B$7&"_"&$A21, Aerosol_BOM!$A:$O, 9, FALSE), "") | D21: =IFERROR(VLOOKUP($B$7&"_"&$A21, Aerosol_BOM!$A:$O, 8, FALSE), "") | E21: =IFERROR(VLOOKUP($B$7&"_"&$A21, Aerosol_BOM!$A:$O, 13, FALSE) * $B$8 / 1000, "") | F21: =IFERROR(VLOOKUP($B$7&"_"&$A21, Aerosol_BOM!$A:$O, 10, FALSE), "")
A22: 11 | B22: =IFERROR(VLOOKUP($B$7&"_"&$A22, Aerosol_BOM!$A:$O, 7, FALSE), "") | C22: =IFERROR(VLOOKUP($B$7&"_"&$A22, Aerosol_BOM!$A:$O, 9, FALSE), "") | D22: =IFERROR(VLOOKUP($B$7&"_"&$A22, Aerosol_BOM!$A:$O, 8, FALSE), "") | E22: =IFERROR(VLOOKUP($B$7&"_"&$A22, Aerosol_BOM!$A:$O, 13, FALSE) * $B$8 / 1000, "") | F22: =IFERROR(VLOOKUP($B$7&"_"&$A22, Aerosol_BOM!$A:$O, 10, FALSE), "")
A23: 12 | B23: =IFERROR(VLOOKUP($B$7&"_"&$A23, Aerosol_BOM!$A:$O, 7, FALSE), "") | C23: =IFERROR(VLOOKUP($B$7&"_"&$A23, Aerosol_BOM!$A:$O, 9, FALSE), "") | D23: =IFERROR(VLOOKUP($B$7&"_"&$A23, Aerosol_BOM!$A:$O, 8, FALSE), "") | E23: =IFERROR(VLOOKUP($B$7&"_"&$A23, Aerosol_BOM!$A:$O, 13, FALSE) * $B$8 / 1000, "") | F23: =IFERROR(VLOOKUP($B$7&"_"&$A23, Aerosol_BOM!$A:$O, 10, FALSE), "")
... A36: 25 | B36: =IFERROR(VLOOKUP($B$7&"_"&$A36, Aerosol_BOM!$A:$O, 7, FALSE), "") | C36: =IFERROR(VLOOKUP($B$7&"_"&$A36, Aerosol_BOM!$A:$O, 9, FALSE), "") | D36: =IFERROR(VLOOKUP($B$7&"_"&$A36, Aerosol_BOM!$A:$O, 8, FALSE), "") | E36: =IFERROR(VLOOKUP($B$7&"_"&$A36, Aerosol_BOM!$A:$O, 13, FALSE) * $B$8 / 1000, "") | F36: =IFERROR(VLOOKUP($B$7&"_"&$A36, Aerosol_BOM!$A:$O, 10, FALSE), "")
A38: 3. SPECIFICATION
A39: Can Type | B39: =IFERROR(VLOOKUP($B$7, Products_DB!A:O, 4, FALSE), "") | C39: Can Diameter | D39: =IFERROR(VLOOKUP($B$7, Products_DB!A:O, 5, FALSE), "") | E39: Can Height | F39: =IFERROR(VLOOKUP($B$7, Products_DB!A:O, 6, FALSE), "")
A40: Neck Opening | B40: =IFERROR(VLOOKUP($B$7, Products_DB!A:O, 7, FALSE), "") | C40: Wall Thickness | D40: =IFERROR(VLOOKUP($B$7, Products_DB!A:O, 8, FALSE), "") | E40: Dome Thickness | F40: =IFERROR(VLOOKUP($B$7, Products_DB!A:O, 9, FALSE), "")
A41: Internal Coating | B41: =IFERROR(VLOOKUP($B$7, Products_DB!A:O, 10, FALSE), "") | C41: Base Coat Color | D41: =IFERROR(VLOOKUP($B$7, Products_DB!A:O, 11, FALSE), "") | E41: Print Colors | F41: =IFERROR(VLOOKUP($B$7, Products_DB!A:O, 12, FALSE), "")
A42: Varnish Type | B42: =IFERROR(VLOOKUP($B$7, Products_DB!A:O, 13, FALSE), "") | C42: Packing Standard | D42: =IFERROR(VLOOKUP($B$7, Products_DB!A:O, 14, FALSE), "") | E42: Special Instructions | F42: =F8
A44: 4. APPROVAL / SIGN-OFF
A45: Planning | B45: Store | C45: Production | D45: Quality

Sheet Aerosol_BOM
A1: LookupKey | B1: P.ID | C1: BOM ID | D1: Customer | E1: Product Name | F1: Dia | G1: Material Group | H1: Item ID | I1: Item Name | J1: UOM | K1: Net Qty / 1000 | L1: Waste + Tolerance | M1: Gross Qty / 1000 | N1: Remarks | O1: Calculations
A2: =$E$2&"_"&COUNTIF($E$2:$E$2, $E$2) | B2: 9001 | C2: 100 | D2: Aerosol Customer | E2: Aerosol Can 45mm | F2: 45 | G2: Aluminum Slugs | H2: 501 | I2: 45mm Aluminum Slug | J2: kg | K2: 20 | L2: 0.1 | M2: 22.222222 | O2: Slug weight per can × 1000. Fixed material input.
A3: =$E$3&"_"&COUNTIF($E$2:$E$3, $E$3) | B3: 9001 | C3: 100 | D3: Aerosol Customer | E3: Aerosol Can 45mm | F3: 45 | G3: Lubricant | H3: 502 | I3: SAPILUB LUBRIMET GR8 | J3: kg | K3: 0.021 | L3: 0.1 | M3: 0.023333333 | N3: 105g per 100kg slugs × 20kg slugs/1000 = 0.021 kg/1000. (Ref: LUBRIMET GR8 TDS) | O3: 105g per 100kg slugs × 20kg slugs/1000 = 0.021 kg/1000. (Ref: LUBRIMET GR8 TDS)
A4: =$E$4&"_"&COUNTIF($E$2:$E$4, $E$4) | B4: 9001 | C4: 100 | D4: Aerosol Customer | E4: Aerosol Can 45mm | F4: 45 | G4: Cleaner | H4: 503 | I4: SAPILUB ALULIQUID 13 | J4: kg | K4: 5 | L4: 0.1 | M4: 5.5555556 | N4: Empirical / supplier recommendation. No TDS rate available. | O4: Empirical / supplier recommendation. No TDS rate available.
A5: =$E$5&"_"&COUNTIF($E$2:$E$5, $E$5) | B5: 9001 | C5: 100 | D5: Aerosol Customer | E5: Aerosol Can 45mm | F5: 45 | G5: Lacquer | H5: 504 | I5: SCHEKOSOL INT PROT Gold (400 9 901) | J5: kg | K5: 1.045 | L5: 0.1 | M5: 1.1611111 | N5: Can inner surface area (0.02375 m²) × High-end TDS wet film (44.0 g/m²) = 1.045 g/can = 1.045 kg/1000 | O5: Can inner surface area (0.02375 m²) × High-end TDS wet film (44.0 g/m²) = 1.045 g/can = 1.045 kg/1000
A6: =$E$6&"_"&COUNTIF($E$2:$E$6, $E$6) | B6: 9001 | C6: 100 | D6: Aerosol Customer | E6: Aerosol Can 45mm | F6: 45 | G6: Lacquer | H6: 505 | I6: SCHEKOSOL INT BEIGE (400 4 902) | J6: kg | K6: 1.14 | L6: 0.1 | M6: 1.2666667 | N6: Can inner surface area (0.02375 m²) × High-end TDS wet film (48.0 g/m²) = 1.140 g/can = 1.140 kg/1000 | O6: Can inner surface area (0.02375 m²) × High-end TDS wet film (48.0 g/m²) = 1.140 g/can = 1.140 kg/1000
A7: =$E$7&"_"&COUNTIF($E$2:$E$7, $E$7) | B7: 9001 | C7: 100 | D7: Aerosol Customer | E7: Aerosol Can 45mm | F7: 45 | G7: Base Coat | H7: 506 | I7: SCHEKOSOL WH BC (422 0 903) | J7: kg | K7: 0.973 | L7: 0.1 | M7: 1.0811111 | N7: Can outer surface area (0.02262 m²) × High-end TDS wet film (43.0 g/m²) = 0.973 g/can = 0.973 kg/1000 | O7: Can outer surface area (0.02262 m²) × High-end TDS wet film (43.0 g/m²) = 0.973 g/can = 0.973 kg/1000
A8: =$E$8&"_"&COUNTIF($E$2:$E$8, $E$8) | B8: 9001 | C8: 100 | D8: Aerosol Customer | E8: Aerosol Can 45mm | F8: 45 | G8: Base Coat | H8: 507 | I8: SCHEKOSOL CLEAR BC (422 9 918) | J8: kg | K8: 0.701 | L8: 0.1 | M8: 0.77888889 | N8: Can outer surface area (0.02262 m²) × High-end TDS wet film (31.0 g/m²) = 0.701 g/can = 0.701 kg/1000 | O8: Can outer surface area (0.02262 m²) × High-end TDS wet film (31.0 g/m²) = 0.701 g/can = 0.701 kg/1000
A9: =$E$9&"_"&COUNTIF($E$2:$E$9, $E$9) | B9: 9001 | C9: 100 | D9: Aerosol Customer | E9: Aerosol Can 45mm | F9: 45 | G9: Varnish | H9: 508 | I9: SCHEKOSOL OPV GLOSSY (422 9 900) | J9: kg | K9: 0.43 | L9: 0.1 | M9: 0.47777778 | N9: Can outer surface area (0.02262 m²) × High-end TDS wet film (19.0 g/m²) = 0.430 g/can = 0.430 kg/1000 | O9: Can outer surface area (0.02262 m²) × High-end TDS wet film (19.0 g/m²) = 0.430 g/can = 0.430 kg/1000
A10: =$E$10&"_"&COUNTIF($E$2:$E$10, $E$10) | B10: 9001 | C10: 100 | D10: Aerosol Customer | E10: Aerosol Can 45mm | F10: 45 | G10: Varnish | H10: 509 | I10: SCHEKOSOL OPV SILKMATT (422 9 903) | J10: kg | K10: 0.385 | L10: 0.1 | M10: 0.42777778 | N10: Can outer surface area (0.02262 m²) × High-end TDS wet film (17.0 g/m²) = 0.385 g/can = 0.385 kg/1000 | O10: Can outer surface area (0.02262 m²) × High-end TDS wet film (17.0 g/m²) = 0.385 g/can = 0.385 kg/1000
A11: =$E$11&"_"&COUNTIF($E$2:$E$11, $E$11) | B11: 9001 | C11: 100 | D11: Aerosol Customer | E11: Aerosol Can 45mm | F11: 45 | G11: Ink | H11: 510 | I11: SunAltec MB PLUS 169766 OPAQUE WHITE | J11: kg | K11: 0.28 | L11: 0.1 | M11: 0.31111111 | N11: Ink usage varies by print design, coverage area, and number of colors. | O11: Dry-offset ink per print station per can ≈ 0.28 g/can = 0.280 kg/1000.
A12: =$E$12&"_"&COUNTIF($E$2:$E$12, $E$12) | B12: 9001 | C12: 100 | D12: Aerosol Customer | E12: Aerosol Can 45mm | F12: 45 | G12: Ink | H12: 599 | I12: 11069 UV INK YELLOW (168391) AEROSOL | J12: kg | K12: 0.28 | L12: 0.1 | M12: 0.31111111 | N12: Ink usage varies by print design, coverage area, and number of colors. | O12: Dry-offset ink per print station per can ≈ 0.28 g/can = 0.280 kg/1000.
A13: =$E$13&"_"&COUNTIF($E$2:$E$13, $E$13) | B13: 9001 | C13: 100 | D13: Aerosol Customer | E13: Aerosol Can 45mm | F13: 45 | G13: Ink | H13: 600 | I13: 11070 UV INK MAGENTA (168396) AEROSOL | J13: kg | K13: 0.28 | L13: 0.1 | M13: 0.31111111 | N13: Ink usage varies by print design, coverage area, and number of colors. | O13: Dry-offset ink per print station per can ≈ 0.28 g/can = 0.280 kg/1000.
A14: =$E$14&"_"&COUNTIF($E$2:$E$14, $E$14) | B14: 9001 | C14: 100 | D14: Aerosol Customer | E14: Aerosol Can 45mm | F14: 45 | G14: Ink | H14: 601 | I14: 11071 UV INK BLACK (401295) AEROSOL | J14: kg | K14: 0.28 | L14: 0.1 | M14: 0.31111111 | N14: Ink usage varies by print design, coverage area, and number of colors. | O14: Dry-offset ink per print station per can ≈ 0.28 g/can = 0.280 kg/1000.
A15: =$E$15&"_"&COUNTIF($E$2:$E$15, $E$15) | B15: 9001 | C15: 100 | D15: Aerosol Customer | E15: Aerosol Can 45mm | F15: 45 | G15: Ink | H15: 602 | I15: 11072 UV INK TRANSPARENT WHITE (169167) AEROSOL | J15: kg | K15: 0.28 | L15: 0.1 | M15: 0.31111111 | N15: Ink usage varies by print design, coverage area, and number of colors. | O15: Dry-offset ink per print station per can ≈ 0.28 g/can = 0.280 kg/1000.
A16: =$E$16&"_"&COUNTIF($E$2:$E$16, $E$16) | B16: 9001 | C16: 100 | D16: Aerosol Customer | E16: Aerosol Can 45mm | F16: 45 | G16: Ink | H16: 603 | I16: 11065 UV INK REFLEX BLUE (168402) AEROSOL | J16: kg | K16: 0.28 | L16: 0.1 | M16: 0.31111111 | N16: Ink usage varies by print design, coverage area, and number of colors. | O16: Dry-offset ink per print station per can ≈ 0.28 g/can = 0.280 kg/1000.
A17: =$E$17&"_"&COUNTIF($E$2:$E$17, $E$17) | B17: 9001 | C17: 100 | D17: Aerosol Customer | E17: Aerosol Can 45mm | F17: 45 | G17: Ink | H17: 604 | I17: 11066 UV INK RHODAMINE (168397) AEROSOL | J17: kg | K17: 0.28 | L17: 0.1 | M17: 0.31111111 | N17: Ink usage varies by print design, coverage area, and number of colors. | O17: Dry-offset ink per print station per can ≈ 0.28 g/can = 0.280 kg/1000.
A18: =$E$18&"_"&COUNTIF($E$2:$E$18, $E$18) | B18: 9001 | C18: 100 | D18: Aerosol Customer | E18: Aerosol Can 45mm | F18: 45 | G18: Ink | H18: 605 | I18: 11067 UV INK PURPLE (168398) AEROSOL | J18: kg | K18: 0.28 | L18: 0.1 | M18: 0.31111111 | N18: Ink usage varies by print design, coverage area, and number of colors. | O18: Dry-offset ink per print station per can ≈ 0.28 g/can = 0.280 kg/1000.
A19: =$E$19&"_"&COUNTIF($E$2:$E$19, $E$19) | B19: 9001 | C19: 100 | D19: Aerosol Customer | E19: Aerosol Can 45mm | F19: 45 | G19: Ink | H19: 606 | I19: 11068 UV INK VIOLET (168399) AEROSOL | J19: kg | K19: 0.28 | L19: 0.1 | M19: 0.31111111 | N19: Ink usage varies by print design, coverage area, and number of colors. | O19: Dry-offset ink per print station per can ≈ 0.28 g/can = 0.280 kg/1000.
A20: =$E$20&"_"&COUNTIF($E$2:$E$20, $E$20) | B20: 9001 | C20: 100 | D20: Aerosol Customer | E20: Aerosol Can 45mm | F20: 45 | G20: Ink | H20: 607 | I20: 11074 UV INK RED 032 (156358/CF01) AEROSOL | J20: kg | K20: 0.28 | L20: 0.1 | M20: 0.31111111 | N20: Ink usage varies by print design, coverage area, and number of colors. | O20: Dry-offset ink per print station per can ≈ 0.28 g/can = 0.280 kg/1000.
A21: =$E$21&"_"&COUNTIF($E$2:$E$21, $E$21) | B21: 9001 | C21: 100 | D21: Aerosol Customer | E21: Aerosol Can 45mm | F21: 45 | G21: Ink | H21: 608 | I21: 11073 UV INK CYAN (168400) AEROSOL | J21: kg | K21: 0.28 | L21: 0.1 | M21: 0.31111111 | N21: Ink usage varies by print design, coverage area, and number of colors. | O21: Dry-offset ink per print station per can ≈ 0.28 g/can = 0.280 kg/1000.
A22: =$E$22&"_"&COUNTIF($E$2:$E$22, $E$22) | B22: 9001 | C22: 100 | D22: Aerosol Customer | E22: Aerosol Can 45mm | F22: 45 | G22: Ink | H22: 609 | I22: 11075 UV INK OPAQUE WHITE (400050) AEROSOL | J22: kg | K22: 0.28 | L22: 0.1 | M22: 0.31111111 | N22: Ink usage varies by print design, coverage area, and number of colors. | O22: Dry-offset ink per print station per can ≈ 0.28 g/can = 0.280 kg/1000.

Sheet Products_DB
A1: Product Name | B1: Product ID | C1: Customer | D1: Can Type | E1: Can Diameter | F1: Can Height | G1: Neck Opening | H1: Wall Thickness | I1: Dome Thickness | J1: Internal Coating | K1: Base Coat Color | L1: Print Colors | M1: Varnish Type | N1: Packing Standard | P1: Dates_List
A2: Aerosol Can 45mm | B2: 9001 | C2: Aerosol Customer | D2: Necked-in | E2: 45mm | F2: 150mm | G2: 1 inch | H2: 0.35mm | I2: 0.35mm | J2: Epoxy Gold | K2: White | L2: 4 Colors | M2: Glossy | N2: 100 per Carton | P2: 08-Jul-2026
P3: 09-Jul-2026
P4: 10-Jul-2026
P5: 11-Jul-2026
P6: 12-Jul-2026
P7: 13-Jul-2026
P8: 14-Jul-2026
P9: 15-Jul-2026
P10: 16-Jul-2026
P11: 17-Jul-2026
P12: 18-Jul-2026
P13: 19-Jul-2026
P14: 20-Jul-2026
... P31: 06-Aug-2026
